,E001,E002,E003,E004,E005,E006,E007,E008,E009,E010,E011,E012,E013,E014,E015,E016,E017,E018,E019,E020,E021,E022,E023,E024,E025,E026,E027,E028,E029,E030,E031,E032,E033,E034,E035,E036,E037,E038,E039,E040,E041,E042,E043,E044,E045,E046,E047,E048,E049,E050,E051,E052,E053,E054,E055,E056,E057,E058,E059,E060,E061,E062,E063,E064,E065,E066,E067,E068,E069,E070,E071,E072,E073,E074,E075,E076,E077,E078,E079,E080,E081,E082,E083,E084,E085,E086,E087,E088,E089,E090,E091,E092,E093,E094,E095,E096,E097,E098,E099,E100,E101,E102,E103,E104,E105,E106,E107,E108,E109,E110,E111,E112,E113,E114,E115,E116,E117,E118,E119,E120,E121,E122,E123,E124,E125,E126,E127,E128,E129,E130,E131,E132,E133,E134,E135,E136,E137,E138,E139,E140,E141,E142,E143,E144,E145,E146,E147,E148,E149,E150,E151,E152,E153,E154,E155,E156,E157,E158,E159,E160,E161,E162,E163,P001,P002,P003,P004,P005,P006,P007,P008,P009,P010,P011,P012,P013,P014,P015,P016,P017,P018,P019,P020,P021,P022,P023,P024,P025,P026,P027,P028,P029,P030,P031,P032,P033,P034,P035,P036,P037,P038,P039,P040,P041,P042,P043,P044,P045,P046,P047,P048,P049,P050,P051,P052,P053,P054,P055,P056,P057,P058,P059,P060,P061,P062,P063,P064,P065,P066,P067,P068,P069,P070,P071,P072,P073,P074,P075,P076,P077,P078,P079
E001,0.0,1.271,1.246,1.194,1.69,2.055,0.76,2.04,1.64,1.147,1.484,1.19,3.28,3.578,2.815,3.08,2.987,1.79,3.205,2.438,2.987,1.955,1.826,1.81,2.258,15.383,2.493,3.175,3.248,1.972,1.996,3.002,1.727,1.157,1.001,1.169,1.075,1.734,1.766,0.909,0.531,0.675,1.288,1.506,1.158,0.697,0.573,0.738,1.591,1.676,0.911,0.802,0.448,0.761,0.78,0.799,0.861,0.258,0.699,0.74,2.684,1.924,3.089,1.656,2.072,1.907,2.854,2.316,2.162,1.914,2.422,1.829,1.985,2.407,1.889,2.067,1.657,3.097,2.462,2.15,2.858,2.88,3.246,2.169,2.591,3.043,3.05,2.264,2.15,2.078,2.713,2.748,2.393,2.3,2.165,2.306,1.717,1.564,2.42,2.172,2.484,4.006,3.287,3.757,1.813,2.984,2.829,5.052,1.878,1.086,1.722,2.166,2.691,2.763,304.552,1.01,1.935,238.123,4.465,21.767,3.492,3.242,3.151,57.119,3.136,3.09,3.074,3.283,4.348,4.087,8.673,4.277,4.261,4.405,3.431,5.085,5.073,3.227,5.133,2.499,2.946,4.036,3.648,4.931,5.409,2.578,8.549,8.189,9.507,0.931,7.739,7.634,10.033,8.172,8.189,6.405,9.035,7.678,6.976,7.437,7.069,7.159,7.449,1.283,0.303,2.175,2.443,0.872,0.423,6.382,3.809,3.66,7.186,14.661,1.73,7.203,10.403,25.361,12.976,2.37,13.25,2.699,3.829,3.345,2.37,12.465,3.029,5.622,4.314,6.032,2.886,10.17,11.629,5.083,4.657,3.201,3.006,5.509,9.009,12.482,9.018,4.131,4.451,4.684,6.608,6.612,5.631,3.892,3.369,3.065,5.167,2.806,5.133,10.078,11.026,7.8,7.198,9.483,10.775,7.57,12.22,6.115,18.933,15.391,17.042,16.486,22.886,33.806,33.908,13.179,21.566,13.371,21.726,51.457,41.446,2.204,28.175,28.624,20.425,27.156,11.301,27.91
E002,1.195,0.0,0.737,0.412,0.631,1.546,0.435,0.834,0.681,0.758,0.975,0.291,2.771,3.069,2.306,2.571,2.479,1.281,2.696,1.929,2.479,1.446,1.177,1.301,1.749,14.875,1.984,2.667,2.74,1.463,1.487,2.493,1.218,1.137,1.579,2.682,1.653,1.923,1.58,1.756,1.931,1.788,0.946,0.675,1.47,1.765,1.89,1.368,0.945,1.03,1.218,1.304,2.014,1.702,1.683,1.663,1.634,0.937,0.497,1.722,1.346,0.718,1.884,1.147,1.309,1.399,1.649,1.11,0.884,1.151,1.784,1.066,0.78,1.769,0.683,1.304,1.148,1.891,1.256,0.944,1.652,1.542,1.908,0.831,1.253,1.705,1.712,0.926,0.944,0.74,1.507,1.41,2.465,2.372,0.827,1.826,1.979,1.449,1.081,0.834,2.556,4.195,3.476,3.946,2.002,3.056,3.018,5.403,3.11,1.664,2.954,3.398,2.88,3.995,304.043,1.588,3.156,237.615,4.757,21.642,3.843,3.592,3.502,57.308,3.487,3.441,3.424,3.633,4.223,3.962,8.548,4.634,4.245,4.28,3.782,4.959,4.564,2.718,4.625,1.99,2.437,3.527,3.139,4.422,4.9,2.069,8.04,7.68,8.998,1.243,7.23,7.125,9.524,7.664,7.68,5.896,8.526,7.169,6.85,7.311,6.944,7.034,7.324,0.895,0.892,1.666,1.934,1.278,0.809,5.873,3.301,3.151,6.677,14.152,1.222,6.695,9.895,24.852,12.467,1.732,12.741,1.493,2.623,2.255,1.732,11.956,1.823,4.417,3.108,4.826,1.548,8.964,11.121,3.877,3.451,1.996,1.668,5.698,9.198,12.671,7.812,5.364,5.684,5.917,6.482,6.487,5.506,3.383,2.861,2.556,4.658,2.297,4.625,9.569,10.518,7.291,6.689,8.974,10.267,7.061,11.711,5.989,17.727,14.185,15.836,15.281,21.68,33.681,33.782,13.368,21.755,13.561,21.217,50.948,40.937,0.866,26.969,27.418,19.219,26.647,10.095,27.401
E003,1.236,1.062,0.0,0.939,0.43,0.795,0.962,0.78,0.38,0.479,0.696,0.522,2.492,2.791,2.027,2.293,2.2,1.002,2.417,1.65,2.2,1.168,1.038,1.022,1.47,14.596,1.705,2.388,2.461,1.184,1.208,2.214,0.939,1.657,2.071,2.403,2.145,2.443,1.744,1.477,1.652,1.509,1.466,1.195,1.191,1.486,1.611,1.887,1.472,1.557,1.738,1.823,1.735,1.423,1.404,1.384,1.355,0.978,1.024,1.443,1.424,0.664,1.829,0.868,1.229,1.12,1.594,1.056,0.83,1.071,1.73,0.986,0.726,1.714,0.629,1.387,0.869,1.837,1.202,0.89,1.598,1.62,1.986,0.909,1.331,1.783,1.79,1.004,0.89,0.818,1.453,1.488,3.102,2.45,0.905,1.904,2.143,1.613,1.16,0.912,2.634,4.715,3.996,4.466,2.522,3.134,3.538,5.124,2.832,2.156,2.675,3.12,3.4,3.717,303.764,2.08,2.877,237.336,4.478,21.363,3.564,3.314,3.223,57.828,3.208,3.162,3.146,3.355,3.944,3.683,8.269,4.355,3.966,4.001,3.503,4.681,4.285,2.439,4.346,1.712,2.158,3.248,2.861,4.143,4.621,1.79,7.761,7.402,8.72,0.964,6.951,6.846,9.245,7.385,7.402,5.617,8.248,6.89,6.572,7.033,6.665,6.755,7.045,0.616,0.933,1.387,1.655,2.08,0.85,5.594,3.022,2.872,6.399,13.873,0.943,6.416,9.616,24.573,12.188,1.678,12.462,1.439,2.569,2.201,1.678,11.678,1.769,4.362,3.054,4.772,1.626,8.91,10.842,3.823,3.397,1.941,1.746,6.218,9.718,13.191,7.758,5.085,5.405,5.638,6.204,6.208,5.227,3.104,2.582,2.277,4.38,2.018,4.346,9.29,10.239,7.013,6.41,8.695,9.988,6.782,11.432,5.711,17.673,14.131,15.782,15.226,21.626,33.403,33.504,13.888,22.274,14.08,20.938,50.669,40.658,0.944,26.915,27.364,19.165,26.369,10.041,27.122
E004,1.278,0.317,0.82,0.0,0.915,0.577,0.517,1.118,0.965,0.84,1.058,0.374,2.854,3.152,2.389,2.654,2.561,1.364,2.779,2.011,2.561,1.529,1.46,1.384,1.831,14.957,2.067,2.749,2.822,1.545,1.569,2.576,1.3,0.726,1.517,1.685,1.591,1.511,1.1,1.426,1.162,1.255,0.534,0.263,1.552,1.277,1.153,0.956,1.027,1.112,0.807,0.892,1.245,1.341,1.36,1.379,1.441,1.02,0.579,1.321,1.63,1.002,2.167,1.23,1.592,1.481,1.932,1.394,1.167,1.435,2.068,1.349,1.063,2.052,0.967,1.587,1.23,2.175,1.54,1.228,1.936,1.825,2.192,1.114,1.537,1.989,1.996,1.209,1.228,1.023,1.791,1.694,2.171,2.078,1.111,2.083,1.495,0.969,1.365,0.562,2.261,3.784,3.064,3.534,1.59,2.761,2.607,5.486,2.716,1.603,2.238,2.683,2.468,3.28,304.126,1.527,2.452,237.697,4.839,21.725,3.925,3.675,3.584,56.897,3.57,3.524,3.507,3.716,4.305,4.044,8.631,4.716,4.328,4.362,3.865,5.042,4.646,2.8,4.707,2.073,2.52,3.609,3.222,4.505,4.983,2.151,8.123,7.763,9.081,1.326,7.312,7.207,9.606,7.746,7.763,5.979,8.609,7.252,6.933,7.394,7.026,7.116,7.406,0.977,0.975,1.749,2.017,1.149,0.891,5.955,3.383,3.233,6.76,14.234,1.304,6.777,9.977,24.934,12.55,2.016,12.824,1.777,2.907,2.539,2.016,12.039,2.107,4.7,3.392,5.109,1.831,9.248,11.203,4.161,3.735,2.279,1.952,5.286,8.786,12.26,8.096,4.648,4.968,5.201,6.565,6.569,5.588,3.466,2.943,2.639,4.741,2.38,4.707,9.651,10.6,7.374,6.772,9.057,10.349,7.144,11.793,6.072,18.011,14.468,16.12,15.564,21.964,33.764,33.865,12.957,21.343,13.149,21.299,51.031,41.02,0.725,27.253,27.701,19.503,26.73,10.379,27.483
E005,1.681,0.632,0.43,0.673,0.0,0.365,0.923,0.35,0.05,0.923,0.878,0.966,2.808,3.235,2.343,2.737,2.644,0.839,2.862,2.094,2.644,1.483,0.546,1.338,1.786,15.158,2.02,2.832,2.905,0.722,1.523,2.659,1.254,1.227,2.018,2.187,2.092,2.012,1.314,1.921,1.663,1.756,1.035,0.764,1.635,1.778,1.654,1.457,1.433,1.518,1.308,1.393,1.746,1.867,1.848,1.829,1.799,1.423,0.985,1.822,0.994,0.234,1.399,0.537,0.678,0.956,1.164,0.625,0.768,0.52,1.154,0.435,0.295,1.138,0.199,0.673,0.795,1.407,0.772,0.46,1.168,1.189,1.556,0.478,0.901,1.353,1.36,0.574,0.46,0.387,1.022,1.058,2.672,2.02,0.475,1.474,1.713,1.183,0.729,0.482,2.203,4.285,3.565,4.035,2.091,2.703,3.108,5.569,3.276,2.104,3.119,3.564,2.969,4.161,304.327,2.028,2.953,237.898,5.04,21.808,4.008,3.758,3.667,57.398,3.652,3.607,3.59,3.799,4.388,4.127,8.714,4.917,4.411,4.445,3.948,5.125,4.847,2.883,4.908,2.156,2.603,3.81,3.423,4.706,5.184,2.234,8.324,7.964,9.282,1.409,7.514,7.409,9.807,7.947,7.964,6.18,8.81,7.453,7.016,7.477,7.109,7.199,7.489,1.06,1.377,1.832,2.099,1.65,1.294,6.038,3.466,3.316,6.843,14.435,1.143,6.35,10.817,25.135,13.39,1.101,13.664,1.008,2.139,1.771,1.101,12.122,1.339,3.932,2.624,4.341,1.196,8.48,11.404,3.393,2.967,1.511,1.316,5.787,9.287,12.761,7.328,5.529,5.849,6.082,6.648,6.652,5.671,3.549,3.026,2.722,4.942,2.581,4.908,9.852,10.801,7.575,6.973,9.258,10.55,7.345,11.994,6.155,17.242,13.7,15.352,14.796,21.195,33.847,33.948,13.458,21.844,13.65,21.5,51.232,41.221,0.514,26.485,26.933,18.735,26.931,9.611,27.685
E006,2.045,0.941,0.795,0.335,0.364,0.0,1.771,0.567,0.415,1.288,1.243,1.331,3.172,3.599,2.707,3.101,3.009,1.203,3.226,2.459,3.009,1.847,0.91,1.702,2.15,15.523,2.385,3.197,3.27,1.086,1.888,3.023,1.619,0.889,1.68,1.849,1.754,1.674,0.976,1.589,1.325,1.418,0.697,0.426,1.736,1.44,1.316,1.119,2.281,2.366,0.97,1.055,1.408,1.504,1.523,1.542,1.604,1.787,1.833,1.484,1.08,0.452,1.617,0.901,1.042,1.321,1.382,0.843,0.617,0.885,1.518,0.799,0.513,1.502,0.417,1.037,1.159,1.625,0.99,0.678,1.386,1.275,1.641,0.564,0.987,1.438,1.446,0.659,0.678,0.473,1.24,1.144,2.334,2.241,0.56,1.559,1.375,0.845,0.815,0.437,2.424,3.946,3.227,3.697,1.753,2.924,2.77,5.933,2.879,1.766,2.401,2.846,2.631,3.443,304.691,1.69,2.615,238.263,5.405,22.172,4.373,4.122,4.032,57.06,4.017,3.971,3.954,4.163,4.753,4.492,9.078,5.282,4.775,4.81,4.312,5.489,5.212,3.248,5.273,2.521,2.967,4.175,3.788,5.07,5.548,2.599,8.688,8.329,9.647,1.773,7.878,7.773,10.172,8.312,8.329,6.544,9.175,7.817,7.38,7.841,7.473,7.564,7.854,1.425,1.742,2.196,2.464,1.312,1.659,6.403,3.83,3.681,7.207,14.8,1.507,6.568,11.035,25.5,13.608,1.465,13.882,1.226,2.357,1.989,1.465,12.486,1.557,4.15,2.841,4.559,1.281,8.698,11.769,3.61,3.184,1.729,1.401,5.449,8.95,12.423,7.545,4.811,5.131,5.364,7.012,7.016,6.036,3.913,3.391,3.086,5.306,2.945,5.273,10.217,11.166,7.939,7.338,9.623,10.915,7.709,12.359,6.519,17.46,13.918,15.57,15.014,21.413,34.211,34.312,13.12,21.506,13.312,21.865,51.596,41.585,0.6,26.702,27.151,18.953,27.295,9.829,28.049
E007,0.76,0.51,0.858,0.434,1.302,1.011,0.0,1.202,1.252,0.758,1.096,0.567,2.892,3.19,2.427,2.692,2.599,1.402,2.817,2.05,2.599,1.567,1.438,1.422,1.87,14.995,2.105,2.788,2.86,1.584,1.607,2.614,1.339,1.16,1.465,2.282,1.539,1.945,1.534,1.395,1.11,1.427,0.968,0.697,1.109,1.404,1.529,1.03,0.831,0.916,1.241,1.094,1.193,1.341,1.322,1.302,1.273,0.502,0.062,1.361,1.714,1.086,2.251,1.268,1.684,1.519,2.016,1.477,1.251,1.526,2.034,1.441,1.147,2.019,1.051,1.679,1.269,2.259,1.624,1.312,2.02,1.909,2.275,1.198,1.621,2.072,2.08,1.293,1.312,1.107,1.874,1.778,2.605,2.511,1.194,2.193,1.929,1.403,1.449,0.996,2.695,4.217,3.498,3.968,2.024,3.195,3.041,5.003,2.711,1.55,2.554,2.998,2.902,3.595,304.164,1.474,2.756,237.735,4.416,21.718,3.443,3.192,3.102,57.33,3.087,3.041,3.024,3.233,4.299,4.038,8.624,4.228,4.212,4.356,3.382,5.035,4.685,2.838,4.745,2.111,2.558,3.648,3.26,4.543,5.021,2.189,8.161,7.801,9.119,0.882,7.351,7.246,9.645,7.785,7.801,6.017,8.647,7.29,6.927,7.388,7.02,7.11,7.4,0.895,0.457,1.787,2.055,1.164,0.374,5.994,3.421,3.272,6.798,14.273,1.343,6.815,10.015,24.973,12.588,1.982,12.862,1.86,2.991,2.623,1.982,12.077,2.191,4.784,3.476,5.193,1.915,9.332,11.241,4.244,3.819,2.363,2.035,5.72,9.22,12.694,8.18,4.963,5.284,5.517,6.559,6.563,5.582,3.504,2.982,2.677,4.779,2.418,4.745,9.69,10.638,7.412,6.81,9.095,10.387,7.182,11.832,6.066,18.094,14.552,16.204,15.648,22.047,33.758,33.859,13.39,21.777,13.583,21.338,51.069,41.058,1.158,27.337,27.785,19.587,26.768,10.463,27.522
E008,2.03,0.834,0.779,0.875,0.349,0.567,1.126,0.0,0.4,1.272,1.228,1.315,3.264,3.809,2.799,3.311,3.218,1.294,3.436,2.668,3.218,1.939,0.895,1.794,2.241,15.614,2.476,3.406,3.479,1.177,1.979,3.233,1.71,1.429,2.221,2.389,2.295,2.215,1.516,2.13,1.866,1.958,1.238,0.967,1.984,1.981,1.856,1.66,1.636,1.721,1.51,1.595,1.949,2.045,2.063,2.083,2.148,1.772,1.188,2.024,1.197,0.206,1.371,0.886,0.14,1.412,1.136,0.598,0.05,0.297,1.272,0.383,0.267,1.256,0.151,0.258,1.144,1.379,0.744,0.432,1.14,1.384,1.758,0.681,1.103,1.555,1.562,0.776,0.432,0.59,0.995,1.261,2.874,2.222,0.677,1.676,1.915,1.385,0.932,0.684,2.406,4.487,3.768,4.238,2.294,2.906,3.31,5.918,3.42,2.306,2.942,3.386,3.172,3.983,304.783,2.23,3.155,238.354,5.496,22.157,4.357,4.107,4.016,57.6,4.002,3.956,3.939,4.148,4.737,4.476,9.063,5.373,4.76,4.795,4.297,5.474,5.303,3.232,5.364,2.505,2.952,4.266,3.879,5.162,5.64,2.583,8.78,8.42,9.738,1.758,7.97,7.864,10.263,8.403,8.42,6.636,9.266,7.909,7.365,7.826,7.458,7.548,7.838,1.409,1.726,2.181,2.449,1.852,1.643,6.612,4.04,3.89,7.417,14.891,1.599,6.322,10.789,25.591,13.362,1.22,13.636,0.981,2.111,1.743,1.22,12.696,1.311,3.904,2.596,4.314,1.398,8.452,11.86,3.365,2.939,1.483,1.518,5.99,9.49,12.963,7.3,5.351,5.671,5.904,6.997,7.001,6.02,3.898,3.375,3.071,5.398,3.037,5.364,10.308,11.257,8.031,7.429,9.714,11.006,7.801,12.45,6.504,17.215,13.672,15.324,14.768,21.168,34.196,34.297,13.66,22.047,13.852,21.956,51.688,41.677,0.716,26.457,26.905,18.707,27.387,9.583,28.14
E009,1.63,0.682,0.38,0.723,0.05,0.415,0.974,0.4,0.0,0.873,0.828,0.916,2.757,3.184,2.292,2.687,2.594,0.788,2.811,2.044,2.594,1.433,0.495,1.287,1.735,15.108,1.97,2.782,2.855,0.671,1.473,2.608,1.204,1.277,2.069,2.237,2.143,2.063,1.364,1.871,1.714,1.806,1.086,0.815,1.585,1.829,1.704,1.508,1.484,1.569,1.358,1.443,1.797,1.817,1.798,1.778,1.749,1.372,1.035,1.837,1.044,0.284,1.449,0.486,0.627,0.906,1.214,0.676,0.717,0.47,1.103,0.384,0.345,1.087,0.249,0.622,0.744,1.457,0.822,0.51,1.218,1.24,1.606,0.529,0.951,1.403,1.41,0.624,0.51,0.438,1.073,1.109,2.722,2.07,0.525,1.524,1.763,1.233,0.78,0.532,2.254,4.335,3.616,4.086,2.142,2.754,3.158,5.518,3.225,2.154,3.069,3.513,3.02,4.111,304.276,2.078,3.271,237.848,4.99,21.757,3.958,3.708,3.617,57.448,3.602,3.556,3.539,3.748,4.338,4.077,8.663,4.867,4.36,4.395,3.897,5.074,4.797,2.833,4.858,2.106,2.552,3.76,3.373,4.655,5.133,2.184,8.274,7.914,9.232,1.358,7.463,7.358,9.757,7.897,7.914,6.129,8.76,7.402,6.965,7.426,7.059,7.149,7.439,1.01,1.327,1.781,2.049,1.7,1.244,5.988,3.416,3.266,6.792,14.385,1.092,6.4,10.867,25.085,13.44,1.051,13.714,1.059,2.189,1.821,1.051,12.071,1.389,3.982,2.674,4.392,1.246,8.53,11.354,3.443,3.017,1.561,1.366,5.838,9.338,12.811,7.378,5.479,5.799,6.032,6.597,6.602,5.621,3.498,2.976,2.671,4.892,2.53,4.858,9.802,10.751,7.525,6.923,9.208,10.5,7.295,11.944,6.105,17.293,13.751,15.402,14.847,21.246,33.796,33.898,13.508,21.895,13.7,21.45,51.181,41.17,0.564,26.535,26.984,18.785,26.881,9.661,27.634
E010,1.22,0.879,0.442,0.802,0.886,1.251,0.826,1.236,0.836,0.0,0.68,0.385,2.476,2.774,2.011,2.276,2.183,0.986,2.401,1.633,2.183,1.151,1.022,1.006,1.454,14.579,1.689,2.371,2.444,1.167,1.191,2.198,0.922,2.113,2.054,2.387,2.128,2.899,2.2,1.461,1.635,1.492,1.921,1.651,1.174,1.47,1.594,1.791,1.336,1.421,2.194,2.279,1.719,1.406,1.387,1.368,1.339,0.962,0.887,1.427,1.88,1.12,2.285,0.852,1.268,1.103,2.05,1.512,1.358,1.11,1.618,1.025,1.181,1.603,1.085,1.263,0.853,2.293,1.658,1.346,2.054,2.076,2.442,1.365,1.787,2.239,2.246,1.46,1.346,1.274,1.909,1.944,3.558,2.906,1.361,2.36,2.599,2.069,1.615,1.368,3.09,5.171,4.452,4.922,2.978,3.59,3.994,5.108,2.815,2.14,2.659,3.103,3.856,3.7,303.748,2.064,2.86,237.319,4.462,21.347,3.548,3.297,3.206,58.284,3.192,3.146,3.129,3.338,3.928,3.666,8.253,4.338,3.95,3.985,3.487,4.664,4.269,2.422,4.329,1.695,2.142,3.232,2.844,4.127,4.605,1.773,7.745,7.385,8.703,0.948,6.935,6.83,9.228,7.368,7.385,5.601,8.231,6.874,6.555,7.016,6.648,6.738,7.028,0.137,0.917,1.371,1.639,1.926,0.833,5.577,3.005,2.856,6.382,13.857,0.926,6.399,9.599,24.556,12.172,1.566,12.446,1.895,3.025,2.541,1.566,11.661,2.225,4.818,3.51,5.228,2.082,9.366,10.825,4.279,3.853,2.397,2.202,6.673,10.174,13.647,8.214,5.068,5.388,5.621,6.187,6.191,5.21,3.088,2.565,2.261,4.363,2.002,4.329,9.274,10.222,6.996,6.394,8.679,9.971,6.766,11.415,5.694,18.129,14.586,16.238,15.682,22.082,33.386,33.487,14.344,22.73,14.536,20.922,50.653,40.642,1.4,27.371,27.82,19.621,26.352,10.497,27.106
E011,1.673,1.453,0.423,1.376,1.46,1.773,1.399,0.706,1.409,0.916,0.0,0.959,2.675,2.882,2.21,2.384,2.291,0.706,2.509,1.742,2.291,1.35,0.413,1.205,1.653,14.688,1.888,2.479,2.553,0.589,1.391,2.306,1.122,2.635,2.508,2.84,2.582,3.42,2.721,1.914,2.089,1.946,2.443,2.172,1.628,1.923,2.048,2.245,1.909,1.994,2.716,2.801,2.172,1.86,1.841,1.821,1.792,1.415,1.461,1.88,2.402,1.391,2.115,0.243,0.567,0.824,1.88,1.341,0.657,0.409,1.021,0.324,1.26,1.005,1.376,0.562,0.173,1.769,1.488,1.617,1.884,2.128,2.964,1.886,2.309,2.761,2.768,1.981,1.617,1.795,1.738,2.466,4.08,3.428,1.883,2.881,3.121,2.59,2.137,1.89,3.611,5.692,4.973,5.443,3.499,4.111,4.516,5.561,3.269,2.593,3.112,3.557,4.377,4.154,303.856,2.517,3.314,237.427,4.57,21.455,3.741,3.49,3.4,59.378,3.385,3.339,3.322,3.531,4.036,3.775,8.361,4.447,4.058,4.093,3.68,4.772,4.377,2.53,4.438,1.803,2.25,3.34,2.952,4.235,4.713,1.882,7.853,7.493,8.811,1.401,7.043,6.938,9.337,7.476,7.493,5.709,8.339,6.982,6.663,7.124,6.756,6.846,7.136,1.053,1.37,1.479,1.747,2.379,1.287,5.686,3.113,2.964,6.49,13.965,1.01,6.599,9.799,24.665,12.371,0.969,12.645,1.865,2.855,1.944,0.969,11.769,1.701,4.648,3.34,5.057,2.603,9.196,10.933,4.108,3.683,2.227,2.724,7.195,10.695,14.741,8.044,5.522,5.842,6.075,6.295,6.299,5.319,3.196,2.674,2.369,4.471,2.11,4.438,9.382,10.33,7.104,6.502,8.787,10.079,6.874,11.524,5.802,17.958,14.416,16.068,15.512,21.911,33.494,33.595,14.865,23.825,15.63,21.03,50.761,40.75,1.922,27.201,27.649,19.451,26.46,10.327,27.214
E012,1.224,0.494,0.446,0.417,0.89,1.255,0.44,1.24,0.84,0.466,0.683,0.0,2.48,2.778,2.015,2.28,2.187,0.99,2.405,1.637,2.187,1.155,1.026,1.01,1.458,14.583,1.692,2.375,2.448,1.171,1.195,2.202,0.926,1.143,2.058,2.39,2.132,1.929,2.204,1.464,1.639,1.496,0.951,0.68,1.178,1.474,1.598,1.373,0.95,1.035,1.224,1.309,1.722,1.41,1.391,1.372,1.342,0.966,0.502,1.43,1.884,1.124,2.289,0.856,1.272,1.107,2.054,1.516,1.361,1.114,1.622,1.028,1.185,1.606,1.089,1.267,0.856,2.297,1.662,1.35,2.058,2.079,2.446,1.368,1.791,2.243,2.25,1.464,1.35,1.277,1.913,1.948,2.588,2.495,1.365,2.364,1.912,2.073,1.619,1.372,2.679,4.201,3.482,3.952,2.007,3.179,3.024,5.112,2.819,2.144,2.662,3.107,2.885,3.704,303.752,2.067,2.864,237.323,4.465,21.351,3.551,3.301,3.21,57.314,3.196,3.15,3.133,3.342,3.931,3.67,8.257,4.342,3.954,3.989,3.491,4.668,4.272,2.426,4.333,1.699,2.146,3.235,2.848,4.13,4.609,1.777,7.749,7.389,8.707,0.952,6.938,6.833,9.232,7.372,7.389,5.605,8.235,6.878,6.559,7.02,6.652,6.742,7.032,0.603,0.92,1.375,1.643,1.284,0.837,5.581,3.009,2.859,6.386,13.86,0.93,6.403,9.603,24.56,12.176,1.57,12.45,1.899,3.029,2.545,1.57,11.665,2.229,4.822,3.514,5.231,2.086,9.37,10.829,4.282,3.857,2.401,2.206,5.703,9.204,12.677,8.218,5.072,5.392,5.625,6.191,6.195,5.214,3.092,2.569,2.265,4.367,2.005,4.333,9.277,10.226,7.0,6.398,8.683,9.975,6.77,11.419,5.698,18.133,14.59,16.242,15.686,22.085,33.39,33.491,13.374,21.76,13.566,20.925,50.657,40.646,1.404,27.375,27.823,19.625,26.356,10.501,27.109
E013,3.173,2.953,2.588,2.876,3.202,3.42,2.899,3.174,2.909,2.416,2.399,2.459,0.0,1.725,0.465,1.794,1.702,2.036,1.715,2.069,1.702,1.774,2.241,1.79,1.134,9.54,1.369,2.31,1.674,2.217,1.284,1.716,1.706,4.282,4.008,4.34,4.082,5.067,4.369,3.414,3.589,3.446,4.09,3.82,3.128,3.423,3.548,4.512,3.409,3.494,4.363,4.448,3.672,3.36,3.341,3.321,3.292,2.915,2.961,3.38,4.049,3.038,3.762,2.412,2.666,2.153,3.527,2.989,2.756,2.509,2.668,2.423,2.907,2.653,3.023,2.817,2.669,3.416,3.135,3.264,3.531,3.775,4.611,3.533,3.956,4.408,4.415,3.629,3.264,3.442,3.386,4.113,5.727,5.075,3.53,4.529,4.768,4.238,3.784,3.537,5.258,7.34,6.62,7.091,5.146,5.758,6.163,6.561,4.769,4.093,4.612,5.056,6.024,5.654,298.535,4.017,4.814,232.106,4.897,22.581,4.706,4.456,4.365,61.025,4.35,4.304,4.288,4.497,5.162,4.901,9.487,4.774,5.184,5.219,5.438,5.898,4.704,3.689,4.765,2.769,3.215,3.667,3.28,4.562,5.041,2.847,8.181,7.821,9.139,2.901,7.37,7.265,9.664,7.804,7.821,6.037,8.667,7.309,7.789,8.25,7.882,7.973,8.262,2.553,2.87,2.361,2.712,3.879,2.787,3.952,1.389,1.239,4.757,8.274,1.976,4.701,7.901,24.992,10.474,2.616,10.748,3.512,4.502,3.591,2.616,10.036,3.348,6.295,4.987,6.705,4.251,10.843,11.261,5.756,5.33,3.874,4.371,8.842,12.343,16.389,9.691,7.022,7.342,7.575,7.421,7.426,6.445,4.161,3.639,3.334,4.799,2.437,4.765,9.709,10.658,7.432,6.83,9.115,10.407,7.202,11.851,6.928,19.606,16.064,17.715,17.159,23.559,34.62,34.721,16.513,25.472,17.278,15.709,45.44,35.429,3.569,28.848,29.297,21.098,26.788,11.974,27.541
E014,3.254,3.033,2.596,2.957,3.04,3.75,2.979,3.504,2.99,2.496,2.48,2.539,1.963,0.0,2.529,0.498,0.591,2.366,0.335,1.21,0.591,2.104,2.571,2.12,1.972,14.277,2.207,0.668,0.051,2.547,1.71,0.576,2.036,4.612,4.088,4.42,4.162,5.397,4.699,3.495,3.669,3.526,4.42,4.149,3.208,3.504,3.628,3.825,3.49,3.575,4.693,3.889,3.752,3.44,3.421,3.402,3.373,2.996,3.041,3.461,4.379,3.368,4.092,2.741,2.996,2.483,3.857,3.319,3.086,2.838,2.998,2.753,3.237,2.982,3.353,3.147,2.652,3.746,3.465,3.594,3.861,4.105,4.941,3.863,4.286,4.738,4.745,3.958,3.594,3.772,3.716,4.443,6.057,5.405,3.86,4.859,5.098,4.567,4.114,3.867,5.588,7.67,6.95,7.42,5.476,6.088,6.493,5.822,4.849,4.174,4.692,5.137,6.354,5.734,303.445,4.098,4.283,237.017,4.159,21.843,3.968,3.717,3.627,61.355,3.612,3.566,3.549,3.758,4.423,4.162,8.749,4.036,4.446,4.48,4.699,5.16,3.966,2.95,4.027,2.03,2.477,2.929,2.542,3.824,4.302,2.108,7.442,7.082,8.4,2.982,6.632,6.527,8.926,7.066,7.082,5.298,7.928,6.571,7.051,7.512,7.144,7.234,7.524,2.633,2.95,1.623,1.974,3.96,2.867,3.874,1.301,1.152,4.678,8.196,2.306,6.749,10.118,24.254,12.691,2.946,12.964,3.842,4.832,3.921,2.946,9.957,3.678,6.625,5.317,7.035,4.58,11.173,10.523,6.086,5.66,4.204,4.701,9.172,12.672,16.718,10.021,7.102,7.422,6.941,6.683,6.687,5.706,3.423,2.901,2.596,4.06,1.74,4.027,8.971,9.919,6.693,6.091,8.376,9.668,6.463,11.113,6.19,19.936,16.393,18.045,17.489,23.889,33.882,33.983,16.843,25.802,17.608,20.619,50.35,40.339,3.899,29.178,29.627,21.428,26.049,12.304,26.803
E015,2.708,2.488,2.123,2.411,2.737,2.955,2.434,2.709,2.444,1.951,1.934,1.994,0.465,2.064,0.0,2.247,2.154,1.571,2.372,1.604,2.154,1.309,1.776,1.325,0.669,14.55,0.904,2.342,2.013,1.752,0.82,2.169,1.242,3.817,3.543,3.875,3.617,4.603,3.904,2.949,3.124,2.981,3.625,3.354,2.663,2.958,3.083,4.047,2.944,3.029,3.898,3.983,3.207,2.895,2.876,2.856,2.827,2.45,2.496,2.915,3.584,2.573,3.297,1.947,2.201,1.688,3.062,2.524,2.291,2.043,2.203,1.958,2.442,2.188,2.558,2.352,2.204,2.951,2.67,2.799,3.066,3.311,4.146,3.068,3.491,3.943,3.95,3.164,2.799,2.977,2.921,3.648,5.262,4.61,3.065,4.064,4.303,3.773,3.319,3.072,4.793,6.875,6.155,6.626,4.681,5.293,5.698,6.096,4.304,3.628,4.147,4.591,5.559,5.189,303.719,3.552,4.349,237.29,4.432,22.116,4.241,3.991,3.9,60.56,3.885,3.839,3.823,4.032,4.697,4.436,9.022,4.309,4.719,4.754,4.973,5.433,4.239,3.224,4.3,2.304,2.75,3.202,2.815,4.098,4.576,2.382,7.716,7.356,8.674,2.436,6.905,6.8,9.199,7.339,7.356,5.572,8.202,6.845,7.324,7.785,7.418,7.508,7.798,2.088,2.405,1.896,2.247,3.414,2.322,4.291,1.728,1.578,4.419,8.613,1.511,4.388,7.588,24.527,10.161,2.151,10.435,3.047,4.037,3.126,2.151,9.354,2.883,5.83,4.522,6.24,3.786,10.378,10.796,5.291,4.865,3.409,3.906,8.377,11.878,15.924,9.226,6.557,6.877,7.11,6.956,6.96,5.98,3.696,3.174,2.869,4.334,1.972,4.3,9.244,10.193,6.967,6.365,8.65,9.942,6.737,11.386,6.463,19.141,15.598,17.25,16.694,23.094,34.155,34.256,16.048,25.007,16.813,20.892,50.624,40.613,3.104,28.383,28.832,20.633,26.323,11.509,27.076
E016,2.977,2.756,2.319,2.68,2.763,3.473,2.703,3.227,2.713,2.22,2.203,2.263,1.743,0.498,2.253,0.0,0.093,2.089,0.322,0.933,0.093,1.827,2.295,1.843,1.695,14.0,1.93,0.448,0.366,2.271,1.433,0.078,1.76,4.335,3.812,4.144,3.885,5.12,4.422,3.218,3.393,3.249,4.143,3.873,2.931,3.227,3.352,3.548,3.213,3.298,4.416,3.612,3.476,3.163,3.144,3.125,3.096,2.719,2.764,3.184,4.102,3.091,3.815,2.465,2.719,2.206,3.58,3.042,2.809,2.562,2.721,2.476,2.96,2.706,3.077,2.87,2.376,3.469,3.188,3.317,3.584,3.829,4.664,3.586,4.009,4.461,4.468,3.682,3.317,3.495,3.439,4.166,5.78,5.128,3.583,4.582,4.821,4.291,3.837,3.59,5.311,7.393,6.674,7.144,5.199,5.812,6.216,5.545,4.572,3.897,4.416,4.86,6.077,5.457,303.168,3.821,4.006,236.74,3.882,21.566,3.691,3.441,3.35,61.078,3.335,3.289,3.272,3.481,4.146,3.885,8.472,3.759,4.169,4.204,4.422,4.883,3.689,2.673,3.75,1.753,2.2,2.652,2.265,3.547,4.025,1.832,7.165,6.806,8.124,2.705,6.355,6.25,8.649,6.789,6.806,5.021,7.652,6.294,6.774,7.235,6.867,6.957,7.247,2.356,2.674,1.346,1.697,3.683,2.59,3.654,1.082,0.932,4.459,7.976,2.029,6.53,9.841,23.977,12.414,2.669,12.688,3.565,4.555,3.644,2.669,9.738,3.401,6.348,5.04,6.758,4.304,10.896,10.246,5.809,5.383,3.927,4.424,8.895,12.396,16.442,9.744,6.825,7.145,6.664,6.406,6.41,5.429,3.146,2.624,2.319,3.784,1.463,3.75,8.694,9.643,6.417,5.814,8.1,9.392,6.186,10.836,5.913,19.659,16.117,17.768,17.212,23.612,33.605,33.706,16.566,25.525,17.331,20.342,50.073,40.062,3.622,28.901,29.35,21.151,25.773,12.027,26.526
E017,2.884,2.663,2.226,2.587,2.671,3.38,2.61,3.134,2.62,2.127,2.11,2.17,1.65,0.591,2.16,0.093,0.0,1.996,0.23,0.841,0.0,1.734,2.202,1.75,1.603,13.907,1.837,0.355,0.273,2.178,1.34,0.015,1.667,4.242,3.719,4.051,3.792,5.028,4.329,3.125,3.3,3.157,4.051,3.78,2.838,3.134,3.259,3.455,3.12,3.205,4.323,3.519,3.383,3.071,3.051,3.032,3.003,2.626,2.672,3.091,4.009,2.998,3.723,2.372,2.626,2.114,3.487,2.949,2.716,2.469,2.628,2.383,2.867,2.613,2.984,2.777,2.283,3.376,3.095,3.224,3.491,3.736,4.571,3.494,3.916,4.368,4.375,3.589,3.224,3.403,3.346,4.073,5.687,5.035,3.49,4.489,4.728,4.198,3.744,3.497,5.219,7.3,6.581,7.051,5.107,5.719,6.123,5.452,4.479,3.804,4.323,4.767,5.985,5.364,303.076,3.728,3.913,236.647,3.789,21.473,3.598,3.348,3.257,60.986,3.242,3.196,3.179,3.389,4.054,3.792,8.379,3.666,4.076,4.111,4.33,4.79,3.596,2.581,3.657,1.661,2.107,2.559,2.172,3.454,3.933,1.739,7.073,6.713,8.031,2.612,6.262,6.157,8.556,6.696,6.713,4.928,7.559,6.201,6.681,7.142,6.774,6.864,7.154,2.264,2.581,1.253,1.604,3.59,2.498,3.561,0.989,0.839,4.366,7.883,1.937,6.437,9.748,23.884,12.321,2.576,12.595,3.472,4.462,3.551,2.576,9.645,3.308,6.255,4.947,6.665,4.211,10.803,10.153,5.716,5.29,3.834,4.331,8.803,12.303,16.349,9.651,6.732,7.052,6.571,6.313,6.317,5.336,3.053,2.531,2.226,3.691,1.37,3.657,8.601,9.55,6.324,5.722,8.007,9.299,6.094,10.743,5.82,19.566,16.024,17.675,17.12,23.519,33.512,33.613,16.473,25.432,17.238,20.249,49.98,39.969,3.529,28.808,29.257,21.058,25.68,11.934,26.433
E018,1.868,1.716,0.618,1.571,1.232,1.45,1.594,1.204,1.282,1.111,0.783,1.154,2.035,2.58,1.57,2.082,1.989,0.0,2.207,1.439,1.989,0.71,0.271,0.565,1.012,14.385,1.247,2.177,2.25,0.247,0.75,2.004,0.481,2.312,3.103,3.035,3.177,3.097,2.398,2.109,2.748,2.141,2.12,1.849,1.823,2.119,2.243,2.542,2.104,2.189,2.393,2.478,2.831,2.055,2.036,2.017,1.987,1.61,1.656,2.075,2.079,1.068,1.792,0.441,0.696,0.118,1.557,1.018,0.786,0.538,0.698,0.453,0.937,0.682,1.053,0.847,0.699,1.446,1.165,1.294,1.561,1.805,2.641,1.563,1.986,2.438,2.445,1.658,1.294,1.472,1.415,2.143,3.757,3.105,1.56,2.559,2.798,2.267,1.814,1.567,3.288,5.369,4.65,5.12,3.176,3.788,4.193,5.756,3.464,3.189,3.307,3.752,4.054,4.349,303.554,3.112,3.509,237.125,4.267,21.951,3.789,3.539,3.448,59.055,3.433,3.387,3.371,3.58,4.532,4.271,8.857,4.144,4.554,4.589,3.728,5.268,4.074,3.059,4.135,1.852,2.298,3.037,2.65,3.933,4.411,1.93,7.551,7.191,8.509,1.597,6.74,6.636,9.034,7.174,7.191,5.407,8.037,6.68,7.159,7.62,7.253,7.343,7.633,1.248,1.565,1.527,1.795,2.735,1.482,5.383,2.811,2.662,6.188,13.662,0.37,5.958,9.158,24.362,11.731,0.646,12.005,1.542,2.532,1.621,0.646,11.467,1.378,4.325,3.017,4.734,2.28,8.873,10.631,3.785,3.36,1.904,2.401,6.872,10.372,14.418,7.721,5.717,6.037,6.27,6.791,6.796,5.815,3.244,2.722,2.417,4.169,1.808,4.135,9.079,10.028,6.802,6.2,8.485,9.777,6.572,11.221,6.298,17.636,14.093,15.745,15.189,21.588,33.99,34.091,14.542,23.502,15.307,20.727,50.459,40.448,1.599,26.878,27.326,19.128,26.158,10.004,26.912
E019,3.102,2.881,2.444,2.804,2.888,3.598,2.827,3.352,2.838,2.344,2.328,2.387,1.868,0.335,2.377,0.322,0.23,2.213,0.0,1.058,0.23,1.952,2.419,1.968,1.82,14.125,2.055,0.573,0.283,2.395,1.558,0.244,1.884,4.46,3.936,4.268,4.01,5.245,4.546,3.343,3.517,3.374,4.268,3.997,3.056,3.352,3.476,3.673,3.337,3.422,4.541,3.737,3.6,3.288,3.269,3.25,3.22,2.844,2.889,3.308,4.227,3.216,3.94,2.59,2.844,2.331,3.705,3.167,2.934,2.686,2.846,2.601,3.085,2.83,3.201,2.994,2.501,3.594,3.313,3.442,3.709,3.953,4.789,3.711,4.134,4.586,4.593,3.807,3.442,3.62,3.563,4.291,5.905,5.253,3.708,4.707,4.946,4.415,3.962,3.715,5.436,7.517,6.798,7.268,5.324,5.936,6.341,5.67,4.697,4.022,4.54,4.985,6.202,5.582,303.293,3.946,4.131,236.864,4.007,21.691,3.816,3.565,3.474,61.203,3.46,3.414,3.397,3.606,4.271,4.01,8.597,3.884,4.294,4.328,4.547,5.008,3.814,2.798,3.875,1.878,2.325,2.777,2.389,3.672,4.15,1.956,7.29,6.93,8.248,2.83,6.48,6.375,8.774,6.914,6.93,5.146,7.776,6.419,6.899,7.36,6.992,7.082,7.372,2.481,2.798,1.47,1.822,3.808,2.715,3.779,1.207,1.057,4.583,8.101,2.154,6.655,9.966,24.102,12.538,2.794,12.812,3.69,4.68,3.769,2.794,9.862,3.526,6.473,5.165,6.882,4.428,11.021,10.37,5.934,5.508,4.052,4.549,9.02,12.52,16.566,9.869,6.95,7.27,6.788,6.531,6.535,5.554,3.271,2.748,2.444,3.908,1.588,3.875,8.819,9.768,6.541,5.939,8.224,9.516,6.311,10.961,6.038,19.784,16.241,17.893,17.337,23.736,33.73,33.831,16.691,25.65,17.456,20.467,50.198,40.187,3.747,29.026,29.474,21.276,25.897,12.152,26.651
E020,2.504,2.283,1.846,2.207,2.29,3.0,2.229,2.754,2.24,1.746,1.73,1.789,2.033,1.14,1.78,0.643,0.55,1.616,0.767,0.0,0.55,1.354,1.821,1.37,1.222,13.527,1.457,0.738,0.811,1.797,0.96,0.564,1.286,3.862,3.338,3.671,3.412,4.647,3.949,2.745,2.919,2.776,3.67,3.4,2.458,2.754,2.878,3.075,2.74,2.825,3.943,3.139,3.002,2.69,2.671,2.652,2.623,2.246,2.291,2.711,3.629,2.618,3.342,1.992,2.246,1.733,3.107,2.569,2.336,2.088,2.248,2.003,2.487,2.232,2.603,2.397,1.903,2.996,2.715,2.844,3.111,3.355,4.191,3.113,3.536,3.988,3.995,3.209,2.844,3.022,2.966,3.693,5.307,4.655,3.11,4.109,4.348,3.817,3.364,3.117,4.838,6.92,6.2,6.67,4.726,5.338,5.743,5.072,4.099,3.424,3.942,4.387,5.604,4.984,302.695,3.348,3.533,236.267,3.409,21.093,3.218,2.967,2.877,60.605,2.862,2.816,2.799,3.008,3.673,3.412,7.999,3.286,3.696,3.73,3.949,4.41,3.216,2.2,3.277,1.28,1.727,2.179,1.792,3.074,3.552,1.359,6.692,6.332,7.651,2.232,5.882,5.777,8.176,6.316,6.332,4.548,7.178,5.821,6.301,6.762,6.394,6.484,6.774,1.883,2.2,0.873,1.224,3.21,2.117,3.944,1.372,1.222,4.748,8.266,1.556,6.82,9.368,23.504,11.941,2.196,12.214,3.092,4.082,3.171,2.196,10.027,2.928,5.875,4.567,6.285,3.831,10.423,9.773,5.336,4.91,3.454,3.951,8.422,11.922,15.969,9.271,6.352,6.672,6.191,5.933,5.937,4.956,2.673,2.151,1.846,3.31,0.99,3.277,8.221,9.17,5.943,5.341,7.626,8.918,5.713,10.363,5.44,19.186,15.643,17.295,16.739,23.139,33.132,33.233,16.093,25.052,16.858,19.869,49.6,39.589,3.149,28.428,28.877,20.678,25.299,11.554,26.053
E021,2.884,2.663,2.226,2.587,2.671,3.38,2.61,3.134,2.62,2.127,2.11,2.17,1.65,0.591,2.16,0.093,0.0,1.996,0.23,0.841,0.0,1.734,2.202,1.75,1.603,13.907,1.837,0.355,0.273,2.178,1.34,0.015,1.667,4.242,3.719,4.051,3.792,5.028,4.329,3.125,3.3,3.157,4.051,3.78,2.838,3.134,3.259,3.455,3.12,3.205,4.323,3.519,3.383,3.071,3.051,3.032,3.003,2.626,2.672,3.091,4.009,2.998,3.723,2.372,2.626,2.114,3.487,2.949,2.716,2.469,2.628,2.383,2.867,2.613,2.984,2.777,2.283,3.376,3.095,3.224,3.491,3.736,4.571,3.494,3.916,4.368,4.375,3.589,3.224,3.403,3.346,4.073,5.687,5.035,3.49,4.489,4.728,4.198,3.744,3.497,5.219,7.3,6.581,7.051,5.107,5.719,6.123,5.452,4.479,3.804,4.323,4.767,5.985,5.364,303.076,3.728,3.913,236.647,3.789,21.473,3.598,3.348,3.257,60.986,3.242,3.196,3.179,3.389,4.054,3.792,8.379,3.666,4.076,4.111,4.33,4.79,3.596,2.581,3.657,1.661,2.107,2.559,2.172,3.454,3.933,1.739,7.073,6.713,8.031,2.612,6.262,6.157,8.556,6.696,6.713,4.928,7.559,6.201,6.681,7.142,6.774,6.864,7.154,2.264,2.581,1.253,1.604,3.59,2.498,3.561,0.989,0.839,4.366,7.883,1.937,6.437,9.748,23.884,12.321,2.576,12.595,3.472,4.462,3.551,2.576,9.645,3.308,6.255,4.947,6.665,4.211,10.803,10.153,5.716,5.29,3.834,4.331,8.803,12.303,16.349,9.651,6.732,7.052,6.571,6.313,6.317,5.336,3.053,2.531,2.226,3.691,1.37,3.657,8.601,9.55,6.324,5.722,8.007,9.299,6.094,10.743,5.82,19.566,16.024,17.675,17.12,23.519,33.512,33.613,16.473,25.432,17.238,20.249,49.98,39.969,3.529,28.808,29.257,21.058,25.68,11.934,26.433
E022,1.839,1.618,1.254,1.542,1.867,2.086,1.565,1.84,1.575,1.081,1.065,1.125,1.778,2.324,1.313,1.826,1.733,0.701,1.951,1.183,1.733,0.0,0.907,0.456,0.756,14.129,0.991,1.921,1.994,0.883,0.494,1.748,0.372,2.948,2.674,3.006,2.747,3.733,3.034,2.08,2.255,2.111,2.756,2.485,1.793,2.089,2.213,3.178,2.075,2.16,3.029,3.114,2.338,2.025,2.006,1.987,1.958,1.581,1.627,2.046,2.715,1.703,2.428,1.077,1.332,0.819,2.193,1.654,1.422,1.174,1.334,1.089,1.573,1.318,1.689,1.482,1.335,2.082,1.8,1.929,2.196,2.441,3.276,2.199,2.622,3.073,3.081,2.294,1.929,2.108,2.051,2.779,4.393,3.74,2.195,3.194,3.433,2.903,2.45,2.202,3.924,6.005,5.286,5.756,3.812,4.424,4.829,5.267,3.434,2.759,3.278,3.722,4.69,4.319,303.298,2.683,3.479,236.869,4.011,21.695,3.413,3.162,3.071,59.691,3.057,3.011,2.994,3.203,4.276,4.015,8.601,3.888,4.298,4.333,3.352,5.012,3.818,2.202,3.879,1.475,1.922,2.781,2.394,3.676,4.155,1.554,7.295,6.935,8.253,1.567,6.484,6.379,8.778,6.918,6.935,5.151,7.781,6.423,6.903,7.364,6.996,7.086,7.376,1.218,1.536,1.151,1.419,2.545,1.452,5.127,2.555,2.405,5.932,13.406,0.642,5.702,8.902,24.106,11.475,1.282,11.748,2.178,3.168,2.257,1.282,11.211,2.014,4.961,3.652,5.37,2.916,9.508,10.375,4.421,3.995,2.54,3.036,7.508,11.008,15.054,8.356,5.687,6.007,6.24,6.535,6.539,5.559,2.868,2.345,2.041,3.913,1.551,3.879,8.823,9.772,6.546,5.944,8.229,9.521,6.316,10.965,6.042,18.271,14.729,16.381,15.825,22.224,33.734,33.835,15.178,24.137,15.943,20.471,50.203,40.192,2.235,27.513,27.962,19.763,25.902,10.64,26.655
E023,1.597,1.626,0.347,1.3,1.141,1.36,1.323,0.564,1.192,0.84,0.512,0.883,2.262,2.807,1.797,2.309,2.217,0.293,2.434,1.667,2.217,0.937,0.0,0.792,1.24,14.613,1.475,2.405,2.478,0.176,0.978,2.231,0.709,2.222,2.432,2.764,2.506,3.007,2.308,1.838,2.013,1.87,2.03,1.759,1.552,1.847,1.972,2.452,1.833,1.918,2.303,2.388,2.096,1.784,1.765,1.745,1.716,1.339,1.385,1.804,1.989,0.978,1.702,0.17,0.425,0.411,1.467,0.928,0.515,0.267,0.608,0.182,0.847,0.592,0.963,0.42,0.428,1.356,1.075,1.204,1.471,1.715,2.55,1.473,1.896,2.348,2.355,1.568,1.204,1.382,1.325,2.053,3.667,3.014,1.47,2.469,2.708,2.177,1.724,1.476,3.198,5.279,4.56,5.03,3.086,3.698,4.103,5.485,3.192,2.517,3.036,3.48,3.964,4.077,303.781,2.441,3.238,237.353,4.495,22.179,3.925,3.674,3.584,58.965,3.569,3.523,3.506,3.715,4.759,4.498,9.085,4.372,4.782,4.816,3.864,5.496,4.302,3.286,4.363,1.966,2.412,3.265,2.878,4.16,4.638,2.044,7.778,7.418,8.737,1.325,6.968,6.863,9.262,7.402,7.418,5.634,8.264,6.907,7.387,7.848,7.48,7.57,7.86,0.977,1.294,1.641,1.909,2.644,1.21,5.611,3.039,2.889,6.415,13.89,0.597,6.186,9.385,24.59,11.958,0.556,12.232,1.452,2.442,1.531,0.556,11.694,1.288,4.235,2.927,4.644,2.19,8.783,10.859,3.695,3.27,1.814,2.31,6.782,10.282,14.328,7.63,5.446,5.766,5.999,7.019,7.023,6.042,3.358,2.836,2.531,4.396,2.035,4.363,9.307,10.256,7.029,6.427,8.712,10.005,6.799,11.449,6.526,17.545,14.003,15.655,15.099,21.498,34.218,34.319,14.452,23.412,15.217,20.955,50.686,40.675,1.509,26.788,27.236,19.038,26.385,9.914,27.139
E024,1.71,1.49,1.126,1.413,1.739,1.957,1.436,1.712,1.447,0.953,0.937,0.996,1.782,2.328,1.317,1.83,1.737,0.573,1.954,1.187,1.737,0.458,0.779,0.0,0.76,14.133,0.995,1.925,1.998,0.755,0.498,1.751,0.083,2.819,2.545,2.877,2.619,3.605,2.906,1.952,2.126,1.983,2.628,2.357,1.665,1.961,2.085,3.049,1.946,2.031,2.9,2.985,2.209,1.897,1.878,1.859,1.829,1.453,1.498,1.917,2.586,1.575,2.3,0.949,1.203,0.691,2.064,1.526,1.293,1.046,1.206,0.96,1.444,1.19,1.561,1.354,1.207,1.953,1.672,1.801,2.068,2.313,3.148,2.071,2.493,2.945,2.952,2.166,1.801,1.98,1.923,2.651,4.264,3.612,2.067,3.066,3.305,2.775,2.321,2.074,3.796,5.877,5.158,5.628,3.684,4.296,4.7,5.391,3.306,2.631,3.149,3.594,4.562,4.191,303.301,2.554,3.351,236.873,4.015,21.699,3.537,3.286,3.196,59.563,3.181,3.135,3.118,3.327,4.279,4.018,8.605,3.892,4.302,4.337,3.476,5.016,3.822,2.806,3.883,1.599,2.046,2.785,2.398,3.68,4.158,1.677,7.298,6.939,8.257,1.439,6.488,6.383,8.782,6.922,6.939,5.154,7.785,6.427,6.907,7.368,7.0,7.09,7.38,1.09,1.407,1.275,1.543,2.417,1.324,5.131,2.559,2.409,5.936,13.41,0.514,5.706,8.906,24.11,11.478,1.153,11.752,2.049,3.039,2.129,1.153,11.215,1.885,4.832,3.524,5.242,2.788,9.38,10.379,4.293,3.867,2.412,2.908,7.38,10.88,14.926,8.228,5.559,5.879,6.112,6.539,6.543,5.562,2.992,2.47,2.165,3.917,1.555,3.883,8.827,9.776,6.55,5.947,8.232,9.525,6.319,10.969,6.046,18.143,14.601,16.253,15.697,22.096,33.738,33.839,15.05,24.009,15.815,20.475,50.206,40.195,2.106,27.385,27.834,19.635,25.905,10.511,26.659
E025,2.151,1.931,1.566,1.854,2.179,2.398,1.877,2.152,1.887,1.394,1.377,1.437,1.134,2.188,0.669,1.69,1.597,1.014,1.815,1.047,1.597,0.751,1.219,0.768,0.0,13.993,0.235,1.785,1.858,1.195,0.262,1.611,0.684,3.26,2.986,3.318,3.059,4.045,3.346,2.392,2.567,2.424,3.068,2.797,2.106,2.401,2.526,3.49,2.387,2.472,3.341,3.426,2.65,2.338,2.319,2.299,2.27,1.893,1.939,2.358,3.027,2.016,2.74,1.389,1.644,1.131,2.505,1.966,1.734,1.486,1.646,1.401,1.885,1.63,2.001,1.794,1.647,2.394,2.113,2.242,2.509,2.753,3.589,2.511,2.934,3.386,3.393,2.606,2.242,2.42,2.364,3.091,4.705,4.053,2.508,3.507,3.746,3.215,2.762,2.515,4.236,6.317,5.598,6.068,4.124,4.736,5.141,5.538,3.746,3.071,3.59,4.034,5.002,4.631,303.161,2.995,3.792,236.733,3.875,21.559,3.684,3.434,3.343,60.003,3.328,3.282,3.265,3.474,4.14,3.878,8.465,3.752,4.162,4.197,4.415,4.876,3.682,2.667,3.743,1.747,2.193,2.645,2.258,3.54,4.019,1.825,7.159,6.799,8.117,1.879,6.348,6.243,8.642,6.782,6.799,5.014,7.645,6.287,6.767,7.228,6.86,6.95,7.24,1.531,1.848,1.339,1.69,2.857,1.764,4.991,2.419,2.269,5.796,13.27,0.954,5.058,8.258,23.97,10.831,1.594,11.104,2.49,3.48,2.569,1.594,10.024,2.326,5.273,3.965,5.682,3.228,9.821,10.239,4.734,4.308,2.852,3.349,7.82,11.32,15.366,8.669,6.0,6.319,6.553,6.399,6.403,5.422,3.139,2.617,2.312,3.777,1.415,3.743,8.687,9.636,6.41,5.808,8.093,9.385,6.179,10.829,5.906,18.584,15.041,16.693,16.137,22.537,33.598,33.699,15.49,24.45,16.256,20.335,50.066,40.056,2.547,27.826,28.274,20.076,25.766,10.952,26.519
E026,15.796,15.576,15.139,15.499,15.583,16.293,15.522,16.047,15.533,15.039,15.022,15.082,9.996,9.606,15.072,9.675,9.582,14.908,9.596,13.966,9.582,14.646,15.114,14.662,14.515,0.0,14.75,14.704,9.555,15.09,14.253,9.597,14.579,17.155,16.631,16.686,16.705,17.94,17.241,16.037,16.212,16.069,16.963,16.692,15.751,16.047,16.171,16.368,16.032,16.117,17.235,17.321,16.295,15.983,15.964,15.944,15.915,15.538,15.584,16.003,16.922,15.91,16.635,15.284,15.539,15.026,16.4,15.861,15.629,15.381,15.541,15.296,15.78,15.525,15.896,15.689,15.195,16.288,16.008,16.136,16.404,16.648,17.483,16.406,16.829,17.28,17.288,16.501,16.136,16.315,16.258,16.986,18.6,17.947,16.402,17.401,17.64,17.11,16.657,16.409,18.131,19.735,19.016,19.486,18.019,18.631,18.558,17.721,17.115,16.818,16.959,17.403,18.42,18.0,289.905,17.143,16.182,223.476,13.763,31.447,14.575,14.568,14.584,72.848,14.599,14.645,14.718,14.527,14.028,13.767,18.353,13.64,14.05,14.085,14.304,14.764,13.57,12.555,13.631,13.285,13.389,11.845,12.339,13.428,13.907,13.891,17.047,16.687,18.005,15.524,16.236,16.131,18.53,16.67,16.687,14.903,17.533,16.175,16.655,17.116,16.748,16.838,17.128,15.176,15.493,13.693,13.505,16.502,15.41,6.154,9.306,9.156,7.412,1.634,14.849,9.483,14.052,33.858,16.625,15.489,16.899,16.385,17.375,16.464,15.489,9.413,16.221,19.168,17.859,19.577,17.123,23.715,20.127,18.628,18.202,16.747,17.243,21.238,24.738,28.211,22.563,19.368,19.073,18.84,16.287,16.291,15.31,14.341,13.813,13.508,13.665,13.324,13.631,18.575,19.524,16.298,15.696,17.981,19.273,16.068,20.717,15.794,32.478,28.936,30.588,30.032,36.431,43.486,43.587,28.908,37.294,29.1,7.078,36.809,26.799,16.442,33.179,33.141,33.97,35.654,24.846,36.407
E027,2.386,2.166,1.801,2.089,2.414,2.633,2.112,2.387,2.122,1.629,1.612,1.672,1.369,2.422,0.904,1.925,1.832,1.248,2.049,1.282,1.832,0.987,1.454,1.003,0.235,14.228,0.0,2.02,2.093,1.43,0.497,1.847,0.919,3.495,3.221,3.553,3.295,4.28,3.581,2.627,2.802,2.659,3.303,3.032,2.341,2.636,2.761,3.725,2.622,2.707,3.576,3.661,2.885,2.572,2.554,2.534,2.505,2.128,2.174,2.593,3.262,2.251,2.975,1.624,1.879,1.366,2.74,2.201,1.969,1.721,1.881,1.636,2.12,1.865,2.236,2.03,1.882,2.629,2.348,2.477,2.744,2.988,3.824,2.746,3.169,3.621,3.628,2.841,2.477,2.655,2.598,3.326,4.94,4.287,2.743,3.741,3.981,3.45,2.997,2.75,4.471,6.552,5.833,6.303,4.359,4.971,5.376,5.773,3.981,3.306,3.825,4.269,5.237,4.866,303.397,3.23,4.027,236.968,4.11,21.794,3.919,3.668,3.578,60.238,3.563,3.517,3.501,3.709,4.375,4.113,8.7,3.987,4.397,4.432,4.65,5.111,3.917,2.901,3.978,1.982,2.428,2.88,2.493,3.775,4.253,2.06,7.394,7.034,8.352,2.114,6.583,6.478,8.877,7.017,7.034,5.249,7.88,6.522,7.002,7.463,7.095,7.185,7.475,1.766,2.083,1.574,1.925,3.092,2.0,5.226,2.654,2.504,6.031,13.505,1.189,5.293,8.493,24.205,11.065,1.829,11.339,2.725,3.715,2.804,1.829,10.258,2.561,5.508,4.2,5.917,3.463,10.056,10.474,4.968,4.543,3.087,3.583,8.055,11.555,15.601,8.904,6.234,6.554,6.788,6.634,6.638,5.657,3.374,2.852,2.547,4.012,1.65,3.978,8.922,9.871,6.645,6.043,8.328,9.62,6.415,11.064,6.141,18.818,15.276,16.928,16.372,22.771,33.833,33.934,15.725,24.685,16.49,20.57,50.301,40.29,2.782,28.061,28.509,20.311,26.0,11.187,26.754
E028,3.682,3.461,3.024,3.385,3.468,4.178,3.407,3.932,3.418,2.924,2.908,2.967,1.295,0.97,1.634,1.039,0.947,2.794,0.96,1.638,0.947,2.532,2.999,2.548,2.4,8.794,2.635,0.0,0.919,2.975,2.138,0.961,2.464,5.04,4.516,4.848,4.59,5.825,5.127,3.923,4.097,3.954,4.848,4.577,3.636,3.932,4.056,4.253,3.918,4.003,5.121,4.317,4.18,3.868,3.849,3.83,3.8,3.424,3.469,3.889,4.807,3.796,4.52,3.17,3.424,2.911,4.285,3.747,3.514,3.266,3.426,3.181,3.665,3.41,3.781,3.575,3.08,4.174,3.893,4.022,4.289,4.533,5.369,4.291,4.714,5.166,5.173,4.386,4.022,4.2,4.144,4.871,6.485,5.833,4.288,5.287,5.526,4.995,4.542,4.295,6.016,8.098,7.378,7.848,5.904,6.516,6.921,6.25,5.277,4.602,5.12,5.565,6.782,6.162,297.789,4.526,4.711,231.36,4.587,22.27,4.396,4.145,4.054,61.783,4.04,3.994,3.977,4.186,4.851,4.59,9.177,4.464,4.874,4.908,5.127,5.588,4.394,3.378,4.455,2.458,2.905,3.357,2.97,4.252,4.73,2.537,7.87,7.51,8.829,3.41,7.06,6.955,9.354,7.494,7.51,5.726,8.356,6.999,7.479,7.94,7.572,7.662,7.952,3.061,3.378,2.05,2.402,4.388,3.295,3.206,0.634,0.484,4.011,7.528,2.734,6.082,9.07,24.682,11.643,3.374,11.917,4.27,5.26,4.349,3.374,9.29,4.106,7.053,5.745,7.462,5.008,11.601,10.951,6.514,6.088,4.632,5.129,9.6,13.1,17.146,10.449,7.53,7.85,7.368,7.111,7.115,6.134,3.851,3.329,3.024,4.488,2.168,4.455,9.399,10.348,7.121,6.519,8.804,10.097,6.891,11.541,6.618,20.363,16.821,18.473,17.917,24.317,34.31,34.411,17.27,26.23,18.036,14.963,44.694,34.683,4.327,29.606,30.055,21.856,26.477,12.732,27.231
E029,3.202,2.982,2.545,2.905,2.989,3.699,2.928,3.453,2.938,2.445,2.428,2.488,1.911,0.051,2.478,0.366,0.273,2.314,0.283,1.159,0.273,2.052,2.52,2.068,1.921,14.225,2.156,0.616,0.0,2.496,1.659,0.288,1.985,4.561,4.037,4.369,4.111,5.346,4.647,3.443,3.618,3.475,4.369,4.098,3.157,3.452,3.577,3.774,3.438,3.523,4.641,3.838,3.701,3.389,3.37,3.35,3.321,2.944,2.99,3.409,4.328,3.316,4.041,2.69,2.945,2.432,3.806,3.267,3.035,2.787,2.947,2.702,3.186,2.931,3.302,3.095,2.601,3.694,3.413,3.542,3.809,4.054,4.889,3.812,4.234,4.686,4.694,3.907,3.542,3.721,3.664,4.392,6.005,5.353,3.808,4.807,5.046,4.516,4.063,3.815,5.537,7.618,6.899,7.369,5.425,6.037,6.441,5.771,4.798,4.122,4.641,5.085,6.303,5.683,303.394,4.046,4.232,236.965,4.107,21.791,3.916,3.666,3.575,61.304,3.561,3.514,3.498,3.707,4.372,4.111,8.697,3.984,4.394,4.429,4.648,5.108,3.914,2.899,3.975,1.979,2.425,2.877,2.49,3.773,4.251,2.057,7.391,7.031,8.349,2.93,6.58,6.476,8.874,7.014,7.031,5.247,7.877,6.52,6.999,7.46,7.093,7.183,7.473,2.582,2.899,1.571,1.922,3.908,2.816,3.822,1.25,1.1,4.627,8.144,2.255,6.698,10.066,24.202,12.639,2.894,12.913,3.791,4.781,3.87,2.894,9.906,3.627,6.574,5.265,6.983,4.529,11.121,10.471,6.034,5.608,4.153,4.649,9.121,12.621,16.667,9.969,7.051,7.371,6.889,6.631,6.636,5.655,3.372,2.849,2.545,4.009,1.688,3.975,8.919,9.868,6.642,6.04,8.325,9.617,6.412,11.061,6.138,19.884,16.342,17.994,17.438,23.837,33.83,33.931,16.791,25.75,17.556,20.567,50.299,40.288,3.848,29.126,29.575,21.376,25.998,12.252,26.752
E030,1.9,1.609,0.51,1.603,1.124,1.342,1.626,1.096,1.174,1.143,0.675,1.186,2.086,2.631,1.621,2.133,2.041,0.117,2.258,1.491,2.041,0.761,0.164,0.616,1.064,14.437,1.299,2.229,2.302,0.0,0.802,2.055,0.533,2.204,2.735,3.067,2.809,2.99,2.291,2.141,2.316,2.173,2.012,1.742,1.855,2.15,2.275,2.434,2.136,2.221,2.285,2.37,2.399,2.087,2.068,2.048,2.019,1.642,1.688,2.107,1.971,0.96,1.684,0.334,0.588,0.234,1.449,0.911,0.678,0.43,0.59,0.345,0.829,0.575,0.946,0.739,0.591,1.338,1.057,1.186,1.453,1.697,2.533,1.455,1.878,2.33,2.337,1.551,1.186,1.364,1.308,2.035,3.649,2.997,1.452,2.451,2.69,2.16,1.706,1.459,3.18,5.262,4.543,5.013,3.068,3.68,4.085,5.788,3.495,2.82,3.339,3.783,3.946,4.38,303.605,2.744,3.541,237.177,4.319,22.003,3.841,3.59,3.499,58.947,3.485,3.439,3.422,3.631,4.583,4.322,8.909,4.196,4.606,4.64,3.78,5.32,4.126,3.11,4.187,1.903,2.35,3.089,2.701,3.984,4.462,1.981,7.602,7.242,8.56,1.628,6.792,6.687,9.086,7.226,7.242,5.458,8.088,6.731,7.211,7.672,7.304,7.394,7.684,1.28,1.597,1.579,1.847,2.627,1.514,5.435,2.863,2.713,6.239,13.714,0.421,6.01,9.209,24.414,11.782,0.538,12.056,1.434,2.424,1.513,0.538,11.518,1.27,4.217,2.909,4.627,2.173,8.765,10.683,3.678,3.252,1.796,2.293,6.764,10.265,14.311,7.613,5.748,6.069,6.302,6.843,6.847,5.866,3.296,2.773,2.469,4.22,1.859,4.187,9.131,10.08,6.853,6.251,8.536,9.829,6.623,11.273,6.35,17.528,13.986,15.637,15.081,21.481,34.042,34.143,14.435,23.394,15.2,20.779,50.51,40.499,1.491,26.77,27.219,19.02,26.209,9.896,26.963
E031,1.889,1.668,1.304,1.592,1.917,2.135,1.615,1.89,1.625,1.131,1.115,1.174,1.284,1.925,0.82,1.427,1.335,0.751,1.552,0.785,1.335,0.489,0.957,0.505,0.262,13.731,0.497,1.523,1.596,0.933,0.0,1.349,0.422,2.998,2.723,3.055,2.797,3.783,3.084,2.13,2.304,2.161,2.806,2.535,1.843,2.139,2.263,3.228,2.125,2.21,3.079,3.163,2.388,2.075,2.056,2.037,2.008,1.631,1.677,2.096,2.765,1.753,2.478,1.127,1.382,0.869,2.243,1.704,1.472,1.224,1.384,1.139,1.623,1.368,1.739,1.532,1.385,2.131,1.851,1.979,2.246,2.491,3.326,2.249,2.671,3.123,3.131,2.344,1.979,2.158,2.101,2.829,4.442,3.79,2.245,3.244,3.483,2.953,2.5,2.252,3.974,6.055,5.336,5.806,3.862,4.474,4.878,5.276,3.484,2.809,3.328,3.772,4.74,4.369,302.899,2.733,3.529,236.47,3.613,21.297,3.422,3.171,3.08,59.741,3.066,3.02,3.003,3.212,3.877,3.616,8.203,3.49,3.9,3.934,4.153,4.614,3.42,2.404,3.481,1.484,1.931,2.383,1.996,3.278,3.756,1.562,6.896,6.536,7.854,1.617,6.086,5.981,8.38,6.52,6.536,4.752,7.382,6.025,6.505,6.966,6.598,6.688,6.978,1.268,1.586,1.077,1.428,2.595,1.502,4.729,2.157,2.007,5.533,13.008,0.692,5.208,8.408,23.708,10.98,1.331,11.255,2.228,3.218,2.307,1.331,10.812,2.064,5.011,3.702,5.42,2.966,9.558,9.977,4.471,4.045,2.59,3.086,7.558,11.058,15.104,8.406,5.737,6.057,6.29,6.137,6.141,5.16,2.877,2.354,2.05,3.514,1.153,3.481,8.425,9.373,6.147,5.545,7.83,9.123,5.917,10.567,5.644,18.321,14.779,16.431,15.875,22.274,33.336,33.437,15.228,24.187,15.993,20.073,49.804,39.793,2.284,27.563,28.012,19.813,25.503,10.69,26.257
E032,2.898,2.678,2.241,2.601,2.685,3.395,2.624,3.149,2.635,2.141,2.125,2.184,1.665,0.576,2.174,0.078,0.015,2.01,0.244,0.855,0.015,1.749,2.216,1.765,1.617,13.922,1.852,0.37,0.288,2.192,1.355,0.0,1.681,4.257,3.733,4.065,3.807,5.042,4.343,3.14,3.314,3.171,4.065,3.794,2.853,3.149,3.273,3.47,3.135,3.219,4.338,3.534,3.397,3.085,3.066,3.047,3.018,2.641,2.686,3.106,4.024,3.013,3.737,2.386,2.641,2.128,3.502,2.963,2.731,2.483,2.643,2.398,2.882,2.627,2.998,2.792,2.297,3.391,3.11,3.239,3.506,3.75,4.586,3.508,3.931,4.383,4.39,3.603,3.239,3.417,3.361,4.088,5.702,5.05,3.505,4.504,4.743,4.212,3.759,3.512,5.233,7.314,6.595,7.065,5.121,5.733,6.138,5.467,4.494,3.819,4.337,4.782,5.999,5.379,303.09,3.743,3.928,236.661,3.804,21.488,3.613,3.362,3.272,61.0,3.257,3.211,3.194,3.403,4.068,3.807,8.394,3.681,4.091,4.125,4.344,4.805,3.611,2.595,3.672,1.675,2.122,2.574,2.186,3.469,3.947,1.754,7.087,6.727,8.045,2.627,6.277,6.172,8.571,6.711,6.727,4.943,7.573,6.216,6.696,7.157,6.789,6.879,7.169,2.278,2.595,1.267,1.619,3.605,2.512,3.576,1.004,0.854,4.38,7.898,1.951,6.452,9.763,23.899,12.335,2.591,12.609,3.487,4.477,3.566,2.591,9.659,3.323,6.27,4.962,6.679,4.226,10.818,10.168,5.731,5.305,3.849,4.346,8.817,12.317,16.363,9.666,6.747,7.067,6.585,6.328,6.332,5.351,3.068,2.546,2.241,3.705,1.385,3.672,8.616,9.565,6.338,5.736,8.021,9.313,6.108,10.758,5.835,19.581,16.038,17.69,17.134,23.534,33.527,33.628,16.488,25.447,17.253,20.264,49.995,39.984,3.544,28.823,29.271,21.073,25.694,11.949,26.448
E033,1.627,1.407,1.042,1.33,1.655,1.874,1.353,1.628,1.363,0.87,0.853,0.913,1.699,2.244,1.234,1.746,1.653,0.489,1.871,1.104,1.653,0.374,0.695,0.083,0.677,14.05,0.912,1.841,1.914,0.671,0.414,1.668,0.0,2.736,2.462,2.794,2.536,3.521,2.823,1.868,2.043,1.9,2.544,2.273,1.582,1.877,2.002,2.966,1.863,1.948,2.817,2.902,2.126,1.814,1.795,1.775,1.746,1.369,1.415,1.834,2.503,1.492,2.216,0.866,1.12,0.607,1.981,1.443,1.21,0.962,1.122,0.877,1.361,1.107,1.477,1.271,1.123,1.87,1.589,1.718,1.985,2.229,3.065,1.987,2.41,2.862,2.869,2.083,1.718,1.896,1.84,2.567,4.181,3.529,1.984,2.983,3.222,2.692,2.238,1.991,3.712,5.793,5.074,5.544,3.6,4.212,4.617,5.308,3.223,2.547,3.066,3.51,4.478,4.107,303.218,2.471,3.268,236.789,3.932,21.615,3.453,3.203,3.112,59.479,3.098,3.051,3.035,3.244,4.196,3.935,8.521,3.808,4.218,4.253,3.393,4.933,3.739,2.723,3.799,1.516,1.962,2.702,2.314,3.597,4.075,1.594,7.215,6.855,8.173,1.355,6.405,6.3,8.698,6.838,6.855,5.071,7.701,6.344,6.824,7.285,6.917,7.007,7.297,1.007,1.324,1.192,1.459,2.333,1.241,5.048,2.475,2.326,5.852,13.327,0.43,5.622,8.822,24.027,11.395,1.07,11.669,1.966,2.956,2.045,1.07,11.131,1.802,4.749,3.441,5.158,2.704,9.297,10.295,4.21,3.784,2.328,2.825,7.296,10.796,14.842,8.145,5.476,5.796,6.029,6.456,6.46,5.479,2.909,2.386,2.082,3.833,1.472,3.799,8.744,9.692,6.466,5.864,8.149,9.441,6.236,10.886,5.963,18.059,14.517,16.169,15.613,22.012,33.654,33.756,14.966,23.926,15.732,20.392,50.123,40.112,2.023,27.302,27.75,19.552,25.822,10.428,26.576
E034,1.081,1.708,1.657,0.959,1.226,0.889,1.675,1.429,1.277,2.15,2.105,2.193,4.034,4.461,3.569,3.963,3.871,2.065,4.088,3.321,3.871,2.709,1.772,2.564,3.012,16.385,3.247,4.059,4.132,1.948,2.75,3.885,2.481,0.0,0.905,1.073,0.979,0.899,0.931,0.814,0.55,0.642,0.244,0.463,0.961,0.665,0.54,0.344,2.506,2.591,0.194,0.28,0.633,0.729,0.748,0.767,0.829,1.467,1.614,0.708,1.942,1.314,2.479,1.763,1.904,2.183,2.244,1.705,1.479,1.747,2.38,1.661,1.375,2.364,1.279,1.899,2.021,2.487,1.852,1.54,2.248,2.137,2.503,1.426,1.849,2.3,2.308,1.521,1.54,1.335,2.102,1.886,1.558,1.465,1.422,1.471,0.882,0.729,1.677,0.874,1.649,3.171,2.452,2.922,0.978,2.149,1.994,5.055,2.104,0.99,1.626,2.07,1.856,2.667,305.553,0.914,1.839,239.125,4.468,21.77,3.494,3.244,3.153,56.284,3.139,3.092,3.076,3.285,4.35,4.089,8.676,4.279,4.263,4.407,3.433,5.087,4.503,4.11,6.135,3.382,3.829,5.037,4.65,5.932,6.41,3.461,7.98,7.62,8.938,1.187,7.17,7.064,9.463,7.603,7.62,5.836,8.466,7.109,6.978,7.439,7.071,7.161,7.451,2.287,1.421,3.058,3.326,0.536,1.338,7.265,4.692,4.543,8.069,15.662,2.369,7.43,11.897,24.791,14.47,2.327,14.744,2.088,3.219,2.851,2.327,13.348,2.419,5.012,3.704,5.421,2.143,9.56,11.06,4.472,4.046,2.591,2.047,4.674,8.174,11.648,8.408,4.035,4.355,4.588,6.61,6.614,5.633,4.775,4.253,3.948,6.168,3.807,6.135,9.508,10.457,7.231,6.629,8.914,10.206,7.001,11.65,6.117,18.322,14.78,16.432,15.876,22.275,33.809,33.91,12.344,20.731,12.537,22.727,52.458,42.447,1.036,27.564,28.013,19.814,26.587,10.691,27.34
E035,1.001,2.106,2.081,2.029,2.094,1.756,1.595,2.297,2.144,1.981,2.318,2.024,4.115,4.413,3.65,3.915,3.822,2.624,4.04,3.272,3.822,2.79,2.64,2.645,3.092,16.786,3.327,4.01,4.083,2.816,2.83,3.837,2.561,0.981,0.0,0.561,0.467,1.558,1.59,0.669,0.469,0.562,1.111,1.33,0.88,0.585,0.46,0.561,2.426,2.511,0.735,0.625,0.552,0.648,0.667,0.686,0.748,1.386,1.533,0.628,2.809,2.181,3.346,2.491,2.772,2.742,3.111,2.573,2.347,2.614,3.247,2.529,2.243,3.232,2.146,2.767,2.491,3.354,2.719,2.407,3.115,3.005,3.371,2.293,2.716,3.168,3.175,2.389,2.407,2.203,2.97,2.545,2.217,2.124,2.29,2.129,1.541,1.387,2.544,1.741,2.308,3.817,3.098,3.568,1.636,2.808,2.641,4.543,1.27,0.478,1.114,1.558,2.502,2.155,305.955,0.402,1.327,221.376,3.956,21.258,2.982,2.732,2.641,56.93,2.627,2.581,2.564,2.773,3.838,3.577,8.164,3.767,3.751,3.896,2.922,4.575,3.991,4.258,5.378,3.531,3.978,5.438,4.483,5.176,5.654,3.412,7.468,7.108,8.426,1.107,6.658,6.553,8.951,7.091,7.108,5.324,7.954,6.597,6.466,6.927,6.559,6.649,6.939,2.118,1.341,3.01,3.312,0.696,1.258,7.216,4.644,4.495,8.021,16.063,2.565,8.038,11.238,24.279,13.811,3.195,14.085,2.956,4.086,3.718,3.195,13.3,3.286,5.88,4.571,6.289,3.011,10.427,10.548,5.34,4.914,3.459,2.705,5.32,8.82,12.294,9.275,3.523,3.844,4.077,6.098,6.102,5.121,4.151,4.402,4.097,5.412,3.64,5.378,8.996,9.945,6.719,6.117,8.402,9.694,6.489,11.138,5.605,19.19,15.648,17.299,16.744,23.143,33.297,33.398,12.99,21.377,13.183,23.128,52.859,42.849,1.904,28.432,28.881,20.682,26.075,11.558,26.829
E036,1.169,2.274,2.397,2.197,2.262,1.925,1.763,2.465,2.313,2.297,2.635,2.34,4.431,4.729,3.966,4.231,4.138,2.941,4.356,3.589,4.138,3.106,2.808,2.961,3.409,16.225,3.644,4.327,4.399,3.123,3.146,4.153,2.878,1.149,0.561,0.0,0.624,1.341,1.758,0.838,0.637,0.73,1.28,1.498,1.048,0.753,0.628,0.729,2.594,2.679,0.903,0.793,0.721,0.816,0.835,0.855,0.916,1.554,1.701,0.796,2.852,2.349,3.515,2.807,2.94,3.058,3.28,2.741,2.515,2.782,3.416,2.697,2.411,3.4,2.314,2.935,2.808,3.522,2.887,2.575,3.283,3.173,3.414,2.462,2.884,3.25,3.257,2.557,2.575,2.371,3.138,2.451,2.124,2.03,2.458,2.036,1.84,1.556,2.713,1.909,2.214,3.256,2.537,3.007,1.543,2.714,2.08,3.982,0.709,0.131,0.553,0.997,1.941,1.594,305.394,0.383,0.766,220.815,3.395,20.697,2.421,2.171,2.08,56.369,2.066,2.019,2.003,2.212,3.277,3.016,7.603,3.206,3.19,3.334,2.361,4.014,3.43,3.697,4.817,2.97,3.417,4.877,4.59,4.614,5.093,3.301,6.907,6.547,7.865,1.275,6.096,5.992,8.39,6.53,6.547,4.763,7.393,6.036,5.905,6.366,5.998,6.088,6.378,2.434,1.509,3.102,2.751,0.864,1.426,7.532,4.96,4.811,8.337,15.502,2.881,8.354,11.554,23.718,14.127,3.363,14.401,3.124,4.255,3.886,3.363,13.616,3.455,6.048,4.739,6.457,3.054,10.595,9.987,5.508,5.082,3.627,2.612,4.759,8.259,11.733,9.443,2.962,3.282,3.515,5.537,5.541,4.56,3.59,3.841,3.536,4.851,3.957,4.817,8.435,9.384,6.158,5.556,7.841,9.133,5.928,10.577,5.044,19.358,15.816,17.468,16.912,23.311,32.736,32.837,12.429,20.816,12.622,22.567,52.298,42.287,2.072,28.6,29.049,20.85,25.514,11.726,26.267
E037,1.075,2.179,2.155,2.103,2.168,1.83,1.669,2.371,2.218,2.055,2.392,2.098,4.189,4.487,3.724,3.989,3.896,2.698,4.114,3.346,3.896,2.864,2.713,2.719,3.166,16.292,3.401,4.084,4.157,2.889,2.904,3.91,2.635,1.055,0.467,0.624,0.0,1.631,1.664,0.743,0.543,0.636,1.185,1.404,0.954,0.658,0.534,0.635,2.5,2.585,0.808,0.699,0.626,0.722,0.741,0.76,0.822,1.46,1.607,0.702,2.883,2.255,3.42,2.564,2.846,2.816,3.185,2.647,2.421,2.688,3.321,2.603,2.316,3.305,2.22,2.841,2.565,3.428,2.793,2.481,3.189,3.078,3.445,2.367,2.79,3.242,3.249,2.463,2.481,2.276,3.044,2.619,2.291,2.198,2.364,2.203,1.615,1.461,2.618,1.815,2.381,3.904,3.184,3.655,1.71,2.881,2.727,4.606,1.333,0.541,1.177,1.621,2.588,2.218,305.461,0.465,1.39,221.44,4.019,21.321,3.045,2.795,2.704,57.017,2.69,2.643,2.627,2.836,3.901,3.64,8.227,3.83,3.814,3.958,2.985,4.638,4.054,4.322,5.441,3.594,4.041,4.944,4.557,5.239,5.717,3.486,7.531,7.171,8.489,1.18,6.721,6.616,9.014,7.154,7.171,5.387,8.017,6.66,6.529,6.99,6.622,6.712,7.002,2.192,1.415,3.084,3.375,0.769,1.332,7.29,4.718,4.568,8.095,15.569,2.639,8.112,11.312,24.342,13.884,3.269,14.159,3.03,4.16,3.792,3.269,13.374,3.36,5.953,4.645,6.363,3.085,10.501,10.611,5.414,4.988,3.532,2.779,5.406,8.906,12.38,9.349,3.586,3.906,4.14,6.161,6.165,5.184,4.214,4.465,4.16,5.475,3.714,5.441,9.059,10.008,6.782,6.18,8.465,9.757,6.552,11.201,5.668,19.264,15.722,17.373,16.817,23.217,33.36,33.461,13.076,21.463,13.269,22.634,52.365,42.355,1.978,28.506,28.955,20.756,26.138,11.632,26.892
E038,1.762,2.493,2.442,1.745,2.012,1.674,2.357,2.215,2.062,2.935,2.89,2.978,4.82,5.247,4.355,4.749,4.656,2.85,4.874,4.106,4.656,3.495,2.558,3.35,3.797,17.358,4.032,4.844,4.917,2.734,3.535,4.671,3.266,0.899,1.586,1.341,1.66,0.0,0.704,1.495,1.231,1.324,1.029,1.248,1.642,1.346,1.222,1.025,3.188,3.272,0.876,0.961,1.314,1.41,1.429,1.448,1.51,2.148,2.295,1.389,1.665,2.099,3.264,2.549,2.69,2.968,3.029,2.491,2.264,2.532,3.165,2.447,2.16,3.15,2.064,2.685,2.807,3.272,2.637,2.325,3.033,2.922,2.227,2.211,2.634,2.063,2.07,2.307,2.325,2.12,2.888,1.265,0.937,0.844,2.208,0.849,0.653,0.835,1.927,1.659,1.027,2.278,1.558,2.029,0.356,1.527,1.101,5.115,1.081,1.472,1.686,2.13,0.962,2.728,306.527,1.387,1.899,209.999,4.528,21.83,3.554,3.304,3.213,55.391,3.199,3.153,3.136,3.345,4.411,4.149,8.736,4.339,4.323,4.468,3.494,5.147,4.564,4.831,5.95,4.104,4.55,6.01,5.435,5.748,6.226,4.246,8.04,7.68,8.998,1.868,7.23,7.125,9.523,7.663,7.68,5.896,8.526,7.169,7.038,7.499,7.131,7.221,7.511,3.072,2.103,3.844,3.884,1.217,2.019,8.05,5.478,5.328,8.855,16.635,3.155,8.215,12.682,24.852,15.255,3.113,15.529,2.874,4.004,3.636,3.113,14.134,3.204,5.797,4.489,6.207,1.867,10.345,11.12,5.258,4.832,3.376,1.425,3.78,7.28,10.754,9.193,3.145,3.465,3.698,6.67,6.674,5.693,4.723,4.974,4.669,5.984,4.593,5.95,9.569,10.517,7.291,6.689,8.974,10.266,7.061,11.71,6.177,19.108,15.566,17.217,16.662,23.061,33.869,33.97,11.451,19.837,11.643,23.7,53.431,43.421,1.822,28.35,28.799,20.6,26.647,11.476,27.401
E039,1.795,1.58,1.744,1.046,1.313,0.976,1.871,1.516,1.364,2.236,2.192,1.728,4.121,4.548,3.656,4.05,3.957,2.152,4.175,3.408,3.957,2.796,1.859,2.651,3.099,16.471,3.334,4.145,4.218,2.035,2.836,3.972,2.568,0.931,1.619,1.787,1.692,0.704,0.0,1.527,1.263,1.356,1.062,0.949,1.674,1.379,1.254,1.057,2.381,2.466,0.908,0.993,1.347,1.442,1.461,1.481,1.542,2.18,1.933,1.422,1.64,1.4,2.566,1.85,1.991,2.269,2.331,1.792,1.566,1.833,2.466,1.748,1.462,2.451,1.365,1.986,2.108,2.573,1.938,1.626,2.334,1.835,2.202,1.124,1.547,1.999,2.006,1.219,1.626,1.033,1.623,1.187,1.058,0.966,1.121,0.771,0.399,0.131,1.375,0.746,1.148,2.976,2.257,2.727,0.696,1.698,1.799,5.942,1.908,1.704,2.513,2.958,1.661,3.555,305.64,1.628,2.727,239.211,5.355,22.657,4.382,4.131,4.04,56.089,4.026,3.98,3.963,4.172,5.238,4.977,9.563,5.166,5.15,5.295,4.321,5.974,6.161,4.196,6.221,3.469,3.916,5.124,4.736,6.019,6.497,3.547,9.637,9.277,10.595,1.901,8.827,8.722,11.12,9.261,9.277,7.493,10.123,8.766,7.865,8.326,7.958,8.048,8.338,2.373,2.135,3.145,3.413,1.25,2.052,7.351,4.779,4.63,8.156,15.749,2.456,7.516,11.984,26.449,14.556,2.414,14.83,2.175,3.305,2.937,2.414,13.435,2.506,5.099,3.79,5.508,1.841,9.646,12.717,4.559,4.133,2.678,1.348,4.478,7.979,11.452,8.494,3.843,4.163,4.396,7.497,7.501,6.521,4.862,4.339,4.035,6.255,3.894,6.221,11.166,12.114,8.888,8.286,10.571,11.863,8.658,13.308,7.004,18.409,14.867,16.519,15.963,22.362,34.696,34.797,12.149,20.535,12.341,22.814,52.545,42.534,0.908,27.651,28.1,19.901,28.244,10.777,28.998
E040,1.051,1.512,1.487,1.435,1.931,1.665,1.002,2.281,1.881,1.388,1.725,1.431,3.521,3.819,3.056,3.321,3.228,2.031,3.446,2.679,3.228,2.196,2.067,2.051,2.499,15.625,2.734,3.417,3.49,2.213,2.236,3.243,1.968,0.89,0.87,1.039,0.944,1.466,1.499,0.0,0.452,0.308,1.02,1.239,0.286,0.286,0.41,0.47,1.832,1.917,0.643,0.534,0.535,0.222,0.203,0.184,0.122,0.793,0.94,0.243,2.718,2.165,3.33,1.897,2.313,2.148,3.095,2.557,2.403,2.155,2.663,2.07,2.227,2.648,2.13,2.308,1.898,3.338,2.703,2.391,3.099,2.913,3.28,2.202,2.625,3.077,3.084,2.297,2.391,2.111,2.954,2.454,2.126,2.032,2.199,2.038,1.45,1.296,2.453,1.65,2.216,3.738,3.019,3.489,1.545,2.716,2.562,5.02,1.776,0.956,1.619,2.064,2.423,2.661,304.793,0.88,1.805,238.364,4.433,21.735,3.46,3.209,3.119,56.851,3.104,3.058,3.041,3.25,4.316,4.055,8.641,4.245,4.229,4.373,3.399,5.052,4.469,3.467,5.375,2.74,3.187,4.277,3.889,5.172,5.65,2.819,7.945,7.585,8.904,0.513,7.135,7.03,9.429,7.569,7.585,5.801,8.431,7.074,6.944,7.404,7.037,7.127,7.417,1.524,0.747,2.416,2.684,0.604,0.664,6.623,4.05,3.901,7.427,14.902,1.972,7.444,10.644,24.757,13.217,2.611,13.491,2.94,4.07,3.587,2.611,12.706,3.27,5.863,4.555,6.273,2.919,10.411,11.026,5.324,4.898,3.442,2.614,5.241,8.741,12.215,9.259,4.029,4.349,4.582,6.575,6.58,5.599,4.133,3.611,3.306,5.408,3.047,5.375,9.474,10.423,7.197,6.595,8.88,10.172,6.966,11.616,6.083,19.174,15.632,17.283,16.728,23.127,33.774,33.876,12.911,21.298,13.104,21.967,51.698,41.687,1.812,28.416,28.865,20.666,26.552,11.542,27.306
E041,0.531,1.687,1.662,1.61,1.739,1.401,1.176,1.942,1.789,1.562,1.9,1.605,3.696,3.994,3.231,3.496,3.403,2.206,3.621,2.853,3.403,2.371,2.284,2.226,2.674,15.799,2.909,3.591,3.664,2.461,2.411,3.418,2.143,0.626,0.469,0.637,0.543,1.202,1.235,0.378,0.0,0.143,0.756,0.975,0.461,0.166,0.041,0.206,2.007,2.092,0.379,0.27,0.083,0.229,0.248,0.268,0.329,0.967,1.114,0.209,2.454,1.826,2.991,2.072,2.417,2.323,2.756,2.218,1.992,2.259,2.892,2.174,1.887,2.877,1.791,2.412,2.072,2.999,2.364,2.052,2.76,2.65,3.016,1.938,2.361,2.813,2.82,2.034,2.052,1.847,2.615,2.19,1.862,1.769,1.935,1.774,1.186,1.032,2.189,1.386,1.952,3.475,2.756,3.225,1.281,2.452,2.298,4.619,1.347,0.555,1.19,1.635,2.159,2.232,304.968,0.479,1.404,238.539,4.032,21.334,3.059,2.808,2.718,56.588,2.703,2.657,2.64,2.849,3.915,3.654,8.24,3.844,3.828,3.972,2.998,4.651,4.068,3.642,5.455,2.915,3.362,4.451,4.064,5.252,5.73,2.993,7.544,7.184,8.502,0.688,6.734,6.629,9.028,7.168,7.184,5.4,8.03,6.673,6.542,7.003,6.636,6.726,7.016,1.699,0.922,2.591,2.859,0.341,0.839,6.797,4.225,4.076,7.602,15.076,2.146,7.619,10.819,24.356,13.392,2.84,13.666,2.601,3.731,3.363,2.84,12.881,2.931,5.524,4.216,5.934,2.656,10.072,10.625,4.985,4.559,3.103,2.35,4.977,8.477,11.951,8.92,3.6,3.92,4.153,6.174,6.179,5.198,4.228,3.785,3.481,5.488,3.222,5.455,9.073,10.022,6.795,6.193,8.478,9.771,6.565,11.215,5.681,18.835,15.293,16.944,16.389,22.788,33.373,33.474,12.648,21.034,12.84,22.142,51.873,41.862,1.549,28.077,28.526,20.327,26.151,11.203,26.905
E042,0.675,1.544,1.519,1.467,1.832,1.494,1.033,2.035,1.913,1.419,1.756,1.462,3.553,3.851,3.088,3.353,3.26,2.062,3.478,2.71,3.26,2.228,2.099,2.083,2.53,15.656,2.765,3.448,3.521,2.244,2.268,3.275,1.999,0.719,0.562,0.73,0.636,1.295,1.328,0.308,0.143,0.0,0.849,1.068,0.318,0.022,0.102,0.299,1.864,1.949,0.472,0.363,0.226,0.086,0.105,0.124,0.186,0.824,0.971,0.066,2.547,1.919,3.084,1.929,2.509,2.18,2.849,2.311,2.084,2.352,2.695,2.266,1.98,2.679,1.884,2.505,1.929,3.092,2.457,2.145,2.853,2.742,3.109,2.031,2.454,2.906,2.913,2.126,2.145,1.94,2.708,2.283,1.955,1.861,2.028,1.867,1.279,1.125,2.282,1.479,2.045,3.567,2.848,3.318,1.374,2.545,2.391,4.712,1.44,0.647,1.283,1.728,2.252,2.325,304.825,0.571,1.497,238.396,4.125,21.427,3.152,2.901,2.81,56.68,2.796,2.75,2.733,2.942,4.008,3.747,8.333,3.936,3.92,4.065,3.091,4.744,4.161,3.499,5.406,2.772,3.219,4.308,3.921,5.204,5.682,2.85,7.637,7.277,8.595,0.544,6.827,6.722,9.12,7.261,7.277,5.493,8.123,6.766,6.635,7.096,6.728,6.818,7.108,1.556,0.779,2.448,2.715,0.433,0.696,6.654,4.082,3.932,7.459,14.933,2.003,7.476,10.676,24.449,13.249,2.643,13.523,2.694,3.824,3.456,2.643,12.738,3.024,5.617,4.309,6.027,2.748,10.165,10.717,5.078,4.652,3.196,2.443,5.07,8.57,12.044,9.013,3.693,4.013,4.246,6.267,6.271,5.29,4.165,3.642,3.338,5.44,3.078,5.406,9.166,10.114,6.888,6.286,8.571,9.863,6.658,11.308,5.774,18.928,15.385,17.037,16.481,22.881,33.466,33.567,12.74,21.127,12.933,21.998,51.73,41.719,1.641,28.17,28.619,20.42,26.244,11.296,26.998
E043,1.211,1.516,1.465,0.768,1.035,0.697,1.806,1.238,1.085,1.958,1.913,2.001,3.842,4.269,3.377,3.772,3.679,1.873,3.896,3.129,3.679,2.518,1.58,2.373,2.82,16.193,3.055,3.867,3.94,1.756,2.558,3.693,2.289,0.244,1.035,1.203,1.109,1.029,1.062,0.944,0.68,0.773,0.0,0.271,1.091,0.795,0.671,0.474,1.741,1.825,0.325,0.41,0.763,0.859,0.878,0.897,0.959,1.597,1.744,0.839,1.75,1.122,2.287,1.572,1.712,1.991,2.052,1.514,1.287,1.555,2.188,1.47,1.183,2.172,1.087,1.708,1.829,2.295,1.66,1.348,2.056,1.945,2.312,1.234,1.657,2.109,2.116,1.329,1.348,1.143,1.911,1.814,1.689,1.595,1.231,1.601,1.013,1.089,1.485,0.682,1.779,3.301,2.582,3.052,1.108,2.279,2.125,5.185,2.234,1.121,1.756,2.2,1.986,2.798,305.362,1.044,1.97,238.933,4.598,21.9,3.625,3.374,3.283,56.414,3.269,3.223,3.206,3.415,4.481,4.22,8.806,4.409,4.393,4.538,3.564,5.217,4.634,3.918,5.943,3.191,3.637,4.845,4.458,5.74,6.219,3.269,8.11,7.75,9.068,1.317,7.3,7.195,9.594,7.734,7.75,5.966,8.596,7.239,7.108,7.569,7.201,7.291,7.581,2.095,1.552,2.866,3.134,0.666,1.468,7.073,4.501,4.351,7.878,15.47,2.177,7.238,11.705,24.922,14.278,2.136,14.552,1.897,3.027,2.659,2.136,13.157,2.227,4.82,3.512,5.229,1.951,9.368,11.191,4.281,3.855,2.399,2.072,4.804,8.304,11.778,8.216,4.166,4.486,4.719,6.74,6.744,5.763,4.583,4.061,3.756,5.977,3.615,5.943,9.639,10.587,7.361,6.759,9.044,10.336,7.131,11.781,6.247,18.131,14.588,16.24,15.684,22.084,33.939,34.04,12.474,20.861,12.667,22.535,52.267,42.256,0.845,27.373,27.822,19.623,26.717,10.499,27.471
E044,1.43,1.245,1.194,0.497,0.764,0.426,0.96,0.967,0.814,1.687,1.643,1.73,3.572,3.999,3.107,3.501,3.408,1.603,3.626,2.858,3.408,2.247,1.31,2.102,2.55,15.922,2.784,3.596,3.669,1.486,2.287,3.423,2.018,0.463,1.254,1.422,1.328,1.248,0.949,1.163,0.899,0.992,0.271,0.0,1.31,1.014,0.889,0.693,1.47,1.555,0.543,0.628,0.982,1.078,1.097,1.116,1.178,2.187,1.022,1.057,1.479,0.851,2.016,1.301,1.442,1.72,1.781,1.243,1.017,1.284,1.917,1.199,0.912,1.902,0.816,1.437,1.559,2.024,1.389,1.077,1.785,1.675,2.041,0.963,1.386,1.838,1.845,1.059,1.077,0.872,1.64,1.543,1.907,1.814,0.96,1.82,1.232,0.818,1.214,0.411,1.998,3.52,2.801,3.271,1.327,2.498,2.344,5.404,2.453,1.339,1.975,2.419,2.205,3.016,305.091,1.263,2.188,238.662,5.804,22.572,3.843,3.593,3.502,56.633,3.488,3.442,3.425,3.634,5.152,4.891,9.478,5.681,4.612,5.21,3.783,5.889,5.611,3.647,5.672,2.92,3.366,4.574,4.187,5.47,5.948,2.998,9.088,8.728,10.046,1.536,8.278,8.173,10.571,8.711,8.728,6.944,9.574,8.217,7.78,8.241,7.873,7.963,8.253,1.824,2.141,2.596,2.864,0.885,2.058,6.802,4.23,4.08,7.607,15.2,1.907,6.967,11.434,25.899,14.007,1.865,14.281,1.626,2.756,2.388,1.865,12.886,1.956,4.549,3.241,4.959,1.681,9.097,12.168,4.01,3.584,2.128,1.801,5.023,8.523,11.996,7.945,4.384,4.704,4.938,7.412,7.416,6.435,4.313,3.79,3.486,5.706,3.345,5.672,10.617,11.565,8.339,7.737,10.022,11.314,8.109,12.758,6.919,17.86,14.318,15.969,15.414,21.813,34.611,34.712,12.693,21.08,12.886,22.265,51.996,41.985,0.574,27.102,27.551,19.352,27.695,10.228,28.449
E045,0.764,1.226,1.201,1.149,1.645,1.812,0.715,1.994,1.595,1.101,1.438,1.144,3.235,3.533,2.769,3.035,2.942,1.744,3.16,2.392,2.942,1.91,1.781,1.765,2.212,15.338,2.447,3.13,3.203,1.926,1.95,2.957,1.681,1.037,0.88,1.048,0.954,1.613,1.646,0.286,0.461,0.318,1.167,1.386,0.0,0.296,0.42,0.617,1.546,1.631,0.79,0.681,0.544,0.232,0.213,0.194,0.164,0.506,0.653,0.252,2.639,1.879,3.044,1.611,2.026,1.862,2.809,2.27,2.116,1.869,2.377,1.783,1.94,2.361,1.844,2.022,1.611,3.052,2.417,2.105,2.813,2.834,3.201,2.123,2.546,2.998,3.005,2.219,2.105,2.032,2.667,2.703,2.273,2.179,2.12,2.185,1.597,1.443,2.374,1.797,2.363,3.885,3.166,3.636,1.692,2.863,2.709,5.007,1.758,0.966,1.601,2.046,2.57,2.643,304.507,0.889,1.815,238.078,4.42,21.722,3.447,3.196,3.105,56.998,3.091,3.045,3.028,3.237,4.303,4.042,8.628,4.231,4.215,4.36,3.386,5.039,5.027,3.181,5.088,2.454,2.9,3.99,3.603,4.885,5.364,2.532,8.504,8.144,9.462,0.226,7.693,7.588,9.987,8.127,8.144,6.359,8.99,7.632,6.93,7.391,7.023,7.113,7.403,1.238,0.461,2.13,2.397,0.751,0.378,6.336,3.764,3.614,7.141,14.615,1.685,7.158,10.358,25.315,12.931,2.325,13.205,2.653,3.784,3.3,2.325,12.42,2.984,5.577,4.269,5.986,2.841,10.125,11.584,5.037,4.612,3.156,2.761,5.388,8.888,12.362,8.973,4.011,4.331,4.564,6.562,6.566,5.585,3.846,3.324,3.019,5.122,2.76,5.088,10.032,10.981,7.755,7.153,9.438,10.73,7.525,12.174,6.069,18.887,15.345,16.997,16.441,22.84,33.761,33.862,13.058,21.445,13.251,21.68,51.411,41.401,1.96,28.13,28.578,20.38,27.111,11.256,27.864
E046,0.697,1.521,1.496,1.444,1.941,1.516,1.011,2.057,1.89,1.397,1.734,1.44,3.53,3.828,3.065,3.33,3.238,2.04,3.455,2.688,3.238,2.205,2.076,2.06,2.508,15.634,2.743,3.426,3.499,2.222,2.246,3.252,1.977,0.741,0.585,0.753,0.658,1.318,1.35,0.286,0.166,0.022,0.871,1.09,0.296,0.0,0.124,0.321,1.842,1.927,0.494,0.385,0.249,0.064,0.083,0.102,0.164,0.802,0.949,0.043,2.569,1.941,3.107,1.906,2.322,2.158,2.872,2.333,2.107,2.164,2.673,2.079,2.003,2.657,1.906,2.317,1.907,3.114,2.479,2.167,2.875,2.765,3.131,2.054,2.476,2.928,2.935,2.149,2.167,1.962,2.73,2.305,1.977,1.884,2.05,1.889,1.301,1.147,2.304,1.501,2.068,3.59,2.871,3.341,1.396,2.568,2.413,4.734,1.462,0.67,1.305,1.75,2.275,2.347,304.802,0.594,1.519,238.374,4.147,21.449,3.174,2.924,2.833,56.703,2.818,2.772,2.755,2.964,4.03,3.769,8.355,3.959,3.943,4.087,3.113,4.766,4.183,3.477,5.384,2.75,3.196,4.286,3.899,5.181,5.659,2.828,7.659,7.3,8.618,0.522,6.849,6.744,9.143,7.283,7.3,5.515,8.146,6.788,6.658,7.119,6.751,6.841,7.131,1.534,0.757,2.425,2.693,0.456,0.673,6.632,4.06,3.91,7.436,14.911,1.981,7.454,10.653,24.471,13.226,2.62,13.5,2.716,3.846,3.478,2.62,12.715,3.046,5.639,4.331,6.049,2.771,10.187,10.74,5.1,4.674,3.219,2.466,5.092,8.593,12.066,9.035,3.715,4.035,4.268,6.29,6.294,5.313,4.142,3.62,3.315,5.417,3.056,5.384,9.188,10.137,6.911,6.309,8.594,9.886,6.68,11.33,5.797,18.95,15.408,17.059,16.504,22.903,33.489,33.59,12.763,21.149,12.955,21.976,51.707,41.696,1.664,28.192,28.641,20.442,26.267,11.318,27.02
E047,0.573,1.646,1.621,1.569,1.73,1.392,1.135,1.933,1.78,1.521,1.859,1.564,3.655,3.953,3.19,3.455,3.362,2.164,3.58,2.812,3.362,2.33,2.275,2.185,2.632,15.758,2.867,3.55,3.623,2.346,2.37,3.377,2.101,0.617,0.46,0.628,0.534,1.193,1.226,0.41,0.041,0.102,0.747,0.966,0.42,0.124,0.0,0.197,1.966,2.051,0.37,0.261,0.124,0.188,0.207,0.227,0.288,0.926,1.073,0.168,2.445,1.817,2.982,2.031,2.407,2.282,2.747,2.208,1.982,2.25,2.883,2.164,1.878,2.867,1.782,2.402,2.031,2.99,2.355,2.043,2.751,2.64,3.006,1.929,2.352,2.804,2.811,2.024,2.043,1.838,2.606,2.18,1.853,1.759,1.925,1.765,1.177,1.023,2.18,1.377,1.943,3.465,2.746,3.216,1.272,2.443,2.289,4.61,1.337,0.545,1.181,1.625,2.15,2.223,304.927,0.469,1.395,238.498,4.023,21.325,3.05,2.799,2.708,56.578,2.694,2.648,2.631,2.84,3.906,3.644,8.231,3.834,3.818,3.963,2.989,4.642,4.059,3.601,5.445,2.874,3.321,4.41,4.023,5.243,5.721,2.952,7.535,7.175,8.493,0.647,6.725,6.62,9.018,7.158,7.175,5.391,8.021,6.664,6.533,6.994,6.626,6.716,7.006,1.658,0.881,2.55,2.817,0.331,0.798,6.756,4.184,4.035,7.561,15.035,2.105,7.578,10.778,24.346,13.351,2.83,13.625,2.591,3.722,3.354,2.83,12.84,2.922,5.515,4.207,5.924,2.646,10.063,10.615,4.976,4.55,3.094,2.341,4.968,8.468,11.942,8.911,3.591,3.91,4.144,6.165,6.169,5.188,4.218,3.744,3.44,5.479,3.18,5.445,9.064,10.012,6.786,6.184,8.469,9.761,6.556,11.206,5.672,18.826,15.283,16.935,16.379,22.779,33.364,33.465,12.638,21.025,12.831,22.1,51.832,41.821,1.539,28.068,28.516,20.318,26.142,11.194,26.896
E048,0.738,1.842,1.963,1.266,1.533,1.195,1.332,1.736,1.583,1.718,2.055,1.761,3.852,4.15,3.386,3.652,3.559,2.371,3.776,3.009,3.559,2.527,2.078,2.382,2.829,15.955,3.064,3.747,3.82,2.255,2.567,3.574,2.298,0.42,0.561,0.729,0.635,0.996,1.029,0.47,0.206,0.299,0.55,0.769,0.617,0.321,0.197,0.0,2.163,2.248,0.173,0.064,0.289,0.385,0.404,0.423,0.485,1.123,1.27,0.365,2.248,1.62,2.785,2.07,2.211,2.489,2.55,2.012,1.785,2.053,2.686,1.968,1.681,2.67,1.585,2.206,2.328,2.793,2.158,1.846,2.554,2.443,2.81,1.732,2.155,2.607,2.614,1.827,1.846,1.641,2.409,1.984,1.656,1.563,1.729,1.568,0.98,0.826,1.983,1.18,1.746,3.268,2.549,3.019,1.075,2.246,2.092,4.711,1.439,0.647,1.282,1.727,1.953,2.324,305.124,0.571,1.496,238.695,4.124,21.426,3.151,2.9,2.809,56.382,2.795,2.749,2.732,2.941,4.007,3.746,8.332,3.935,3.919,4.064,3.09,4.743,4.16,3.798,5.546,3.071,3.517,4.607,4.22,5.344,5.822,3.149,7.636,7.276,8.595,0.843,6.826,6.721,9.12,7.26,7.276,5.492,8.122,6.765,6.634,7.095,6.728,6.817,7.107,1.855,1.078,2.747,3.014,0.193,0.995,6.953,4.381,4.231,7.758,15.232,2.675,7.736,12.203,24.448,14.776,2.634,15.05,2.395,3.525,3.157,2.634,13.037,2.725,5.318,4.01,5.728,2.45,9.866,10.717,4.779,4.353,2.897,2.144,4.771,8.271,11.745,8.714,3.692,4.012,4.245,6.266,6.271,5.29,4.32,3.941,3.636,5.58,3.377,5.546,9.165,10.114,6.887,6.285,8.57,9.863,6.657,11.307,5.774,18.629,15.086,16.738,16.182,22.582,33.465,33.566,12.441,20.828,12.634,22.297,52.028,42.017,1.343,27.871,28.32,20.121,26.243,10.997,26.997
E049,0.81,1.915,2.162,1.464,1.732,1.394,1.405,1.935,1.782,1.791,2.128,1.834,3.924,4.222,3.459,3.724,3.632,2.57,3.849,3.082,3.632,2.599,2.277,2.454,2.902,16.028,3.137,3.82,3.893,2.453,2.64,3.646,2.371,0.619,0.634,0.802,0.708,1.195,1.228,0.542,0.279,0.371,0.749,0.968,0.69,0.394,0.27,0.199,0.0,0.085,0.372,0.263,0.362,0.458,0.476,0.496,0.558,1.196,1.343,0.437,2.447,1.819,2.984,2.268,2.409,2.688,2.749,2.211,1.984,2.252,2.885,2.166,1.88,2.869,1.784,2.404,2.301,2.992,2.357,2.045,2.753,2.642,3.009,1.931,2.354,2.806,2.813,2.026,2.045,1.84,2.607,2.183,1.855,1.761,1.927,1.767,1.179,1.025,2.182,1.379,1.945,3.467,2.748,3.218,1.274,2.445,2.291,4.784,1.511,0.719,1.355,1.799,2.152,2.396,305.196,0.643,1.568,238.768,4.197,21.499,3.223,2.973,2.882,56.58,2.868,2.822,2.805,3.014,4.08,3.818,8.405,4.008,3.992,4.137,3.163,4.816,4.232,3.871,5.619,3.143,3.59,4.68,4.293,5.417,5.895,3.222,7.709,7.349,8.667,0.916,6.899,6.794,9.192,7.332,7.349,5.565,8.195,6.838,6.707,7.168,6.8,6.89,7.18,1.927,1.151,2.819,3.087,0.333,1.067,7.026,4.454,4.304,7.83,15.305,2.874,7.935,12.402,24.52,14.975,2.833,15.249,2.594,3.724,3.356,2.833,13.109,2.924,5.517,4.209,5.926,2.648,10.065,10.789,4.978,4.552,3.096,2.343,4.97,8.47,11.944,8.913,3.764,4.084,4.318,6.339,6.343,5.362,4.392,4.014,3.709,5.653,3.45,5.619,9.238,10.186,6.96,6.358,8.643,9.935,6.73,11.379,5.846,18.828,15.285,16.937,16.381,22.78,33.538,33.639,12.64,21.027,12.833,22.37,52.101,42.09,1.541,28.07,28.518,20.32,26.316,11.196,27.07
E050,0.725,1.83,2.077,1.38,1.647,1.309,1.32,1.85,1.697,1.706,2.043,1.749,3.839,4.137,3.374,3.639,3.547,2.485,3.764,2.997,3.547,2.514,2.192,2.369,2.817,15.943,3.052,3.735,3.808,2.368,2.555,3.561,2.286,0.534,0.549,0.717,0.623,1.11,1.143,0.458,0.194,0.287,0.664,0.883,0.605,0.309,0.185,0.114,2.151,0.0,0.287,0.178,0.277,0.373,0.392,0.411,0.473,1.111,1.258,0.352,2.362,1.734,2.899,2.184,2.324,2.603,2.664,2.126,1.899,2.167,2.8,2.081,1.795,2.784,1.699,2.32,2.216,2.907,2.272,1.96,2.668,2.557,2.924,1.846,2.269,2.721,2.728,1.941,1.96,1.755,2.523,2.098,1.77,1.677,1.843,1.682,1.094,0.94,2.097,1.294,1.86,3.382,2.663,3.133,1.189,2.36,2.206,4.699,1.427,0.634,1.27,1.714,2.067,2.312,305.111,0.558,1.484,238.683,4.112,21.414,3.139,2.888,2.797,56.495,2.783,2.737,2.72,2.929,3.995,3.733,8.32,3.923,3.907,4.052,3.078,4.731,4.147,3.786,5.534,3.059,3.505,4.595,4.208,5.332,5.81,3.137,7.624,7.264,8.582,0.831,6.814,6.709,9.107,7.247,7.264,5.48,8.11,6.753,6.622,7.083,6.715,6.805,7.095,1.843,1.066,2.734,3.002,0.248,0.982,6.941,4.369,4.219,7.745,15.22,2.789,7.85,12.317,24.436,14.89,2.748,15.164,2.509,3.639,3.271,2.748,13.024,2.839,5.432,4.124,5.841,2.563,9.98,10.704,4.893,4.467,3.011,2.258,4.885,8.385,11.859,8.828,3.679,3.999,4.233,6.254,6.258,5.277,4.307,3.929,3.624,5.568,3.365,5.534,9.153,10.101,6.875,6.273,8.558,9.85,6.645,11.294,5.761,18.743,15.2,16.852,16.296,22.696,33.453,33.554,12.555,20.942,12.748,22.285,52.016,42.005,1.456,27.985,28.433,20.235,26.231,11.111,26.985
E051,1.11,1.841,1.79,1.093,1.36,1.022,1.704,1.563,1.41,2.283,2.238,2.326,4.167,4.594,3.702,4.096,4.004,2.198,4.221,3.454,4.004,2.843,1.905,2.697,3.145,16.518,3.38,4.192,4.265,2.081,2.883,4.018,2.614,0.247,0.934,1.102,1.007,0.823,0.856,0.842,0.579,0.671,0.377,0.596,0.989,0.694,0.569,0.372,2.535,2.62,0.0,0.308,0.662,0.757,0.776,0.796,0.858,1.496,1.643,0.737,2.075,1.447,2.612,1.897,2.037,2.316,2.377,1.839,1.612,1.88,2.513,1.794,1.508,2.497,1.412,2.032,2.154,2.62,1.985,1.673,2.381,2.27,2.636,1.559,1.982,2.433,2.441,1.654,1.673,1.468,2.236,1.81,1.483,1.389,1.555,1.395,0.807,0.653,1.81,1.007,1.573,3.095,2.376,2.846,0.902,2.073,1.919,5.083,2.028,1.019,1.655,2.099,1.78,2.696,305.687,0.943,1.868,239.258,4.496,21.799,3.523,3.273,3.182,56.208,3.167,3.121,3.105,3.314,4.379,4.118,8.705,4.308,4.292,4.436,3.462,5.116,4.532,4.243,6.268,3.516,3.962,5.17,4.783,6.065,6.543,3.594,8.009,7.649,8.967,1.216,7.198,7.093,9.492,7.632,7.649,5.865,8.495,7.137,7.007,7.468,7.1,7.19,7.48,2.42,1.45,3.191,3.459,0.565,1.367,7.398,4.826,4.676,8.202,15.795,2.502,7.563,12.03,24.82,14.603,2.461,14.877,2.221,3.352,2.984,2.461,13.482,2.552,5.145,3.837,5.554,2.276,9.693,11.089,4.606,4.18,2.724,1.971,4.598,8.098,11.572,8.541,3.963,4.283,4.516,6.639,6.643,5.662,4.908,4.386,4.081,6.302,3.94,6.268,9.537,10.486,7.26,6.658,8.943,10.235,7.03,11.679,6.146,18.456,14.913,16.565,16.009,22.409,33.838,33.939,12.268,20.655,12.461,22.86,52.591,42.58,1.169,27.698,28.146,19.948,26.616,10.824,27.369
E052,0.802,1.95,1.899,1.202,1.469,1.131,1.396,1.672,1.519,1.782,2.119,1.825,4.276,4.214,3.812,3.716,3.623,2.307,3.841,3.073,3.623,2.952,2.014,2.807,3.254,16.019,3.489,3.811,3.884,2.19,2.992,3.638,2.723,0.356,0.625,0.793,0.699,0.932,0.965,0.534,0.27,0.363,0.486,0.705,0.681,0.385,0.261,0.064,2.227,2.312,0.109,0.0,0.353,0.449,0.468,0.487,0.549,1.187,1.334,0.429,2.184,1.556,2.721,2.006,2.147,2.425,2.486,1.948,1.721,1.989,2.622,1.903,1.617,2.606,1.521,2.142,2.263,2.729,2.094,1.782,2.49,2.379,2.746,1.668,2.091,2.543,2.55,1.763,1.782,1.577,2.345,1.92,1.592,1.498,1.665,1.504,0.916,0.762,1.919,1.116,1.682,3.204,2.485,2.955,1.011,2.182,2.028,4.775,1.503,0.711,1.346,1.791,1.889,2.388,305.188,0.635,1.56,238.759,4.188,21.49,3.215,2.964,2.874,56.317,2.859,2.813,2.796,3.005,4.071,3.81,8.396,3.999,3.983,4.128,3.154,4.807,4.224,3.862,5.611,3.135,3.581,4.671,4.284,5.408,5.886,3.213,7.7,7.34,8.659,0.907,6.89,6.785,9.184,7.324,7.34,5.556,8.187,6.829,6.698,7.159,6.792,6.882,7.172,1.919,1.142,2.811,3.078,0.257,1.059,7.017,4.445,4.295,7.822,15.296,2.611,7.672,12.139,24.512,14.712,2.57,14.986,2.331,3.461,3.093,2.57,13.101,2.661,5.254,3.946,5.663,2.385,9.802,10.781,4.715,4.289,2.833,2.08,4.707,8.207,11.681,8.65,3.756,4.076,4.309,6.33,6.335,5.354,4.384,4.005,3.701,5.644,3.441,5.611,9.229,10.178,6.951,6.349,8.634,9.927,6.721,11.371,5.838,18.565,15.022,16.674,16.118,22.518,33.529,33.63,12.377,20.764,12.57,22.361,52.093,42.082,1.278,27.807,28.256,20.057,26.307,10.933,27.061
E053,0.448,1.77,1.745,1.693,1.822,1.484,1.259,2.025,1.872,1.645,1.983,1.688,3.779,4.077,3.314,3.579,3.486,2.289,3.704,2.937,3.486,2.454,2.368,2.309,2.757,15.882,2.992,3.674,3.747,2.544,2.494,3.501,2.225,0.709,0.552,0.721,0.626,1.286,1.318,0.461,0.083,0.226,0.839,1.058,0.544,0.249,0.124,0.289,2.09,2.175,0.462,0.353,0.0,0.312,0.331,0.351,0.412,0.706,1.197,0.292,2.537,1.909,3.075,2.155,2.5,2.406,2.84,2.301,2.075,2.342,2.975,2.257,1.971,2.96,1.874,2.495,2.155,3.082,2.447,2.135,2.843,2.732,3.099,2.021,2.444,2.896,2.903,2.117,2.135,1.93,2.698,2.273,1.945,1.852,2.018,1.857,1.269,1.115,2.272,1.469,2.035,3.558,2.838,3.309,1.364,2.535,2.381,4.702,1.43,0.638,1.273,1.718,2.243,2.315,305.051,0.562,1.487,238.622,4.115,21.417,3.142,2.891,2.801,56.671,2.786,2.74,2.723,2.932,3.998,3.737,8.323,3.926,3.911,4.055,3.081,4.734,4.151,3.725,5.538,2.998,3.445,4.535,4.147,5.335,5.813,3.076,7.627,7.268,8.586,0.771,6.817,6.712,9.111,7.251,7.268,5.483,8.114,6.756,6.625,7.087,6.719,6.809,7.099,1.782,1.005,2.674,2.942,0.424,0.922,6.88,4.308,4.159,7.685,15.16,2.229,7.702,10.902,24.439,13.475,2.923,13.749,2.684,3.814,3.446,2.923,12.964,3.014,5.607,4.299,6.017,2.739,10.155,10.708,5.068,4.642,3.187,2.433,5.06,8.561,12.034,9.003,3.683,4.003,4.236,6.257,6.262,5.281,4.311,3.868,3.564,5.571,3.305,5.538,9.156,10.105,6.878,6.277,8.562,9.854,6.648,11.298,5.765,18.918,15.376,17.027,16.472,22.871,33.456,33.557,12.731,21.117,12.923,22.225,51.956,41.945,1.632,28.16,28.609,20.41,26.234,11.286,26.988
E054,0.761,1.458,1.433,1.381,1.877,1.58,0.947,2.121,1.827,1.333,1.67,1.376,3.467,3.765,3.002,3.267,3.174,1.976,3.392,2.624,3.174,2.142,2.013,1.997,2.444,15.57,2.679,3.362,3.435,2.158,2.182,3.189,1.913,0.805,0.648,0.816,0.722,1.381,1.414,0.222,0.229,0.086,0.935,1.154,0.232,0.064,0.188,0.385,1.778,1.863,0.558,0.449,0.312,0.0,0.019,0.038,0.1,0.738,0.885,0.02,2.633,2.005,3.17,1.843,2.258,2.094,2.935,2.397,2.17,2.101,2.609,2.015,2.066,2.593,1.97,2.253,1.843,3.178,2.543,2.231,2.939,2.828,3.195,2.117,2.54,2.992,2.999,2.212,2.231,2.026,2.794,2.369,2.041,1.948,2.114,1.953,1.365,1.211,2.368,1.565,2.131,3.653,2.934,3.404,1.46,2.631,2.477,4.798,1.526,0.734,1.369,1.813,2.338,2.411,304.739,0.657,1.583,238.31,4.211,21.513,3.238,2.987,2.896,56.766,2.882,2.836,2.819,3.028,4.094,3.833,8.419,4.022,4.006,4.151,3.177,4.83,4.247,3.413,5.32,2.686,3.132,4.222,3.835,5.117,5.596,2.764,7.723,7.363,8.681,0.459,6.913,6.808,9.207,7.346,7.363,5.579,8.209,6.852,6.721,7.182,6.814,6.904,7.194,1.47,0.693,2.362,2.629,0.519,0.61,6.568,3.996,3.846,7.373,14.847,1.917,7.39,10.59,24.535,13.163,2.557,13.437,2.78,3.91,3.542,2.557,12.652,3.11,5.703,4.395,6.112,2.834,10.251,10.803,5.164,4.738,3.282,2.529,5.156,8.656,12.13,9.099,3.779,4.099,4.332,6.353,6.357,5.377,4.079,3.556,3.252,5.354,2.992,5.32,9.252,10.2,6.974,6.372,8.657,9.949,6.744,11.394,5.86,19.014,15.472,17.123,16.567,22.967,33.552,33.653,12.826,21.213,13.019,21.912,51.644,41.633,1.728,28.256,28.704,20.506,26.33,11.382,27.084
E055,0.78,1.439,1.414,1.362,1.858,1.599,0.928,2.14,1.808,1.314,1.651,1.357,3.448,3.746,2.983,3.248,3.155,1.957,3.373,2.605,3.155,2.123,1.994,1.978,2.425,15.551,2.66,3.343,3.416,2.139,2.163,3.17,1.894,0.824,0.667,0.835,0.741,1.4,1.433,0.203,0.248,0.105,0.954,1.173,0.213,0.083,0.207,0.404,1.759,1.844,0.577,0.468,0.331,0.019,0.0,0.019,0.081,0.719,0.866,0.039,2.652,2.024,3.189,1.824,2.24,2.075,2.954,2.416,2.189,2.082,2.59,1.996,2.085,2.574,1.989,2.235,1.824,3.197,2.562,2.25,2.958,2.847,3.214,2.136,2.559,3.011,3.018,2.231,2.25,2.045,2.813,2.388,2.06,1.966,2.133,1.972,1.384,1.23,2.387,1.584,2.15,3.672,2.953,3.423,1.479,2.65,2.496,4.817,1.545,0.752,1.388,1.833,2.357,2.43,304.72,0.676,1.602,238.291,4.23,21.532,3.257,3.006,2.915,56.785,2.901,2.855,2.838,3.047,4.113,3.852,8.438,4.041,4.025,4.17,3.196,4.849,4.266,3.394,5.301,2.667,3.114,4.203,3.816,5.098,5.577,2.745,7.742,7.382,8.7,0.44,6.932,6.827,9.226,7.365,7.382,5.598,8.228,6.871,6.74,7.201,6.833,6.923,7.213,1.451,0.674,2.343,2.61,0.538,0.591,6.549,3.977,3.827,7.354,14.828,1.898,7.371,10.571,24.554,13.144,2.538,13.418,2.799,3.929,3.513,2.538,12.633,3.129,5.722,4.414,6.131,2.853,10.27,10.822,5.183,4.757,3.301,2.548,5.175,8.675,12.149,9.118,3.798,4.118,4.351,6.372,6.376,5.396,4.06,3.537,3.233,5.335,2.973,5.301,9.271,10.219,6.993,6.391,8.676,9.968,6.763,11.413,5.879,19.033,15.49,17.142,16.586,22.986,33.571,33.672,12.845,21.232,13.038,21.893,51.624,41.614,1.746,28.275,28.724,20.525,26.349,11.401,27.103
E056,0.958,1.419,1.394,1.343,1.839,1.619,0.909,2.188,1.788,1.295,1.632,1.338,3.428,3.726,2.963,3.228,3.136,1.938,3.353,2.586,3.136,2.103,1.974,1.958,2.406,15.532,2.641,3.324,3.397,2.12,2.144,3.15,1.875,0.843,0.686,0.855,0.76,1.42,1.452,0.184,0.268,0.124,0.974,1.192,0.194,0.102,0.227,0.423,1.74,1.824,0.597,0.487,0.351,0.038,0.019,0.0,0.062,0.7,0.847,0.059,2.671,2.072,3.238,1.804,2.22,2.056,3.002,2.464,2.31,2.062,2.571,1.977,2.134,2.555,2.037,2.215,1.805,3.245,2.61,2.298,3.006,2.867,3.233,2.156,2.578,3.03,3.037,2.251,2.298,2.065,2.861,2.407,2.079,1.986,2.152,1.992,1.403,1.25,2.406,1.603,2.17,3.692,2.973,3.443,1.498,2.67,2.515,4.836,1.564,0.772,1.407,1.852,2.377,2.449,304.7,0.696,1.621,238.272,4.249,21.551,3.276,3.026,2.935,56.805,2.92,2.874,2.857,3.067,4.132,3.871,8.457,4.061,4.045,4.189,3.215,4.869,4.285,3.375,5.282,2.647,3.094,4.184,3.796,5.079,5.557,2.726,7.761,7.402,8.72,0.42,6.951,6.846,9.245,7.385,7.402,5.617,8.248,6.89,6.76,7.221,6.853,6.943,7.233,1.431,0.655,2.323,2.591,0.558,0.571,6.53,3.958,3.808,7.334,14.809,1.879,7.351,10.552,24.573,13.124,2.518,13.398,2.847,3.977,3.494,2.518,12.613,3.177,5.771,4.462,6.18,2.873,10.318,10.842,5.231,4.805,3.35,2.568,5.194,8.695,12.168,9.166,3.817,4.137,4.37,6.392,6.396,5.415,4.04,3.518,3.213,5.315,2.954,5.282,9.29,10.239,7.013,6.411,8.696,9.988,6.782,11.432,5.899,19.081,15.539,17.191,16.635,23.034,33.59,33.692,12.865,21.251,13.057,21.874,51.605,41.594,1.766,28.323,28.772,20.573,26.369,11.449,27.122
E057,0.928,1.39,1.365,1.313,1.809,1.68,0.879,2.159,1.759,1.266,1.603,1.308,3.399,3.697,2.934,3.199,3.106,1.909,3.324,2.557,3.106,2.074,1.945,1.929,2.377,15.502,2.612,3.294,3.367,2.091,2.114,3.121,1.846,0.905,0.748,0.916,0.822,1.481,1.514,0.122,0.329,0.186,1.035,1.254,0.164,0.164,0.288,0.485,1.71,1.795,0.658,0.549,0.412,0.1,0.081,0.062,0.0,0.67,0.818,0.12,2.733,2.043,3.208,1.775,2.191,2.026,2.973,2.435,2.281,2.033,2.541,1.948,2.104,2.526,2.008,2.186,1.776,3.216,2.581,2.269,2.977,2.928,3.295,2.217,2.64,3.092,3.099,2.313,2.269,2.126,2.832,2.469,2.141,2.048,2.214,2.053,1.465,1.311,2.468,1.665,2.231,3.753,3.034,3.505,1.56,2.731,2.577,4.898,1.626,0.834,1.469,1.914,2.438,2.511,304.671,0.758,1.683,238.242,4.311,21.613,3.338,3.087,2.997,56.867,2.982,2.936,2.919,3.128,4.194,3.933,8.519,4.122,4.106,4.251,3.277,4.93,4.347,3.345,5.252,2.618,3.065,4.154,3.767,5.05,5.528,2.696,7.823,7.463,8.781,0.391,7.013,6.908,9.307,7.447,7.463,5.679,8.309,6.952,6.821,7.282,6.915,7.005,7.295,1.402,0.625,2.294,2.562,0.62,0.542,6.5,3.928,3.779,7.305,14.78,1.849,7.322,10.522,24.635,13.095,2.489,13.369,2.818,3.948,3.464,2.489,12.584,3.148,5.741,4.433,6.151,2.935,10.289,10.904,5.202,4.776,3.32,2.629,5.256,8.757,12.23,9.137,3.879,4.199,4.432,6.453,6.457,5.477,4.011,3.489,3.184,5.286,2.925,5.252,9.352,10.301,7.074,6.472,8.757,10.05,6.844,11.494,5.96,19.052,15.509,17.161,16.605,23.005,33.652,33.753,12.927,21.313,13.119,21.845,51.576,41.565,1.828,28.294,28.743,20.544,26.43,11.42,27.184
E058,0.258,1.013,0.988,0.936,1.432,1.797,0.502,1.782,1.382,0.889,1.226,0.932,3.022,3.32,2.557,2.822,2.729,1.532,2.947,2.18,2.729,1.697,1.568,1.552,2.0,15.126,2.235,2.918,2.99,1.714,1.738,2.744,1.469,1.415,1.259,2.073,1.332,1.992,2.746,1.186,0.789,1.218,1.47,1.2,0.9,1.196,1.32,0.995,1.333,1.418,1.169,1.06,0.706,1.132,1.113,1.093,1.064,0.0,0.441,1.152,2.426,1.666,2.832,1.398,1.814,1.649,2.596,2.058,1.904,1.656,2.165,1.571,1.728,2.149,1.631,1.809,1.399,2.839,2.204,1.892,2.6,2.622,2.988,1.911,2.333,2.785,2.792,2.006,1.892,1.82,2.455,2.491,2.651,2.558,1.907,2.906,1.975,2.615,2.162,1.914,2.742,5.121,4.402,4.872,2.071,3.242,3.945,4.794,2.502,1.344,2.345,2.79,3.806,3.387,304.294,1.268,2.547,237.865,4.207,21.509,3.234,2.984,2.893,58.234,2.878,2.832,2.816,3.025,4.09,3.829,8.415,4.019,4.003,4.147,3.173,4.827,4.815,2.969,4.876,2.241,2.688,3.778,3.39,4.673,5.151,2.32,8.291,7.931,9.249,0.673,7.481,7.376,9.775,7.915,7.931,6.147,8.777,7.42,6.718,7.179,6.811,6.901,7.191,1.026,0.045,1.917,2.185,1.13,0.165,6.124,3.551,3.402,6.928,14.403,1.473,6.946,10.145,25.103,12.718,2.112,12.992,2.441,3.571,3.087,2.112,12.207,2.771,5.364,4.056,5.774,2.628,9.912,11.371,4.825,4.399,2.943,2.748,6.624,10.124,13.598,8.76,4.755,5.075,5.308,6.35,6.354,5.373,3.634,3.112,2.807,4.909,2.548,4.876,9.82,10.768,7.542,6.94,9.225,10.517,7.312,11.962,5.857,18.675,15.133,16.784,16.229,22.628,33.549,33.65,14.294,22.681,14.487,21.468,51.199,41.188,1.946,27.917,28.366,20.167,26.898,11.043,27.652
E059,0.699,0.572,0.796,0.496,1.24,1.073,0.062,1.263,1.19,0.697,1.034,0.629,2.83,3.128,2.365,2.63,2.538,1.34,2.755,1.988,2.538,1.505,1.376,1.36,1.808,14.934,2.043,2.726,2.799,1.522,1.546,2.552,1.277,1.222,1.927,2.22,2.001,2.007,1.596,1.333,1.508,1.365,1.03,0.759,1.047,1.342,1.467,1.092,0.893,0.978,1.303,1.156,1.591,1.279,1.26,1.24,1.211,0.441,0.0,1.299,1.776,1.147,2.313,1.206,1.622,1.458,2.078,1.539,1.313,1.464,1.972,1.379,1.209,1.957,1.113,1.617,1.207,2.321,1.686,1.373,2.082,1.971,2.337,1.26,1.683,2.134,2.142,1.355,1.373,1.169,1.936,1.84,2.667,2.573,1.256,2.255,1.991,1.465,1.511,1.058,2.757,4.279,3.56,4.03,2.086,3.257,3.103,4.941,2.649,2.012,2.492,2.937,2.964,3.534,304.102,1.936,2.694,237.673,4.354,21.656,3.381,3.131,3.04,57.392,3.025,2.979,2.962,3.171,4.237,3.976,8.562,4.166,4.15,4.294,3.32,4.973,4.623,2.777,4.684,2.049,2.496,3.586,3.198,4.481,4.959,2.128,8.099,7.739,9.057,0.82,7.289,7.184,9.583,7.723,7.739,5.955,8.585,7.228,6.865,7.326,6.958,7.048,7.338,0.833,0.395,1.725,1.993,1.226,0.312,5.932,3.36,3.21,6.736,14.211,1.281,6.753,9.953,24.911,12.526,1.92,12.8,1.922,3.053,2.896,1.92,12.015,2.253,4.846,3.538,5.255,1.977,9.393,11.18,4.306,3.881,2.425,2.097,5.782,9.282,12.756,8.241,4.902,5.222,5.455,6.497,6.501,5.52,3.442,2.92,2.615,4.717,2.356,4.684,9.628,10.576,7.35,6.748,9.033,10.325,7.12,11.77,6.004,18.156,14.614,16.266,15.71,22.109,33.696,33.797,13.452,21.839,13.645,21.276,51.007,40.996,1.22,27.398,27.847,19.648,26.706,10.525,27.46
E060,0.74,1.478,1.453,1.401,1.897,1.56,0.967,2.1,1.847,1.353,1.691,1.396,3.487,3.785,3.022,3.287,3.194,1.997,3.412,2.645,3.194,2.162,2.033,2.017,2.465,15.59,2.7,3.382,3.455,2.179,2.202,3.209,1.934,0.784,0.628,0.796,0.702,1.361,1.393,0.243,0.209,0.066,0.915,1.133,0.252,0.043,0.168,0.365,1.798,1.883,0.538,0.429,0.292,0.02,0.039,0.059,0.12,0.758,0.905,0.0,2.613,1.984,3.15,1.863,2.279,2.114,2.915,2.376,2.15,2.121,2.629,2.036,2.046,2.614,1.95,2.274,1.864,3.158,2.523,2.211,2.918,2.808,3.174,2.097,2.519,2.971,2.978,2.192,2.211,2.006,2.773,2.348,2.021,1.927,2.093,1.933,1.344,1.191,2.348,1.544,2.111,3.633,2.914,3.384,1.44,2.611,2.456,4.778,1.505,0.713,1.349,1.793,2.318,2.39,304.759,0.637,1.562,238.33,4.191,21.493,3.217,2.967,2.876,56.746,2.861,2.815,2.799,3.008,4.073,3.812,8.399,4.002,3.986,4.13,3.156,4.81,4.226,3.433,5.34,2.706,3.153,4.243,3.855,5.138,5.616,2.784,7.703,7.343,8.661,0.479,6.892,6.787,9.186,7.326,7.343,5.559,8.189,6.832,6.701,7.162,6.794,6.884,7.174,1.49,0.713,2.382,2.65,0.499,0.63,6.588,4.016,3.867,7.393,14.868,1.937,7.41,10.61,24.514,13.183,2.577,13.457,2.759,3.89,3.522,2.577,12.672,3.09,5.683,4.375,6.092,2.814,10.23,10.783,5.143,4.718,3.262,2.509,5.136,8.636,12.109,9.078,3.758,4.078,4.311,6.333,6.337,5.356,4.099,3.576,3.272,5.374,3.013,5.34,9.231,10.18,6.954,6.352,8.637,9.929,6.724,11.373,5.84,18.993,15.451,17.103,16.547,22.946,33.532,33.633,12.806,21.193,12.998,21.933,51.664,41.653,1.707,28.235,28.684,20.485,26.31,11.362,27.064
E061,2.674,1.346,1.424,1.387,0.994,1.08,1.638,1.197,1.044,1.917,1.872,1.495,3.801,4.228,3.336,3.731,3.638,1.832,3.855,3.088,3.638,2.477,1.539,2.331,2.779,16.152,3.014,3.826,3.899,1.715,2.517,3.652,2.248,1.942,2.733,2.848,2.807,1.64,1.64,2.642,2.378,2.471,1.75,1.479,2.629,2.493,2.369,2.172,2.148,2.233,2.023,2.108,2.461,2.557,2.576,2.595,2.657,2.416,1.7,2.536,0.0,1.081,2.246,1.53,1.671,1.95,2.011,1.472,1.246,1.514,2.147,1.428,1.142,2.131,1.046,1.666,1.788,2.254,1.619,1.307,2.015,1.172,0.562,0.838,0.947,0.596,0.603,0.64,1.307,0.747,0.96,0.401,1.456,1.362,0.58,0.816,1.188,1.509,0.598,0.894,1.546,3.655,2.936,3.406,1.309,2.046,2.479,6.562,2.588,2.818,3.193,3.637,2.34,4.234,305.32,2.894,3.406,238.892,6.034,22.801,5.002,4.752,4.661,56.768,4.646,4.6,4.583,4.792,5.382,5.121,9.707,5.911,5.404,5.439,4.941,6.118,5.841,3.877,5.902,3.15,3.596,4.804,4.417,5.699,6.177,3.228,9.318,8.958,10.276,2.402,8.507,8.402,10.801,8.941,8.958,7.173,9.804,8.446,8.009,8.47,8.103,8.193,8.483,2.054,2.371,2.825,3.093,2.364,2.288,7.032,4.46,4.31,7.836,15.429,2.136,7.197,11.664,26.129,14.237,2.095,14.511,1.855,2.986,2.618,2.095,13.115,2.186,4.779,3.471,5.188,0.202,9.327,12.398,4.239,3.814,2.358,0.658,5.158,8.658,12.132,8.175,4.523,4.843,5.076,7.641,7.646,6.665,4.542,4.02,3.715,5.936,3.574,5.902,10.846,11.795,8.569,7.967,10.252,11.544,8.338,12.988,7.149,18.089,14.547,16.199,15.643,22.042,34.84,34.941,12.828,21.215,13.021,22.494,52.225,42.214,0.926,27.332,27.78,19.582,27.924,10.458,28.678
E062,2.16,0.965,0.91,1.006,0.48,0.698,1.257,0.453,0.53,1.403,1.615,1.446,3.127,3.673,2.662,3.175,3.082,1.158,3.3,2.532,3.082,1.803,1.103,1.657,2.105,15.478,2.34,3.27,3.343,1.041,1.843,3.096,1.574,1.56,2.352,2.52,2.426,2.346,1.647,2.26,1.997,2.09,1.369,1.098,2.115,2.112,1.987,1.791,1.767,1.852,1.641,1.726,2.08,2.175,2.195,2.214,2.28,1.903,1.319,2.155,1.327,0.0,1.235,1.273,0.911,1.276,1.0,0.461,1.001,0.946,1.136,1.031,0.131,1.12,0.302,0.793,1.531,1.243,0.608,0.226,1.004,1.248,1.889,0.812,1.569,1.686,1.693,1.262,0.226,0.721,0.858,1.392,3.006,2.353,0.808,1.807,2.046,1.516,1.063,0.815,2.537,4.618,3.899,4.369,2.425,3.037,3.441,6.049,3.551,2.437,3.073,3.517,3.303,4.114,304.647,2.361,3.286,238.218,5.36,23.044,4.882,4.631,4.541,58.498,4.526,4.48,4.463,4.672,5.625,5.364,9.95,5.237,5.647,5.682,4.821,6.361,5.167,4.152,5.228,2.944,3.391,4.13,3.743,5.025,5.503,3.023,8.643,8.284,9.602,1.889,7.833,7.728,10.127,8.267,8.284,6.5,9.13,7.772,8.252,8.713,8.345,8.435,8.725,1.54,1.857,2.62,2.888,1.983,1.774,6.476,3.904,3.754,7.281,14.755,1.462,6.186,10.653,25.455,13.226,1.083,13.5,0.844,1.975,1.607,1.083,12.56,1.175,3.768,2.459,4.177,1.529,8.316,11.724,3.228,2.803,1.347,1.649,6.121,9.621,13.861,7.163,5.482,5.802,6.035,7.884,7.888,6.907,4.337,3.815,3.51,5.262,2.9,5.228,10.172,11.121,7.895,7.293,9.578,10.87,7.665,12.314,7.391,17.078,13.536,15.188,14.632,21.031,35.083,35.184,13.791,22.945,14.75,21.82,51.551,41.541,0.847,26.32,26.769,18.57,27.251,9.447,28.004
E063,3.123,1.927,1.873,1.969,1.442,1.661,2.219,1.415,1.493,2.366,2.055,2.409,3.568,4.113,3.103,3.615,3.522,1.599,3.74,2.972,3.522,2.243,1.543,2.098,2.546,15.918,2.78,3.71,3.783,1.482,2.283,3.537,2.014,2.523,3.314,3.482,3.388,3.308,2.417,3.223,2.959,3.052,2.331,2.06,3.078,3.074,2.95,2.753,2.729,2.814,2.604,2.689,3.042,3.138,3.157,3.176,3.242,2.865,2.281,3.118,1.8,1.279,0.0,1.713,1.351,1.716,0.935,0.634,1.442,1.386,0.924,1.471,1.148,0.94,1.264,1.233,1.971,0.977,0.619,0.955,0.939,1.183,2.362,1.292,1.504,2.159,2.166,1.197,0.955,1.383,0.794,1.865,2.919,2.826,1.771,2.28,2.816,2.285,2.025,1.671,3.01,5.58,4.861,5.331,3.387,3.51,4.404,7.011,4.513,3.4,4.035,4.479,4.265,5.077,305.087,3.324,4.249,238.658,5.8,23.484,5.322,5.072,4.981,58.433,4.966,4.92,4.904,5.113,6.065,5.804,10.39,5.677,6.087,6.122,5.261,6.801,5.607,4.592,5.668,3.385,3.831,4.57,4.183,5.466,5.944,3.463,9.084,8.724,10.042,2.851,8.274,8.168,10.567,8.707,8.724,6.94,9.57,8.213,8.693,9.153,8.786,8.876,9.166,2.502,2.82,3.06,3.328,2.946,2.736,6.916,4.344,4.194,5.95,15.195,1.903,5.92,9.305,25.895,11.877,1.082,12.152,0.302,1.91,1.341,1.082,10.886,0.909,3.703,2.395,4.113,2.002,8.251,12.164,3.164,2.738,1.282,2.122,7.083,11.192,13.797,7.099,6.445,6.765,6.998,8.324,8.329,7.348,4.777,4.255,3.95,5.702,3.341,5.668,10.612,11.561,8.335,7.733,10.018,11.31,8.105,12.754,7.832,17.014,13.472,15.123,14.568,20.967,35.523,35.624,14.753,22.88,14.686,22.261,51.992,41.981,1.703,26.256,26.705,18.506,27.691,9.382,28.445
E064,1.588,1.796,0.338,1.291,1.312,1.53,1.314,0.555,1.362,0.831,0.342,0.874,2.432,2.977,1.967,2.48,2.387,0.463,2.604,1.837,2.387,1.107,0.17,0.962,1.41,14.783,1.645,2.575,2.648,0.346,1.148,2.401,0.879,2.392,2.423,2.755,2.497,3.177,2.478,1.829,2.004,1.861,2.2,1.929,1.543,1.839,1.963,2.622,1.824,1.909,2.473,2.558,2.087,1.775,1.756,1.736,1.707,1.33,1.376,1.795,2.159,1.148,1.872,0.0,0.416,0.581,1.637,1.099,0.506,0.258,0.778,0.173,1.017,0.762,1.133,0.411,0.258,1.526,1.245,1.374,1.641,1.885,2.721,1.643,2.066,2.518,2.525,1.738,1.374,1.552,1.496,2.223,3.837,3.184,1.64,2.639,2.878,2.347,1.894,1.647,3.368,5.449,4.73,5.2,3.256,3.868,4.273,5.476,3.184,2.509,3.027,3.472,4.134,4.069,303.951,2.432,3.229,237.523,4.665,21.447,3.733,3.483,3.392,59.135,3.377,3.331,3.315,3.524,4.028,3.767,8.353,4.542,4.952,4.085,3.672,4.764,4.472,2.523,4.533,1.796,2.242,3.435,3.048,4.33,4.808,1.874,7.948,7.588,8.907,1.316,7.138,7.033,9.432,7.572,7.588,5.804,8.435,7.077,6.655,7.117,6.749,6.839,7.129,0.968,1.285,1.471,1.739,2.294,1.202,5.781,3.209,3.059,6.585,14.06,0.767,6.356,9.556,24.76,12.128,0.726,12.402,1.622,2.612,1.701,0.726,11.864,1.458,4.405,3.097,4.814,2.36,8.953,11.029,3.865,3.44,1.984,2.481,6.952,10.452,14.498,7.801,5.437,5.757,5.99,6.287,6.292,5.311,3.188,2.666,2.361,4.566,2.205,4.533,9.477,10.426,7.199,6.598,8.883,10.175,6.969,11.619,5.795,17.715,14.173,15.825,15.269,21.669,33.486,33.587,14.622,23.582,15.387,21.125,50.856,40.845,1.679,26.958,27.406,19.208,26.555,10.084,27.309
E065,1.729,1.481,0.479,1.432,0.996,1.214,1.455,0.14,1.046,0.972,0.757,1.015,2.687,3.232,2.222,2.734,2.641,0.718,2.859,2.091,2.641,1.362,0.425,1.217,1.665,15.037,1.899,2.829,2.902,0.601,1.402,2.656,1.133,2.076,2.868,2.896,2.942,2.862,2.163,1.97,2.513,2.002,1.885,1.614,1.684,1.979,2.104,2.307,1.965,2.05,2.157,2.242,2.596,1.916,1.897,1.877,1.848,1.471,1.517,1.936,1.843,0.832,1.557,0.416,0.0,0.835,1.322,0.783,0.09,0.158,0.954,0.243,0.701,0.938,0.818,0.118,0.674,1.564,0.929,1.058,1.325,1.57,2.405,1.328,1.75,2.202,2.209,1.423,1.058,1.237,1.18,1.908,3.521,2.869,1.324,2.323,2.562,2.032,1.579,1.331,3.053,5.134,4.415,4.885,2.941,3.553,3.957,5.617,3.325,2.953,3.168,3.612,3.819,4.21,304.206,2.877,3.37,237.777,4.919,22.603,4.057,3.807,3.716,58.82,3.701,3.655,3.639,3.848,5.184,4.923,9.509,4.796,5.206,5.241,3.996,5.92,4.726,2.932,4.787,2.205,2.651,3.689,3.302,4.585,5.063,2.283,8.203,7.843,9.161,1.457,7.393,7.288,9.686,7.826,7.843,6.059,8.689,7.332,7.811,8.273,7.905,7.995,8.285,1.109,1.426,1.88,2.148,2.499,1.343,6.035,3.463,3.314,6.84,14.315,1.022,6.61,10.975,25.015,13.547,0.901,13.822,1.306,2.296,1.877,0.901,12.119,1.496,4.09,2.781,4.499,2.045,8.637,11.283,3.55,3.124,1.669,2.165,6.637,10.137,14.183,7.485,5.578,5.898,6.131,7.443,7.448,6.467,3.597,3.075,2.77,4.821,2.46,4.787,9.732,10.68,7.454,6.852,9.137,10.429,7.224,11.873,6.951,17.4,13.858,15.51,14.954,21.353,34.642,34.743,14.307,23.266,15.072,21.38,51.111,41.1,1.363,26.642,27.091,18.892,26.81,9.768,27.564
E066,1.986,1.834,0.736,1.689,1.349,1.567,1.712,1.322,1.399,1.229,0.901,1.272,2.152,2.697,1.687,2.2,2.107,0.118,2.324,1.557,2.107,0.828,0.389,0.682,1.13,14.503,1.365,2.295,2.368,0.365,0.868,2.121,0.599,2.429,3.221,3.153,3.295,3.215,2.516,2.227,2.866,2.259,2.238,1.967,1.94,2.236,2.361,2.659,2.222,2.307,2.51,2.595,2.949,2.172,2.154,2.134,2.105,1.728,1.774,2.193,2.196,1.185,1.91,0.559,0.814,0.0,1.675,1.136,0.903,0.656,0.816,0.571,1.054,0.8,1.171,0.964,0.817,1.563,1.282,1.411,1.678,1.923,2.758,1.681,2.103,2.555,2.562,1.776,1.411,1.59,1.533,2.261,3.874,3.222,1.677,2.676,2.915,2.385,1.932,1.684,3.406,5.487,4.768,5.238,3.294,3.906,4.31,5.874,3.581,3.306,3.425,3.869,4.172,4.466,303.671,3.23,3.627,237.243,4.385,22.069,3.907,3.656,3.566,59.173,3.551,3.505,3.488,3.697,4.649,4.388,8.975,4.262,4.672,4.707,3.846,5.386,4.192,3.176,4.253,1.969,2.416,3.155,2.768,4.05,4.528,2.047,7.668,7.309,8.627,1.714,6.858,6.753,9.152,7.292,7.309,5.524,8.155,6.797,7.277,7.738,7.37,7.46,7.75,1.365,1.683,1.645,1.913,2.852,1.599,5.501,2.929,2.779,6.306,13.78,0.487,6.076,9.275,24.48,11.848,0.763,12.122,1.659,2.65,1.739,0.763,11.585,1.496,4.443,3.134,4.852,2.398,8.99,10.749,3.903,3.477,2.022,2.518,6.99,10.49,14.536,7.838,5.834,6.154,6.388,6.909,6.913,5.932,3.362,2.84,2.535,4.287,1.925,4.253,9.197,10.146,6.92,6.317,8.602,9.895,6.689,11.339,6.416,17.753,14.211,15.863,15.307,21.706,34.108,34.209,14.66,23.619,15.425,20.845,50.576,40.565,1.716,26.995,27.444,19.245,26.276,10.121,27.029
E067,3.162,1.966,1.912,2.008,1.482,1.7,2.258,1.454,1.532,2.405,2.094,2.448,3.607,4.152,3.142,3.654,3.561,1.638,3.779,3.011,3.561,2.282,1.582,2.137,2.584,15.957,2.82,3.749,3.822,1.521,2.322,3.576,2.053,2.562,3.353,3.521,3.427,3.347,2.182,3.262,2.998,3.091,2.37,2.099,3.116,3.113,2.989,2.792,2.768,2.853,2.643,2.728,3.081,3.177,3.196,3.215,3.281,2.904,2.32,3.156,1.565,1.318,0.935,1.752,1.391,1.755,0.0,0.941,1.48,1.425,1.615,1.51,1.187,1.599,1.303,1.272,2.01,1.722,1.087,0.72,0.004,0.949,2.127,1.058,1.269,1.924,1.931,0.962,0.72,1.148,0.559,1.63,2.684,2.591,1.81,2.045,2.581,2.05,2.064,1.436,2.775,5.619,4.9,5.37,3.426,3.275,4.443,7.05,4.552,3.439,4.074,4.519,4.304,5.116,305.126,3.363,4.288,238.697,5.839,23.523,5.361,5.111,5.02,57.998,5.005,4.959,4.943,5.152,6.104,5.843,10.429,5.716,6.126,6.161,5.3,6.84,5.646,4.631,5.707,3.424,3.87,4.609,4.222,5.505,5.983,3.502,9.123,8.763,10.081,2.89,8.313,8.208,10.606,8.746,8.763,6.979,9.609,8.252,8.732,9.193,8.825,8.915,9.205,2.542,2.859,3.099,3.367,2.985,2.776,6.955,4.383,4.234,7.76,15.235,1.942,6.665,9.084,25.934,11.656,1.563,11.93,0.685,1.475,2.086,1.563,13.039,1.654,3.268,1.959,3.677,1.767,7.815,12.203,2.728,2.302,0.847,1.887,7.122,10.757,13.361,6.663,6.484,6.804,7.037,8.364,8.368,7.387,4.816,4.294,3.989,5.741,3.38,5.707,10.652,11.6,8.374,7.772,10.057,11.349,8.144,12.793,7.871,16.578,13.036,14.688,14.132,20.531,35.562,35.663,14.793,22.444,14.25,22.299,52.031,42.02,1.468,25.82,26.269,18.07,27.73,8.947,28.484
E068,2.489,1.293,1.239,1.335,0.808,1.027,1.585,0.781,0.859,1.732,1.421,1.775,2.934,3.479,2.469,2.981,2.888,0.965,3.106,2.338,2.888,1.609,0.909,1.464,1.911,15.284,2.146,3.076,3.149,0.848,1.649,2.903,1.38,1.889,2.68,2.848,2.754,2.674,1.976,2.589,2.325,2.418,1.697,1.426,2.443,2.44,2.316,2.119,2.095,2.18,1.97,2.055,2.408,2.504,2.523,2.542,2.608,2.231,1.647,2.483,1.656,0.645,0.612,1.079,0.718,1.082,1.134,0.0,0.807,0.752,0.942,0.837,0.514,0.926,0.63,0.599,1.337,0.781,0.146,0.871,1.138,1.382,2.218,1.14,1.563,2.015,2.022,1.235,0.871,1.049,0.993,1.72,3.334,2.682,1.137,2.136,2.375,1.844,1.391,1.144,2.865,4.946,4.227,4.697,2.753,3.365,3.77,6.377,3.879,2.766,3.401,3.846,3.631,4.443,304.453,2.689,3.615,238.024,5.166,22.85,4.688,4.438,4.347,58.632,4.332,4.286,4.27,4.479,5.431,5.17,9.756,5.043,5.453,5.488,4.627,6.167,4.973,3.958,5.034,2.751,3.197,3.936,3.549,4.832,5.31,2.829,8.45,8.09,9.408,2.217,7.64,7.535,9.933,8.073,8.09,6.306,8.936,7.579,8.059,8.52,8.152,8.242,8.532,1.869,2.186,2.426,2.694,2.312,2.103,6.282,3.71,3.561,5.755,14.562,1.269,5.724,8.924,25.261,11.497,0.89,11.771,0.383,2.109,1.145,0.89,10.69,0.714,3.902,2.594,4.311,1.857,8.45,11.53,3.362,2.937,1.481,1.978,6.449,9.949,13.995,7.298,5.811,6.131,6.364,7.69,7.695,6.714,4.143,3.621,3.316,5.068,2.707,5.034,9.979,10.927,7.701,7.099,9.384,10.676,7.471,12.12,7.198,17.212,13.67,15.322,14.766,21.166,34.889,34.99,14.119,23.079,14.884,21.627,51.358,41.347,1.176,26.455,26.903,18.705,27.057,9.581,27.811
E069,1.819,0.881,0.569,0.923,0.397,0.615,1.545,0.05,0.447,1.062,0.848,1.105,2.777,3.322,2.312,2.824,2.731,0.807,2.949,2.182,2.731,1.452,0.515,1.307,1.754,15.127,1.989,2.919,2.992,0.691,1.492,2.746,1.223,1.477,2.268,2.437,2.342,2.262,1.564,2.06,1.913,2.092,1.285,1.014,1.774,2.069,1.904,1.707,2.055,2.14,1.558,1.643,1.996,2.006,1.987,1.967,1.938,1.561,1.607,2.026,1.244,0.253,1.647,0.506,0.09,0.925,1.412,0.645,0.0,0.248,1.044,0.333,0.315,1.028,0.198,0.208,0.764,1.426,0.791,0.479,1.415,1.66,1.806,0.728,1.151,1.603,1.61,0.824,0.479,0.637,1.27,1.308,2.922,2.27,0.725,1.724,1.963,1.433,0.979,0.732,2.453,4.535,3.815,4.285,2.341,2.953,3.358,5.707,3.414,2.354,3.258,3.703,3.219,4.3,304.296,2.278,3.46,237.867,5.009,22.693,4.147,3.897,3.806,57.648,3.791,3.745,3.728,3.938,5.274,5.013,9.599,4.886,5.296,5.331,4.086,6.01,4.816,3.022,4.877,2.295,2.741,3.779,3.392,4.675,5.153,2.373,8.293,7.933,9.251,1.547,7.483,7.378,9.776,7.916,7.933,6.149,8.779,7.422,7.902,8.363,7.995,8.085,8.375,1.199,1.516,1.97,2.238,1.9,1.433,6.125,3.553,3.404,6.93,14.405,1.112,6.7,11.065,25.104,13.637,0.992,13.912,1.028,2.386,1.967,0.992,12.209,1.359,4.18,2.871,4.589,1.446,8.727,11.373,3.64,3.214,1.759,1.566,6.037,9.537,13.011,7.575,5.668,5.988,6.221,7.533,7.538,6.557,3.687,3.165,2.86,4.911,2.55,4.877,9.822,10.77,7.544,6.942,9.227,10.519,7.314,11.963,7.041,17.49,13.948,15.6,15.044,21.443,34.732,34.834,13.707,22.094,13.9,21.47,51.201,41.19,0.764,26.732,27.181,18.982,26.9,9.858,27.654
E070,1.571,1.516,0.321,1.274,1.031,1.249,1.297,0.297,1.081,0.814,0.6,0.857,2.529,3.074,2.064,2.576,2.484,0.56,2.701,1.934,2.484,1.204,0.267,1.059,1.507,14.88,1.742,2.672,2.745,0.443,1.245,2.498,0.976,2.111,2.406,2.738,2.48,2.896,2.198,1.813,1.987,1.844,1.919,1.648,1.526,1.822,1.946,2.341,1.808,1.892,2.192,2.277,2.07,1.758,1.739,1.72,1.69,1.314,1.359,1.778,1.878,0.867,1.591,0.258,0.158,0.677,1.356,0.818,0.248,0.0,0.875,0.085,0.736,0.859,0.852,0.153,0.516,1.599,0.964,1.093,1.36,1.604,2.44,1.362,1.785,2.237,2.244,1.458,1.093,1.271,1.215,1.942,3.556,2.904,1.359,2.358,2.597,2.067,1.613,1.366,3.087,5.168,4.449,4.92,2.975,3.587,3.992,5.46,3.167,2.492,3.01,3.455,3.853,4.052,304.048,2.416,3.212,237.62,4.762,22.446,3.899,3.649,3.558,58.854,3.544,3.498,3.481,3.69,5.026,4.765,9.352,4.639,5.049,5.083,3.839,5.763,4.569,2.774,4.63,2.047,2.494,3.532,3.144,4.427,4.905,2.125,8.045,7.685,9.004,1.3,7.235,7.13,9.529,7.669,7.685,5.901,8.531,7.174,7.654,8.115,7.747,7.837,8.127,0.951,1.268,1.723,1.99,2.534,1.185,5.878,3.306,3.156,6.682,14.157,0.864,6.452,9.652,24.857,12.225,0.823,12.499,1.341,2.331,1.798,0.823,11.961,1.531,4.124,2.816,4.534,2.079,8.672,11.126,3.585,3.159,1.703,2.2,6.671,10.171,14.217,7.52,5.42,5.74,5.973,7.286,7.29,6.309,3.44,2.917,2.613,4.663,2.302,4.63,9.574,10.523,7.296,6.694,8.979,10.271,7.066,11.716,6.793,17.434,13.892,15.544,14.988,21.388,34.485,34.586,14.341,23.301,15.107,21.222,50.953,40.942,1.398,26.677,27.125,18.927,26.652,9.803,27.406
E071,2.215,1.507,0.965,1.549,1.022,1.241,1.941,0.995,1.073,1.458,1.13,1.501,2.643,3.188,2.178,2.69,2.597,0.673,2.815,2.047,2.597,1.318,0.618,1.173,1.62,14.993,1.855,2.785,2.858,0.556,1.358,2.612,1.089,2.103,2.894,3.062,2.968,2.888,2.189,2.456,2.539,2.488,1.911,1.64,2.17,2.465,2.53,2.333,2.451,2.536,2.184,2.269,2.622,2.401,2.383,2.363,2.334,1.957,2.003,2.422,1.87,0.859,0.966,0.788,0.756,0.791,1.348,0.732,0.846,0.885,0.0,0.799,0.728,0.016,0.844,0.637,1.046,0.817,0.716,1.085,1.352,1.596,2.432,1.354,1.777,2.229,2.236,1.449,1.085,1.263,1.206,1.934,3.548,2.896,1.351,2.349,2.589,2.058,1.605,1.358,3.079,5.16,4.441,4.911,2.967,3.579,3.984,6.103,3.81,2.98,3.654,4.098,3.845,4.695,304.162,2.904,3.856,237.733,4.875,22.559,4.397,4.146,4.056,58.846,4.041,3.995,3.978,4.188,5.14,4.879,9.465,4.752,5.162,5.197,4.336,5.876,4.682,3.667,4.743,2.459,2.906,3.645,3.258,4.54,5.019,2.538,8.159,7.799,9.117,1.943,7.348,7.243,9.642,7.782,7.799,6.015,8.645,7.287,7.767,8.228,7.86,7.95,8.24,1.595,1.912,2.135,2.403,2.526,1.829,5.991,3.419,3.269,6.796,14.27,0.977,5.835,9.035,24.97,11.608,0.158,11.882,0.737,2.323,1.256,0.158,12.075,0.749,4.116,2.808,4.525,2.071,8.664,11.239,3.576,3.151,1.695,2.192,6.663,10.163,14.209,7.512,6.063,6.383,6.617,7.399,7.403,6.423,3.852,3.33,3.025,4.777,2.415,4.743,9.687,10.636,7.41,6.808,9.093,10.385,7.18,11.829,6.906,17.426,13.884,15.536,14.98,21.38,34.598,34.699,14.333,23.293,15.098,21.335,51.066,41.056,1.39,26.669,27.117,18.919,26.766,9.795,27.519
E072,1.486,1.266,0.236,1.189,1.116,1.334,1.212,0.383,1.166,0.729,0.514,0.772,2.444,2.989,1.979,2.491,2.398,0.474,2.616,1.849,2.398,1.119,0.182,0.974,1.421,14.794,1.656,2.586,2.659,0.358,1.159,2.413,0.89,2.196,2.321,2.653,2.395,2.982,2.283,1.727,1.902,1.759,2.005,1.734,1.441,1.736,1.861,2.426,1.722,1.807,2.277,2.362,1.985,1.673,1.654,1.634,1.605,1.228,1.274,1.693,1.963,0.952,1.677,0.173,0.243,0.592,1.442,0.903,0.333,0.085,0.79,0.0,0.821,0.774,0.938,0.238,0.431,1.537,1.049,1.178,1.445,1.69,2.525,1.448,1.87,2.322,2.329,1.543,1.178,1.357,1.3,2.027,3.641,2.989,1.444,2.443,2.682,2.152,1.698,1.451,3.173,5.254,4.535,5.005,3.061,3.673,4.077,5.374,3.082,2.406,2.925,3.369,3.939,3.966,303.963,2.33,3.127,237.534,4.676,22.36,3.814,3.564,3.473,58.94,3.458,3.412,3.396,3.604,4.941,4.68,9.266,4.553,4.963,4.998,3.753,5.677,4.483,2.689,4.544,1.962,2.408,3.446,3.059,4.342,4.82,2.04,7.96,7.6,8.918,1.214,7.15,7.045,9.443,7.583,7.6,5.816,8.446,7.089,7.569,8.03,7.662,7.752,8.042,0.866,1.183,1.637,1.905,2.192,1.1,5.792,3.22,3.071,6.597,14.072,0.779,6.367,9.567,24.771,12.14,0.737,12.414,1.426,2.416,1.713,0.737,11.876,1.469,4.21,2.901,4.619,2.165,8.757,11.04,3.67,3.244,1.789,2.285,6.757,10.257,14.303,7.605,5.335,5.655,5.888,7.2,7.205,6.224,3.354,2.832,2.527,4.578,2.217,4.544,9.489,10.437,7.211,6.609,8.894,10.186,6.981,11.63,6.708,17.52,13.978,15.63,15.074,21.473,34.399,34.501,14.427,23.386,15.192,21.137,50.868,40.857,1.483,26.762,27.211,19.012,26.567,9.888,27.321
E073,1.975,0.78,0.725,0.821,0.295,0.513,1.071,0.267,0.345,1.218,1.173,1.261,2.996,3.542,2.531,3.044,2.951,1.027,3.168,2.401,2.951,1.672,0.84,1.526,1.974,15.347,2.209,3.139,3.212,0.91,1.712,2.966,1.443,1.375,2.166,2.335,2.24,2.16,1.462,2.075,1.811,1.904,1.183,0.912,1.93,1.926,1.802,1.605,1.581,1.666,1.456,1.541,1.894,1.99,2.009,2.029,2.094,1.717,1.133,1.97,1.142,0.131,1.104,0.832,0.78,1.145,0.869,0.33,0.317,0.815,1.005,0.729,0.0,0.989,0.117,0.662,1.089,1.112,0.477,0.357,0.873,1.117,1.704,0.626,1.049,1.501,1.508,0.722,0.357,0.535,0.727,1.206,2.82,2.168,0.623,1.622,1.861,1.331,0.877,0.63,2.352,4.433,3.713,4.184,2.239,2.852,3.256,5.863,3.365,2.252,2.887,3.332,3.117,3.929,304.515,2.176,3.101,238.087,5.229,22.913,4.303,4.053,3.962,57.546,3.947,3.901,3.885,4.093,5.494,5.232,9.819,5.106,5.516,5.551,4.242,6.23,5.036,3.178,5.097,2.451,2.897,3.999,3.612,4.894,5.372,2.529,8.512,8.153,9.471,1.703,7.702,7.597,9.996,8.136,8.153,6.369,8.999,7.641,8.121,8.582,8.214,8.304,8.594,1.355,1.672,2.126,2.394,1.798,1.589,6.345,3.773,3.623,7.15,14.624,1.331,6.055,10.522,25.324,13.095,0.952,13.369,0.713,1.844,1.476,0.952,12.429,1.044,3.637,2.329,4.046,1.344,8.185,11.593,3.097,2.671,1.216,1.464,5.935,9.436,12.909,7.032,5.297,5.617,5.85,7.753,7.757,6.776,3.843,3.321,3.016,5.131,2.769,5.097,10.041,10.99,7.764,7.162,9.447,10.739,7.534,12.183,7.26,16.947,13.405,15.057,14.501,20.9,34.952,35.053,13.606,21.992,13.798,21.689,51.42,41.41,0.662,26.189,26.638,18.439,27.12,9.316,27.873
E074,2.199,1.492,0.949,1.533,1.007,1.225,1.925,0.979,1.057,1.442,1.114,1.485,2.627,3.172,2.162,2.674,2.581,0.658,2.799,2.032,2.581,1.302,0.602,1.157,1.605,14.977,1.839,2.769,2.842,0.541,1.342,2.596,1.073,2.087,2.878,3.047,2.952,2.873,2.174,2.44,2.523,2.472,1.895,1.625,2.154,2.45,2.514,2.317,2.435,2.52,2.168,2.253,2.606,2.386,2.367,2.347,2.318,1.941,1.987,2.406,1.854,0.843,0.982,0.772,0.74,0.775,1.332,0.794,0.83,0.869,0.016,0.784,0.712,0.0,0.829,0.622,1.03,0.833,0.732,1.069,1.336,1.581,2.416,1.338,1.761,2.213,2.22,1.434,1.069,1.247,1.191,1.918,3.532,2.88,1.335,2.334,2.573,2.043,1.589,1.342,3.064,5.145,4.426,4.896,2.951,3.564,3.968,6.088,3.795,2.964,3.638,4.083,3.829,4.68,304.146,2.888,3.84,237.717,4.859,22.543,4.381,4.131,4.04,58.83,4.026,3.979,3.963,4.172,5.124,4.863,9.449,4.736,5.146,5.181,4.321,5.861,4.667,3.651,4.727,2.444,2.89,3.63,3.242,4.525,5.003,2.522,8.143,7.783,9.101,1.927,7.333,7.228,9.627,7.766,7.783,5.999,8.629,7.272,7.752,8.213,7.845,7.935,8.225,1.579,1.896,2.119,2.387,2.51,1.813,5.976,3.403,3.254,6.78,14.255,0.962,5.819,9.019,24.954,11.592,0.142,11.866,0.753,2.307,1.24,0.142,12.059,0.765,4.1,2.792,4.51,2.056,8.648,11.223,3.561,3.135,1.679,2.176,6.647,10.148,14.194,7.496,6.048,6.368,6.601,7.383,7.388,6.407,3.837,3.314,3.01,4.761,2.4,4.727,9.672,10.62,7.394,6.792,9.077,10.369,7.164,11.813,6.891,17.411,13.869,15.52,14.964,21.364,34.583,34.684,14.318,23.277,15.083,21.32,51.051,41.04,1.374,26.653,27.102,18.903,26.75,9.779,27.504
E075,1.879,0.683,0.629,0.725,0.198,0.417,0.975,0.151,0.249,1.122,1.077,1.165,3.113,3.658,2.648,3.16,3.067,1.144,3.285,2.518,3.067,1.788,0.744,1.643,2.091,15.463,2.326,3.256,3.329,1.027,1.828,3.082,1.56,1.279,2.07,2.238,2.144,2.064,1.365,1.979,1.715,1.808,1.087,0.816,1.833,1.83,1.706,1.509,1.485,1.57,1.36,1.445,1.798,1.894,1.913,1.932,1.998,1.621,1.037,1.873,1.046,0.055,1.22,0.735,0.876,1.261,0.986,0.447,0.2,0.719,1.121,0.633,0.117,1.106,0.0,0.778,0.993,1.228,0.593,0.281,0.989,1.234,1.608,0.53,0.953,1.405,1.412,0.625,0.281,0.439,0.844,1.11,2.724,2.071,0.526,1.526,1.765,1.234,0.781,0.534,2.255,4.336,3.617,4.087,2.143,2.755,3.16,5.767,3.269,2.156,2.791,3.236,3.021,3.833,304.632,2.079,3.005,238.203,5.346,22.006,4.207,3.956,3.866,57.449,3.851,3.805,3.788,3.997,4.587,4.326,8.912,5.223,4.609,4.644,4.146,5.323,5.153,3.082,5.213,2.354,2.801,4.116,3.728,5.011,5.489,2.433,8.629,8.269,9.587,1.607,7.819,7.714,10.113,8.252,8.269,6.485,9.115,7.758,7.214,7.675,7.307,7.397,7.687,1.258,1.576,2.03,2.298,1.702,1.492,6.462,3.889,3.74,7.266,14.741,1.448,6.171,10.639,25.441,13.211,1.069,13.485,0.83,1.96,1.592,1.069,12.545,1.16,3.753,2.445,4.163,1.247,8.301,11.709,3.214,2.788,1.333,1.367,5.839,9.339,12.813,7.149,5.201,5.521,5.754,6.846,6.85,5.87,3.747,3.225,2.92,5.247,2.886,5.213,10.158,11.106,7.88,7.278,9.563,10.855,7.65,12.3,6.353,17.064,13.522,15.173,14.618,21.017,34.045,34.146,13.509,21.896,13.702,21.806,51.537,41.526,0.566,26.306,26.755,18.556,27.236,9.432,27.99
E076,1.724,1.363,0.474,1.427,0.878,1.096,1.45,0.258,0.928,0.967,0.753,1.01,2.682,3.227,2.217,2.729,2.636,0.713,2.854,2.087,2.636,1.357,0.42,1.212,1.66,15.032,1.895,2.824,2.897,0.596,1.397,2.651,1.129,1.958,2.75,2.918,2.823,2.744,2.045,1.965,2.394,1.997,1.766,1.496,1.679,1.974,2.385,2.188,1.96,2.045,2.039,2.124,2.478,1.911,1.892,1.872,1.843,1.466,1.512,1.931,1.725,0.714,1.438,0.411,0.118,0.83,1.204,0.665,0.208,0.153,0.836,0.238,0.583,0.82,0.7,0.0,0.669,1.446,0.811,0.94,1.207,1.452,2.287,1.21,1.632,2.084,2.091,1.305,0.94,1.119,1.062,1.789,3.403,2.751,1.206,2.205,2.444,1.914,1.46,1.213,2.935,5.016,4.297,4.767,2.822,3.435,3.839,5.612,3.32,2.835,3.163,3.607,3.701,4.205,304.201,2.759,3.365,237.772,4.915,22.598,4.052,3.802,3.711,58.702,3.696,3.65,3.634,3.843,5.179,4.918,9.504,4.791,5.202,5.236,3.991,5.915,4.721,2.927,4.782,2.2,2.646,3.684,3.297,4.58,5.058,2.278,8.198,7.838,9.156,1.452,7.388,7.283,9.681,7.821,7.838,6.054,8.684,7.327,7.807,8.268,7.9,7.99,8.28,1.104,1.421,1.875,2.143,2.381,1.338,6.03,3.458,3.309,6.835,14.31,1.017,6.338,10.857,25.009,13.429,0.783,13.703,1.188,2.178,1.759,0.783,12.114,1.378,3.971,2.663,4.381,1.927,8.519,11.278,3.432,3.006,1.55,2.047,6.519,10.019,14.065,7.367,5.573,5.893,6.126,7.439,7.443,6.462,3.592,3.07,2.765,4.816,2.455,4.782,9.727,10.675,7.449,6.847,9.132,10.424,7.219,11.868,6.946,17.282,13.74,15.391,14.836,21.235,34.638,34.739,14.189,23.148,14.954,21.375,51.106,41.095,1.245,26.524,26.973,18.774,26.805,9.65,27.559
E077,1.5,1.28,0.25,1.203,1.287,1.621,1.226,0.533,1.237,0.743,0.595,0.786,2.524,3.069,2.059,2.571,2.478,0.555,2.696,1.929,2.478,1.199,0.262,1.054,1.502,14.875,1.737,2.667,2.74,0.438,1.239,2.493,0.971,2.483,2.335,2.667,2.409,3.269,2.57,1.742,1.916,1.773,2.292,2.021,1.455,1.751,1.875,2.072,1.736,1.821,2.564,2.136,1.999,1.687,1.668,1.649,1.619,1.242,1.288,1.707,2.251,1.239,1.964,0.253,0.394,0.672,1.729,1.19,0.484,0.236,0.87,0.151,1.109,0.854,1.225,0.389,0.0,1.617,1.337,1.465,1.732,1.977,2.812,1.735,2.158,2.609,2.616,1.83,1.465,1.644,1.587,2.315,3.929,3.276,1.731,2.73,2.969,2.439,1.986,1.738,3.46,5.541,4.822,5.292,3.348,3.96,4.364,5.389,3.096,2.421,2.939,3.384,4.226,3.981,304.043,2.345,3.141,237.614,4.757,21.628,3.828,3.578,3.487,59.227,3.473,3.426,3.41,3.619,4.208,3.947,8.534,4.633,5.044,4.265,3.768,4.945,4.564,2.703,4.625,1.976,2.422,3.527,3.139,4.422,4.9,2.054,8.04,7.68,8.998,1.229,7.23,7.125,9.524,7.663,7.68,5.896,8.526,7.169,6.836,7.297,6.929,7.019,7.309,0.88,1.197,1.652,1.919,2.207,1.114,5.873,3.3,3.151,6.677,14.152,0.859,6.447,9.647,24.852,12.22,0.817,12.494,1.714,2.704,1.793,0.817,11.956,1.55,4.497,3.188,4.906,2.452,9.044,11.12,3.957,3.531,2.076,2.572,7.044,10.544,14.59,7.892,5.349,5.669,5.902,6.468,6.472,5.491,3.369,2.846,2.542,4.658,2.297,4.625,9.569,10.517,7.291,6.689,8.974,10.266,7.061,11.711,5.975,17.807,14.265,15.917,15.361,21.76,33.667,33.768,14.714,23.673,15.479,21.217,50.948,40.937,1.77,27.049,27.498,19.299,26.647,10.175,27.401
E078,2.963,2.078,1.712,2.119,1.593,1.812,2.37,1.566,1.644,2.205,1.877,2.248,3.39,3.935,2.925,3.438,3.345,1.421,3.562,2.795,3.345,2.065,1.366,1.92,2.368,15.741,2.603,3.533,3.606,1.304,2.106,3.359,1.837,2.674,3.465,3.633,3.539,3.459,2.76,3.204,3.11,3.203,2.482,2.211,2.917,3.225,3.1,2.904,2.88,2.965,2.755,2.84,3.193,3.289,3.308,3.111,3.082,2.705,2.432,3.268,2.441,1.429,1.019,1.536,1.502,1.538,1.919,0.785,1.592,1.537,0.817,1.622,1.298,0.833,1.415,1.384,1.794,0.0,0.769,1.655,1.922,2.167,3.002,1.925,2.348,2.799,2.807,2.02,1.655,1.834,1.777,2.505,4.119,3.466,1.921,2.92,3.159,2.629,2.176,1.928,3.65,5.731,5.012,5.482,3.538,4.15,4.554,6.851,4.664,3.55,4.186,4.63,4.416,5.227,304.909,3.474,4.399,238.481,5.623,23.307,5.145,4.894,4.803,59.417,4.789,4.743,4.726,4.935,5.887,5.626,10.213,5.5,5.91,5.944,5.084,6.624,5.43,4.414,5.491,3.207,3.654,4.393,4.005,5.288,5.766,3.285,8.906,8.546,9.864,2.691,8.096,7.991,10.39,8.53,8.546,6.762,9.392,8.035,8.515,8.976,8.608,8.698,8.988,2.342,2.659,2.883,3.151,3.096,2.576,6.739,4.167,4.017,5.518,15.018,1.725,5.487,8.687,25.718,11.26,1.028,11.534,0.79,2.894,0.908,1.028,10.453,0.335,4.687,3.378,5.096,2.642,9.234,11.987,4.147,3.721,2.266,2.762,7.234,10.734,14.78,8.082,6.595,6.915,7.149,8.147,8.151,7.17,4.6,4.077,3.773,5.524,3.163,5.491,10.435,11.384,8.157,7.555,9.84,11.133,7.927,12.577,7.654,17.997,14.455,16.107,15.551,21.95,35.346,35.447,14.904,23.863,15.669,22.083,51.814,41.803,1.96,27.239,27.688,19.489,27.513,10.366,28.267
E079,2.635,1.44,1.385,1.481,0.955,1.173,1.731,0.927,1.005,1.878,1.567,1.921,3.08,3.625,2.615,3.127,3.034,1.111,3.252,2.485,3.034,1.755,1.055,1.61,2.058,15.431,2.293,3.223,3.296,0.994,1.795,3.049,1.527,2.035,2.826,2.995,2.9,2.821,2.122,2.735,2.471,2.564,1.843,1.573,2.59,2.587,2.462,2.265,2.241,2.326,2.116,2.201,2.554,2.65,2.669,2.688,2.754,2.377,1.793,2.63,1.802,0.791,0.596,1.226,0.864,1.228,0.76,0.146,0.954,0.898,1.088,0.984,0.66,1.073,0.777,0.746,1.483,0.766,0.0,1.017,0.763,1.008,2.364,1.286,1.329,2.161,2.168,1.022,1.017,1.195,0.618,1.866,3.48,2.828,1.283,2.282,2.521,1.991,1.537,1.29,3.011,5.093,4.374,4.844,2.899,3.512,3.916,6.523,4.025,2.912,3.547,3.992,3.777,4.589,304.599,2.836,3.761,238.17,5.313,22.997,4.834,4.584,4.493,58.258,4.479,4.433,4.416,4.625,5.577,5.316,9.903,5.189,5.6,5.634,4.774,6.314,5.12,4.104,5.181,2.897,3.344,4.083,3.695,4.978,5.456,2.975,8.596,8.236,9.554,2.363,7.786,7.681,10.08,8.22,8.236,6.452,9.082,7.725,8.205,8.666,8.298,8.388,8.678,2.015,2.332,2.573,2.84,2.458,2.249,6.429,3.857,3.707,5.739,14.708,1.415,5.709,8.909,25.408,11.482,1.036,11.755,0.368,1.735,1.13,1.036,10.674,0.698,3.528,2.219,3.937,2.004,8.075,11.677,2.988,2.562,1.107,2.124,6.595,10.096,13.621,6.923,5.957,6.277,6.51,7.837,7.841,6.86,4.29,3.767,3.463,5.214,2.853,5.181,10.125,11.073,7.847,7.245,9.53,10.822,7.617,12.267,7.344,16.838,13.296,14.948,14.392,20.791,35.036,35.137,14.266,22.704,14.51,21.773,51.504,41.493,1.322,26.08,26.529,18.33,27.203,9.207,27.957
E080,2.387,1.191,1.137,1.232,0.706,0.924,1.483,0.679,0.756,1.629,1.841,1.672,3.353,3.899,2.888,3.401,3.308,1.384,3.526,2.758,3.308,2.029,1.329,1.883,2.331,15.704,2.566,3.496,3.569,1.267,2.069,3.322,1.8,1.786,2.578,2.746,2.652,2.572,2.014,2.486,2.223,2.316,1.595,1.324,2.341,2.338,2.213,2.017,1.993,2.078,1.867,1.952,2.306,2.401,2.421,2.44,2.506,2.129,1.545,2.381,1.398,0.226,0.955,1.499,1.137,1.502,0.72,0.687,1.227,1.172,1.362,1.257,0.357,1.346,0.528,1.019,1.757,1.469,0.834,0.0,0.724,0.781,1.96,0.89,1.102,1.757,1.764,0.794,0.0,0.981,0.391,1.462,2.517,2.424,1.034,1.877,2.413,1.883,1.289,1.268,2.607,4.844,4.125,4.595,2.651,3.107,3.667,6.275,3.777,2.663,3.299,3.743,3.529,4.34,304.873,2.587,3.512,238.444,5.586,23.27,5.108,4.857,4.767,58.218,4.752,4.706,4.689,4.898,5.851,5.59,10.176,5.463,5.873,5.908,5.047,6.587,5.393,4.378,5.454,3.17,3.617,4.356,3.969,5.251,5.729,3.249,8.87,8.51,9.828,2.115,8.059,7.954,10.353,8.493,8.51,6.726,9.356,7.998,8.478,8.939,8.571,8.661,8.951,1.766,2.083,2.846,3.114,2.209,2.0,6.702,4.13,3.98,7.507,14.981,1.688,6.412,10.373,25.681,12.946,1.309,13.22,0.705,1.695,1.833,1.309,12.786,1.401,3.488,2.18,3.897,1.599,8.036,11.95,2.949,2.523,1.067,1.72,6.347,9.847,13.582,6.884,5.708,6.028,6.261,8.11,8.114,7.133,4.563,4.041,3.736,5.488,3.126,5.454,10.398,11.347,8.121,7.519,9.804,11.096,7.891,12.54,7.617,16.799,13.256,14.908,14.352,20.752,35.309,35.41,14.017,22.665,14.471,22.046,51.777,41.767,1.3,26.041,26.489,18.291,27.477,9.167,28.23
E081,3.166,1.97,1.915,2.011,1.485,1.704,2.262,1.458,1.536,2.408,2.098,2.451,3.61,4.156,3.145,3.658,3.565,1.641,3.783,3.015,3.565,2.286,1.586,2.14,2.588,15.961,2.823,3.753,3.826,1.524,2.326,3.579,2.057,2.566,3.357,3.525,3.431,3.351,2.185,3.265,3.002,3.095,2.374,2.103,3.12,3.117,2.992,2.796,2.772,2.857,2.647,2.732,3.085,3.181,3.2,3.219,3.284,2.908,2.324,3.16,1.569,1.321,0.939,1.756,1.394,1.759,0.004,0.944,1.484,1.429,1.619,1.514,1.19,1.603,1.307,1.276,2.014,1.726,1.091,0.724,0.0,0.952,2.131,1.061,1.273,1.928,1.935,0.966,0.724,1.152,0.562,1.633,2.688,2.595,1.813,2.049,2.584,2.054,2.068,1.439,2.779,5.623,4.904,5.374,3.43,3.279,4.447,7.054,4.556,3.442,4.078,4.522,4.308,5.119,305.13,3.366,4.291,238.701,5.843,23.527,5.365,5.114,5.024,58.001,5.009,4.963,4.946,5.155,6.108,5.846,10.433,5.72,6.13,6.165,5.304,6.844,5.65,4.635,5.711,3.427,3.874,4.613,4.226,5.508,5.987,3.506,9.127,8.767,10.085,2.894,8.316,8.211,10.61,8.75,8.767,6.982,9.613,8.255,8.735,9.196,8.828,8.918,9.208,2.545,2.862,3.103,3.371,2.988,2.779,6.959,4.387,4.237,7.764,15.238,1.945,6.669,9.08,25.938,11.653,1.566,11.927,0.689,1.478,2.09,1.566,13.043,1.658,3.271,1.963,3.681,1.771,7.819,12.207,2.732,2.306,0.85,1.891,7.126,10.76,13.365,6.667,6.487,6.807,7.041,8.367,8.371,7.39,4.82,4.298,3.993,5.745,3.383,5.711,10.655,11.604,8.378,7.776,10.061,11.353,8.148,12.797,7.874,16.582,13.04,14.691,14.136,20.535,35.566,35.667,14.796,22.448,14.254,22.303,52.034,42.023,1.472,25.824,26.273,18.074,27.734,8.95,28.487
E082,2.869,1.542,1.619,1.583,1.189,1.275,1.833,1.392,1.239,2.112,2.067,1.69,3.855,4.4,3.39,3.902,3.809,1.886,4.027,3.26,3.809,2.53,1.83,2.385,2.833,16.206,3.068,3.998,4.071,1.769,2.57,3.824,2.302,2.137,2.928,3.096,3.002,2.922,1.835,2.837,2.573,2.666,1.945,1.675,2.824,2.688,2.564,2.367,2.343,2.428,2.218,2.303,2.656,2.752,2.771,2.791,2.852,2.611,1.895,2.732,1.219,1.276,1.183,1.726,1.639,2.003,0.949,1.189,1.729,1.673,1.863,1.624,1.337,1.848,1.241,1.52,1.984,1.97,1.335,0.781,0.952,0.0,1.594,0.711,0.923,1.578,1.585,0.616,0.781,0.802,0.39,1.283,2.338,2.245,1.351,1.699,2.234,1.704,1.369,1.089,2.429,5.195,4.476,4.946,3.001,2.929,4.018,6.758,4.127,3.014,3.649,4.094,3.879,4.691,305.374,2.938,3.863,238.945,6.088,23.771,5.197,4.947,4.856,58.447,4.841,4.795,4.779,4.988,6.352,6.091,10.678,5.965,6.375,6.409,5.136,7.089,5.895,4.072,5.955,3.345,3.791,4.858,4.47,5.753,6.231,3.423,9.371,9.011,10.329,2.598,8.561,8.456,10.855,8.995,9.011,7.227,9.857,8.5,8.98,9.441,9.073,9.163,9.453,2.249,2.566,3.021,3.288,2.56,2.483,7.204,4.631,4.482,8.008,15.483,2.19,6.913,10.602,26.183,13.174,1.811,13.448,0.933,1.923,2.334,1.811,13.287,1.902,3.716,2.408,4.126,1.421,8.264,12.451,3.177,2.751,1.296,1.541,6.697,10.198,13.81,7.112,6.059,6.379,6.612,8.612,8.616,7.635,4.738,4.215,3.911,5.989,3.628,5.955,10.9,11.848,8.622,8.02,10.305,11.597,8.392,13.042,8.119,17.027,13.485,15.136,14.581,20.98,35.811,35.912,14.368,22.893,14.699,22.548,52.279,42.268,1.122,26.269,26.718,18.519,27.978,9.395,28.732
E083,3.237,1.909,1.987,1.95,1.556,1.642,2.2,1.759,1.607,2.479,2.435,2.057,4.364,4.791,3.899,4.293,4.2,2.395,4.418,3.651,4.2,3.039,2.102,2.894,3.342,16.715,3.577,4.388,4.461,2.278,3.079,4.215,2.811,2.504,3.296,3.411,3.369,2.203,2.203,3.204,2.941,3.033,2.313,2.042,3.191,3.056,2.931,2.734,2.711,2.796,2.585,2.67,3.024,3.119,3.138,3.158,3.22,2.979,2.262,3.099,0.563,1.643,2.261,2.093,2.234,2.512,2.574,2.035,1.809,2.076,2.709,1.991,1.705,2.694,1.609,2.229,2.351,2.816,2.181,1.869,2.577,1.594,0.0,1.4,1.454,0.437,0.444,1.147,1.869,1.309,1.467,0.963,1.217,1.496,1.143,1.379,1.751,2.071,1.161,1.457,2.109,4.218,3.499,3.969,1.872,2.609,3.041,7.125,3.15,3.381,3.755,4.2,2.903,4.797,305.883,3.456,3.969,239.454,6.597,23.364,5.565,5.314,5.223,57.331,5.209,5.163,5.146,5.355,5.945,5.684,10.27,6.473,5.967,6.002,5.504,6.681,6.404,4.439,6.465,3.712,4.159,5.367,4.979,6.262,6.74,3.79,9.88,9.52,10.838,2.965,9.07,8.965,11.364,9.504,9.52,7.736,10.366,9.009,8.572,9.033,8.665,8.755,9.045,2.616,2.934,3.388,3.656,2.927,2.85,7.595,5.022,4.873,8.399,15.992,2.699,7.759,12.227,26.692,14.8,2.657,15.073,2.418,3.549,3.18,2.657,13.678,2.748,5.342,4.033,5.751,0.361,9.889,12.96,4.802,4.376,2.921,1.221,5.721,9.221,12.694,8.737,5.085,5.405,5.638,8.204,8.208,7.227,5.105,4.582,4.278,6.498,4.137,6.465,11.409,12.357,9.131,8.529,10.814,12.106,8.901,13.551,7.711,18.652,15.11,16.762,16.206,22.605,35.403,35.504,13.391,21.777,13.583,23.057,52.788,42.777,1.489,27.894,28.343,20.144,28.487,11.02,29.241
E084,2.158,0.831,0.908,0.872,0.478,0.564,1.122,0.681,0.528,1.401,1.356,0.979,3.285,3.713,2.821,3.215,3.122,1.316,3.34,2.572,3.122,1.961,1.023,1.816,2.263,15.636,2.498,3.31,3.383,1.199,2.001,3.136,1.732,1.426,2.217,2.385,2.291,2.211,1.124,2.126,1.862,1.955,1.234,0.963,2.113,1.977,1.853,1.656,1.632,1.717,1.507,1.592,1.945,2.041,2.06,2.079,2.141,1.9,1.184,2.021,0.719,0.565,1.292,1.015,1.155,1.434,1.058,0.957,0.73,0.998,1.631,0.912,0.626,1.615,0.53,1.151,1.272,1.738,1.103,0.791,1.061,0.711,1.281,0.0,0.423,1.078,1.085,0.095,0.791,0.091,0.499,0.783,1.838,1.744,0.657,1.198,1.523,0.993,0.868,0.378,1.928,4.484,3.764,4.234,2.29,2.428,3.307,6.046,3.416,2.303,2.938,3.383,3.168,3.98,304.805,2.227,3.152,238.376,5.518,22.285,4.486,4.236,4.145,57.596,4.13,4.084,4.068,4.277,4.866,4.605,9.191,5.395,4.889,4.923,4.425,5.603,5.325,3.361,5.386,2.634,3.08,4.288,3.901,5.184,5.662,2.712,8.802,8.442,9.76,1.886,7.991,7.886,10.285,8.425,8.442,6.658,9.288,7.931,7.494,7.955,7.587,7.677,7.967,1.538,1.855,2.309,2.577,1.849,1.772,6.516,3.944,3.794,7.321,14.913,1.62,6.681,10.71,25.613,13.283,1.579,13.557,1.042,2.032,2.102,1.579,12.6,1.67,3.825,2.517,4.235,0.92,8.373,11.882,3.286,2.86,1.405,1.04,5.986,9.486,12.96,7.221,5.348,5.668,5.901,7.126,7.13,6.149,4.027,3.504,3.2,5.42,3.058,5.386,10.33,11.279,8.053,7.451,9.736,11.028,7.823,12.472,6.633,17.136,13.594,15.245,14.69,21.089,34.325,34.426,13.656,22.043,13.849,21.978,51.709,41.699,0.41,26.378,26.827,18.628,27.409,9.504,28.162
E085,2.522,1.194,1.272,1.235,0.841,0.927,1.486,1.044,0.892,1.765,1.72,1.343,3.649,4.076,3.184,3.578,3.486,1.68,3.703,2.936,3.486,2.324,1.387,2.179,2.627,16.0,2.862,3.674,3.747,1.563,2.365,3.5,2.096,1.789,2.581,2.749,2.655,1.599,1.488,2.49,2.226,2.318,1.598,1.327,2.476,2.341,2.216,2.02,1.996,2.081,1.87,1.956,2.309,2.405,2.424,2.443,2.505,2.264,1.548,2.384,0.296,0.928,2.094,1.378,1.519,1.798,1.859,1.32,1.094,1.361,1.995,1.276,0.99,1.979,0.894,1.514,1.636,2.102,1.466,1.155,1.863,1.093,0.858,0.685,0.0,0.655,0.662,0.781,1.155,0.595,0.88,0.36,1.415,1.322,0.428,0.776,1.148,1.357,0.446,0.742,1.506,3.615,2.896,3.366,1.269,2.006,2.438,6.41,2.547,2.666,3.152,3.597,2.3,4.194,305.168,2.59,3.366,238.74,5.882,22.649,4.85,4.599,4.509,56.728,4.494,4.448,4.431,4.64,5.23,4.969,9.555,5.759,5.252,5.287,4.789,5.966,5.689,3.724,5.75,2.997,3.444,4.652,4.264,5.547,6.025,3.076,9.165,8.805,10.123,2.25,8.355,8.25,10.649,8.789,8.805,7.021,9.651,8.294,7.857,8.318,7.95,8.04,8.33,1.901,2.219,2.673,2.941,2.212,2.135,6.88,4.307,4.158,7.684,15.277,1.984,7.045,11.512,25.977,14.085,1.942,14.359,1.703,2.834,2.466,1.942,12.963,2.034,4.627,3.318,5.036,0.498,9.175,12.246,4.087,3.661,2.206,0.618,5.117,8.618,12.091,8.022,4.482,4.802,5.035,7.489,7.493,6.513,4.39,3.868,3.563,5.783,3.422,5.75,10.694,11.643,8.416,7.814,10.099,11.392,8.186,12.836,6.996,17.937,14.395,16.047,15.491,21.89,34.688,34.789,12.788,21.174,12.98,22.342,52.073,42.062,0.774,27.179,27.628,19.429,27.772,10.306,28.526
E086,3.033,1.705,1.783,1.746,1.352,1.438,1.997,1.555,1.403,2.276,2.231,1.853,4.16,4.587,3.695,4.089,3.996,2.191,4.214,3.447,3.996,2.835,1.898,2.69,3.138,16.511,3.373,4.184,4.258,2.074,2.876,4.011,2.607,2.3,3.092,3.26,3.166,2.037,1.999,3.0,2.737,2.829,2.109,1.838,2.987,2.852,2.727,2.53,2.507,2.592,2.381,2.466,2.82,2.916,2.934,2.954,3.016,2.775,2.058,2.895,0.596,1.439,1.893,1.889,2.03,2.308,1.658,1.831,1.605,1.873,2.506,1.787,1.501,2.49,1.405,2.025,2.147,2.612,1.978,1.665,1.661,1.312,0.437,0.874,1.086,0.0,0.007,0.779,1.665,1.105,1.099,0.798,1.446,1.76,0.939,1.214,1.586,1.867,0.957,1.253,1.944,4.053,3.334,3.804,1.707,2.443,2.876,6.921,2.985,3.177,3.59,4.035,2.738,4.632,305.679,3.101,3.804,239.251,6.393,23.16,5.361,5.11,5.019,57.166,5.005,4.959,4.942,5.151,5.741,5.48,10.066,6.27,5.763,5.798,5.3,6.477,6.2,4.236,6.261,3.508,3.955,5.163,4.776,6.058,6.536,3.587,9.676,9.316,10.634,2.761,8.866,8.761,11.16,9.3,9.316,7.532,10.162,8.805,8.368,8.829,8.461,8.551,8.841,2.413,2.73,3.184,3.452,2.723,2.646,7.391,4.818,4.669,8.195,15.788,2.495,7.555,11.311,26.488,13.884,2.453,14.158,1.643,2.633,2.976,2.453,13.474,2.545,4.426,3.117,4.835,0.49,8.973,12.757,3.886,3.46,2.005,1.056,5.556,9.056,12.529,7.821,4.92,5.24,5.473,8.0,8.004,7.024,4.901,4.379,4.074,6.294,3.933,6.261,11.205,12.154,8.927,8.325,10.61,11.902,8.697,13.347,7.507,17.736,14.194,15.846,15.29,21.689,35.199,35.3,13.226,21.612,13.418,22.853,52.584,42.573,1.285,26.978,27.427,19.228,28.283,10.104,29.037
E087,3.04,1.712,1.79,1.753,1.359,1.446,2.004,1.562,1.41,2.283,2.238,1.861,4.167,4.594,3.702,4.096,4.004,2.198,4.221,3.454,4.004,2.842,1.905,2.697,3.145,16.518,3.38,4.192,4.265,2.081,2.883,4.018,2.614,2.308,3.099,3.267,3.173,2.045,2.006,3.008,2.744,2.837,2.116,1.845,2.994,2.859,2.735,2.538,2.514,2.599,2.389,2.474,2.827,2.923,2.942,2.961,3.023,2.782,2.066,2.902,0.603,1.447,1.9,1.896,2.037,2.316,1.665,1.838,1.612,1.88,2.513,1.794,1.508,2.497,1.412,2.032,2.154,2.62,1.985,1.673,1.669,1.319,0.444,0.882,1.093,0.007,0.0,0.786,1.673,1.113,1.106,0.805,1.453,1.767,0.946,1.221,1.593,1.875,0.964,1.26,1.951,4.06,3.341,3.811,1.714,2.451,2.883,6.928,2.992,3.184,3.597,4.042,2.745,4.639,305.686,3.108,3.811,239.258,6.4,23.167,5.368,5.117,5.027,57.173,5.012,4.966,4.949,5.158,5.748,5.487,10.073,6.277,5.77,5.805,5.307,6.484,6.207,4.243,6.268,3.515,3.962,5.17,4.783,6.065,6.543,3.594,9.683,9.323,10.642,2.768,8.873,8.768,11.167,9.307,9.323,7.539,10.169,8.812,8.375,8.836,8.469,8.559,8.848,2.42,2.737,3.191,3.459,2.73,2.654,7.398,4.825,4.676,8.202,15.795,2.502,7.563,11.318,26.495,13.891,2.46,14.165,1.65,2.64,2.984,2.46,13.481,2.552,4.433,3.124,4.842,0.497,8.98,12.764,3.893,3.467,2.012,1.063,5.563,9.063,12.536,7.829,4.927,5.247,5.481,8.007,8.011,7.031,4.908,4.386,4.081,6.301,3.94,6.268,11.212,12.161,8.934,8.332,10.617,11.91,8.704,13.354,7.514,17.743,14.201,15.853,15.297,21.696,35.206,35.307,13.233,21.619,13.425,22.86,52.591,42.58,1.292,26.985,27.434,19.235,28.29,10.112,29.044
E088,2.254,0.926,1.004,0.967,0.573,0.659,1.217,0.776,0.624,1.496,1.452,1.074,3.381,3.808,2.916,3.31,3.217,1.412,3.435,2.667,3.217,2.056,1.119,1.911,2.359,15.732,2.594,3.405,3.478,1.295,2.096,3.232,1.827,1.521,2.312,2.481,2.386,2.307,1.219,2.221,1.957,2.05,1.329,1.059,2.208,2.073,1.948,1.751,1.728,1.812,1.602,1.687,2.041,2.136,2.155,2.175,2.236,1.996,1.279,2.116,0.624,0.66,1.197,1.11,1.251,1.529,0.962,1.052,0.826,1.093,1.726,1.008,0.722,1.711,0.625,1.246,1.368,1.833,1.198,0.886,0.966,0.616,1.185,0.095,0.327,0.982,0.99,0.0,0.886,0.186,0.403,0.688,1.742,1.649,0.755,1.103,1.619,1.088,0.773,0.474,1.833,4.579,3.86,4.33,2.385,2.333,3.402,6.142,3.511,2.398,3.033,3.478,3.264,4.075,304.9,2.322,3.247,238.471,5.614,22.381,4.582,4.331,4.24,57.692,4.226,4.18,4.163,4.372,4.962,4.7,9.287,5.49,4.984,5.019,4.521,5.698,5.42,3.456,5.481,2.729,3.176,4.384,3.996,5.279,5.757,2.807,8.897,8.537,9.855,1.982,8.087,7.982,10.38,8.52,8.537,6.753,9.383,8.026,7.589,8.05,7.682,7.772,8.062,1.633,1.95,2.405,2.673,1.944,1.867,6.611,4.039,3.89,7.416,15.009,1.716,6.776,10.615,25.709,13.188,1.674,13.462,0.947,1.937,2.197,1.674,12.695,1.765,3.73,2.422,4.139,0.825,8.278,11.977,3.191,2.765,1.309,0.945,6.081,9.582,13.055,7.126,5.443,5.763,5.996,7.221,7.225,6.244,4.122,3.599,3.295,5.515,3.154,5.481,10.426,11.374,8.148,7.546,9.831,11.123,7.918,12.568,6.728,17.041,13.498,15.15,14.594,20.994,34.42,34.521,13.752,22.138,13.944,22.074,51.805,41.794,0.506,26.283,26.732,18.533,27.504,9.409,28.258
E089,2.387,1.191,1.137,1.232,0.706,0.924,1.483,0.679,0.756,1.629,1.841,1.672,3.353,3.899,2.888,3.401,3.308,1.384,3.526,2.758,3.308,2.029,1.329,1.883,2.331,15.704,2.566,3.496,3.569,1.267,2.069,3.322,1.8,1.786,2.578,2.746,2.652,2.572,2.014,2.486,2.223,2.316,1.595,1.324,2.341,2.338,2.213,2.017,1.993,2.078,1.867,1.952,2.306,2.401,2.421,2.44,2.506,2.129,1.545,2.381,1.398,0.226,0.955,1.499,1.137,1.502,0.72,0.687,1.227,1.172,1.362,1.257,0.357,1.346,0.528,1.019,1.757,1.469,0.834,0.0,0.724,0.781,1.96,0.89,1.102,1.757,1.764,0.794,0.0,0.981,0.391,1.462,2.517,2.424,1.034,1.877,2.413,1.883,1.289,1.268,2.607,4.844,4.125,4.595,2.651,3.107,3.667,6.275,3.777,2.663,3.299,3.743,3.529,4.34,304.873,2.587,3.512,238.444,5.586,23.27,5.108,4.857,4.767,58.218,4.752,4.706,4.689,4.898,5.851,5.59,10.176,5.463,5.873,5.908,5.047,6.587,5.393,4.378,5.454,3.17,3.617,4.356,3.969,5.251,5.729,3.249,8.87,8.51,9.828,2.115,8.059,7.954,10.353,8.493,8.51,6.726,9.356,7.998,8.478,8.939,8.571,8.661,8.951,1.766,2.083,2.846,3.114,2.209,2.0,6.702,4.13,3.98,7.507,14.981,1.688,6.412,10.373,25.681,12.946,1.309,13.22,0.705,1.695,1.833,1.309,12.786,1.401,3.488,2.18,3.897,1.599,8.036,11.95,2.949,2.523,1.067,1.72,6.347,9.847,13.582,6.884,5.708,6.028,6.261,8.11,8.114,7.133,4.563,4.041,3.736,5.488,3.126,5.454,10.398,11.347,8.121,7.519,9.804,11.096,7.891,12.54,7.617,16.799,13.256,14.908,14.352,20.752,35.309,35.41,14.017,22.665,14.471,22.046,51.777,41.767,1.3,26.041,26.489,18.291,27.477,9.167,28.23
E090,2.067,0.74,0.817,0.781,0.387,0.473,1.031,0.59,0.437,1.31,1.265,0.888,3.195,3.622,2.729,3.124,3.031,1.225,3.248,2.481,3.031,1.87,0.932,1.725,2.172,15.545,2.407,3.219,3.292,1.109,1.91,3.046,1.641,1.335,2.126,2.294,2.2,2.12,1.033,2.035,1.771,1.864,1.143,0.872,2.022,1.886,1.762,1.565,1.541,1.626,1.416,1.501,1.854,1.95,1.969,1.988,2.05,1.809,1.093,1.93,0.81,0.474,1.639,0.924,1.065,1.343,1.404,0.866,0.639,0.907,1.54,0.822,0.535,1.524,0.439,1.06,1.181,1.647,1.012,0.7,1.408,0.802,1.372,0.091,0.514,1.169,1.176,0.186,0.7,0.0,0.59,0.874,2.091,1.999,0.566,1.29,1.432,0.902,0.82,0.287,2.181,4.393,3.673,4.144,2.199,2.731,3.216,5.955,3.325,2.212,2.847,3.292,3.077,3.889,304.714,2.136,3.061,238.285,5.427,22.195,4.395,4.145,4.054,57.506,4.039,3.993,3.977,4.186,4.775,4.514,9.101,5.304,4.798,4.832,4.334,5.512,5.234,3.27,5.295,2.543,2.989,4.197,3.81,5.093,5.571,2.621,8.711,8.351,9.669,1.795,7.9,7.795,10.194,8.334,8.351,6.567,9.197,7.84,7.403,7.864,7.496,7.586,7.876,1.447,1.764,2.219,2.486,1.758,1.681,6.425,3.853,3.703,7.23,14.822,1.529,6.59,11.057,25.522,13.63,1.488,13.904,1.249,2.379,2.011,1.488,12.509,1.579,4.172,2.864,4.582,1.011,8.72,11.791,3.633,3.207,1.751,1.131,5.895,9.396,12.869,7.568,5.257,5.577,5.81,7.035,7.039,6.058,3.936,3.413,3.108,5.329,2.967,5.295,10.239,11.188,7.962,7.36,9.645,10.937,7.732,12.381,6.542,17.483,13.941,15.592,15.036,21.436,34.234,34.335,13.566,21.952,13.758,21.887,51.618,41.608,0.32,26.725,27.174,18.975,27.318,9.851,28.071
E091,2.657,1.329,1.407,1.37,0.977,1.062,1.621,1.312,1.027,1.9,1.952,1.478,3.465,4.01,3.0,3.513,3.42,1.496,3.637,2.87,3.42,2.14,1.441,1.995,2.443,15.816,2.678,3.608,3.681,1.379,2.181,3.434,1.912,1.925,2.716,2.884,2.79,2.71,1.623,2.625,2.361,2.454,1.733,1.462,2.611,2.476,2.352,2.155,2.131,2.216,2.006,2.091,2.444,2.54,2.559,2.578,2.64,2.399,1.683,2.519,1.007,0.617,0.794,1.611,1.249,1.614,0.559,0.799,1.339,1.283,1.474,1.369,1.045,1.458,1.162,1.131,1.869,1.58,0.945,0.391,0.562,0.39,1.568,0.499,0.711,1.365,1.373,0.403,0.391,0.59,0.0,1.071,2.126,2.032,0.884,1.486,2.022,1.492,1.156,0.877,2.216,4.982,4.263,4.733,2.789,2.716,3.805,6.545,3.915,2.801,3.437,3.881,3.667,4.478,304.984,2.725,3.65,238.556,5.698,23.382,5.22,4.969,4.878,58.057,4.864,4.818,4.801,5.01,5.962,5.701,10.288,5.575,5.985,6.019,5.159,6.699,5.505,4.489,5.566,3.282,3.729,4.468,4.081,5.363,5.841,3.36,8.981,8.621,9.94,2.385,8.171,8.066,10.465,8.605,8.621,6.837,9.467,8.11,8.59,9.051,8.683,8.773,9.063,2.037,2.354,2.958,3.226,2.347,2.271,6.814,4.242,4.092,7.618,15.093,1.8,6.523,10.212,25.793,12.785,1.421,13.059,0.544,1.534,1.944,1.421,12.897,1.513,3.327,2.018,3.736,1.208,7.874,12.062,2.787,2.361,0.906,1.328,6.485,10.816,13.42,6.722,5.846,6.167,6.4,8.222,8.226,7.245,4.675,4.152,3.848,5.599,3.238,5.566,10.51,11.459,8.232,7.63,9.915,11.208,8.002,12.652,7.729,16.637,13.095,14.747,14.191,20.59,35.421,35.522,14.155,22.503,14.309,22.158,51.889,41.878,0.909,25.879,26.328,18.129,27.588,9.005,28.342
E092,2.738,1.41,1.488,1.452,1.058,1.144,1.702,1.261,1.108,1.981,1.936,1.559,3.865,4.292,3.4,3.795,3.702,1.896,3.919,3.152,3.702,2.541,1.603,2.396,2.843,16.216,3.078,3.89,3.963,1.779,2.581,3.716,2.312,1.861,2.548,2.447,2.622,1.239,1.187,2.457,2.193,2.285,1.814,1.543,2.693,2.308,2.183,1.987,2.212,2.297,1.837,1.923,2.276,2.372,2.39,2.41,2.472,2.48,1.764,2.351,0.401,1.145,2.31,1.595,1.735,2.014,2.075,1.536,1.31,1.578,2.211,1.492,1.206,2.195,1.11,1.73,1.852,2.318,1.683,1.371,2.079,1.236,0.962,0.902,1.011,0.798,0.805,0.704,1.371,0.811,1.024,0.0,1.055,0.962,0.644,0.416,0.788,1.318,0.662,0.958,1.145,3.255,2.535,3.006,0.908,1.645,2.078,6.221,2.187,2.578,2.792,3.236,1.939,3.834,305.385,2.493,3.006,238.956,6.098,22.865,4.661,4.41,4.319,56.368,4.305,4.259,4.242,4.451,5.446,5.185,9.771,5.975,5.468,5.503,4.6,6.182,5.905,3.941,5.966,3.214,3.66,4.868,4.481,5.763,6.242,3.292,9.382,9.022,10.34,2.466,8.571,8.466,10.865,9.005,9.022,7.237,9.868,8.51,8.074,8.535,8.167,8.257,8.547,2.118,2.435,2.889,3.157,2.179,2.352,7.096,4.524,4.374,7.901,15.493,2.2,7.261,11.728,26.193,14.301,2.159,14.575,1.919,3.05,2.682,2.159,13.18,2.25,4.843,3.535,5.252,0.602,9.391,12.462,4.303,3.878,2.422,0.258,4.757,8.258,11.731,8.239,4.122,4.442,4.675,7.705,7.71,6.729,4.606,4.084,3.779,6.0,3.638,5.966,10.91,11.859,8.633,8.031,10.316,11.608,8.402,13.052,7.213,18.154,14.611,16.263,15.707,22.107,34.904,35.006,12.428,20.814,12.62,22.558,52.289,42.278,0.99,27.396,27.844,19.646,27.989,10.522,28.742
E093,2.396,2.465,2.543,2.379,2.113,2.308,2.991,2.316,2.163,3.036,2.991,2.614,4.92,5.347,4.455,4.849,4.757,2.951,4.974,4.207,4.757,3.595,2.658,3.45,3.898,17.271,4.133,4.945,5.018,2.834,3.636,4.771,3.367,1.533,2.22,2.119,2.294,0.911,1.058,2.129,1.865,1.958,1.663,1.882,2.276,1.98,1.856,1.659,3.267,3.352,1.51,1.595,1.948,2.044,2.063,2.082,2.144,2.782,2.929,2.023,1.456,2.2,3.365,2.649,2.79,3.069,3.13,2.591,2.365,2.633,3.266,2.547,2.261,3.25,2.165,2.785,2.907,3.373,2.738,2.426,3.134,2.291,1.217,1.957,2.066,1.853,1.86,1.759,2.426,1.866,2.079,1.055,0.0,0.485,1.699,0.639,0.658,1.189,1.717,1.803,0.672,2.927,2.208,2.678,0.581,1.317,1.75,5.893,1.859,2.251,2.464,2.909,1.612,3.506,306.439,2.165,2.678,210.649,5.306,22.608,4.333,4.082,3.992,56.04,3.977,3.931,3.914,4.123,5.189,4.928,9.514,5.117,5.101,5.246,4.272,5.925,5.342,4.996,6.729,4.269,4.715,5.923,5.536,6.526,7.004,4.347,8.818,8.458,9.777,2.502,8.008,7.903,10.302,8.442,8.458,6.674,9.304,7.947,7.816,8.277,7.91,8.0,8.29,3.173,2.737,3.944,4.662,1.851,2.653,8.151,5.579,5.429,8.955,16.548,3.255,8.316,12.783,25.63,15.356,3.213,15.63,2.974,4.105,3.737,3.213,14.234,3.305,5.898,4.59,6.307,1.003,10.446,11.899,5.358,4.933,3.477,1.216,4.429,7.93,11.403,9.293,3.794,4.114,4.347,7.448,7.452,6.472,5.502,5.139,4.834,6.762,4.693,6.729,10.347,11.296,8.069,7.467,9.752,11.044,7.839,12.489,6.955,19.208,15.666,17.318,16.762,23.161,34.647,34.748,12.1,20.486,12.292,23.613,53.344,43.333,1.966,28.451,28.899,20.701,27.425,11.577,28.179
E094,2.29,2.372,2.45,2.272,2.019,2.202,2.884,2.222,2.07,2.942,2.898,2.52,4.827,5.254,4.362,4.756,4.663,2.858,4.881,4.114,4.663,3.502,2.565,3.357,3.805,17.178,4.04,4.851,4.924,2.741,3.542,4.678,3.274,1.427,2.114,2.013,2.187,0.805,0.951,2.022,1.758,1.851,1.557,1.776,2.169,1.874,1.749,1.552,3.174,3.259,1.403,1.488,1.842,1.937,1.956,1.976,2.038,2.675,2.822,1.917,1.362,2.106,3.272,2.556,2.697,2.975,3.037,2.498,2.272,2.539,3.172,2.454,2.168,3.157,2.071,2.692,2.814,3.279,2.644,2.332,3.04,2.198,1.924,1.863,1.972,1.76,1.767,1.665,2.332,1.772,1.985,0.962,0.485,0.0,1.606,0.546,0.552,1.097,1.623,1.712,0.437,2.82,2.101,2.571,0.474,1.018,1.644,5.787,1.753,2.144,2.358,2.802,1.505,3.399,306.346,2.059,2.571,210.542,5.2,22.502,4.226,3.976,3.885,55.934,3.871,3.825,3.808,4.017,5.082,4.821,9.408,5.011,4.995,5.139,4.166,5.819,5.235,4.902,6.622,4.175,4.622,5.83,5.442,6.42,6.898,4.253,8.712,8.352,9.67,2.396,7.902,7.796,10.195,8.335,8.352,6.568,9.198,7.841,7.71,8.171,7.803,7.893,8.183,3.079,2.63,3.851,4.556,1.745,2.547,8.057,5.485,5.336,8.862,16.455,3.162,8.222,12.69,25.523,15.262,3.12,15.537,2.881,4.011,3.643,3.12,14.141,3.212,5.805,4.496,6.214,1.564,10.352,11.792,5.265,4.839,3.384,1.122,4.323,7.823,11.297,9.2,3.688,4.008,4.241,7.342,7.346,6.365,5.395,5.045,4.741,6.656,4.6,6.622,10.241,11.189,7.963,7.361,9.646,10.938,7.733,12.382,6.849,19.115,15.573,17.225,16.669,23.068,34.541,34.642,11.993,20.38,12.186,23.52,53.251,43.24,1.875,28.357,28.806,20.607,27.319,11.483,28.073
E095,2.155,0.827,0.905,0.868,0.474,0.56,1.119,0.677,0.525,1.397,1.353,0.975,3.282,3.709,2.817,3.211,3.118,1.313,3.336,2.569,3.118,1.957,1.02,1.812,2.26,15.633,2.495,3.306,3.379,1.196,1.998,3.133,1.729,1.422,2.214,2.382,2.288,2.208,1.121,2.122,1.859,1.951,1.231,0.96,2.109,1.974,1.849,1.653,1.629,1.714,1.503,1.588,1.942,2.037,2.056,2.076,2.138,1.897,1.18,2.017,0.58,0.561,1.727,1.011,1.152,1.43,1.492,0.953,0.727,0.994,1.627,0.909,0.623,1.612,0.526,1.147,1.269,1.734,1.099,0.787,1.495,1.03,1.142,0.318,0.741,0.939,0.946,0.414,0.787,0.227,0.817,0.644,1.699,1.606,0.0,1.06,1.432,0.989,0.315,0.375,1.789,3.899,3.18,3.65,1.553,2.289,2.722,6.043,2.831,2.299,2.935,3.379,2.583,3.976,304.801,2.223,3.148,238.373,5.515,22.282,4.483,4.232,4.141,57.012,4.127,4.081,4.064,4.273,4.863,4.601,9.188,5.392,4.885,4.92,4.422,5.599,5.322,3.357,5.383,2.63,3.077,4.285,3.897,5.18,5.658,2.708,8.798,8.438,9.756,1.883,7.988,7.883,10.282,8.422,8.438,6.654,9.284,7.927,7.49,7.951,7.583,7.673,7.963,1.534,1.852,2.306,2.574,1.845,1.768,6.513,3.94,3.791,7.317,14.91,1.617,6.677,11.145,25.61,13.717,1.575,13.992,1.336,2.467,2.098,1.575,12.596,1.667,4.26,2.951,4.669,0.781,8.807,11.879,3.72,3.294,1.839,0.902,5.401,8.902,12.375,7.655,5.344,5.664,5.897,7.122,7.126,6.145,4.023,3.501,3.196,5.416,3.055,5.383,10.327,11.275,8.049,7.447,9.732,11.024,7.819,12.469,6.629,17.57,14.028,15.68,15.124,21.523,34.321,34.422,13.072,21.458,13.264,21.975,51.706,41.695,0.407,26.812,27.261,19.062,27.405,9.938,28.159
E096,2.309,1.826,1.904,1.867,1.473,1.559,2.118,1.676,1.524,2.397,2.352,1.974,4.281,4.708,3.816,4.21,4.117,2.312,4.335,3.567,4.117,2.956,2.019,2.811,3.259,16.632,3.494,4.305,4.378,2.195,2.996,4.132,2.728,1.445,2.132,2.032,2.206,0.824,0.771,2.041,1.777,1.87,1.575,1.794,2.188,1.892,1.768,1.571,2.628,2.712,1.422,1.507,1.86,1.956,1.975,1.994,2.056,2.896,2.179,1.936,0.816,1.56,2.726,2.01,2.151,2.429,2.491,1.952,1.726,1.993,2.627,1.908,1.622,2.611,1.526,2.146,2.268,2.733,2.098,1.786,2.494,1.652,1.378,1.317,1.427,1.214,1.221,1.119,1.786,1.226,1.439,0.416,0.639,0.546,1.06,0.0,0.372,0.903,1.077,1.374,0.73,2.839,2.12,2.59,0.493,1.23,1.662,5.805,1.772,2.163,2.376,2.821,1.524,3.418,305.8,2.078,2.59,239.371,5.218,22.52,4.245,3.995,3.904,55.952,3.889,3.843,3.826,4.035,5.101,4.84,9.426,5.03,5.014,5.158,4.184,5.838,5.254,4.356,6.382,3.629,4.076,5.284,4.896,6.179,6.657,3.708,8.73,8.371,9.689,2.414,7.92,7.815,10.214,8.354,8.371,6.586,9.217,7.859,7.729,8.19,7.822,7.912,8.202,2.533,2.851,3.305,3.573,1.764,2.767,7.511,4.939,4.79,8.316,15.909,2.616,7.676,12.144,25.542,14.716,2.574,14.991,2.335,3.466,3.097,2.574,13.595,2.666,5.259,3.95,5.668,1.018,9.806,11.811,4.719,4.293,2.838,0.576,4.342,7.842,11.315,8.654,3.707,4.027,4.26,7.361,7.365,6.384,5.022,4.5,4.195,6.415,4.054,6.382,10.259,11.208,7.982,7.38,9.665,10.957,7.752,12.401,6.868,18.569,15.027,16.679,16.123,22.522,34.559,34.661,12.012,20.399,12.204,22.974,52.705,42.694,1.406,27.811,28.26,20.061,27.338,10.937,28.091
E097,1.746,1.979,2.143,1.445,1.712,1.375,2.34,1.915,1.763,2.636,2.591,2.127,4.52,4.947,4.055,4.449,4.356,2.551,4.574,3.807,4.356,3.195,2.258,3.05,3.498,16.871,3.733,4.545,4.617,2.434,3.236,4.371,2.967,0.882,1.569,1.836,1.643,0.628,0.399,1.478,1.214,1.307,1.013,1.232,1.625,1.329,1.205,1.008,2.781,2.866,0.859,0.944,1.297,1.393,1.412,1.432,1.493,2.131,2.278,1.373,1.188,1.8,2.965,2.249,2.39,2.669,2.73,2.191,1.965,2.232,2.866,2.147,1.861,2.85,1.765,2.385,2.507,2.973,2.338,2.026,2.733,2.234,1.75,1.523,1.946,1.586,1.593,1.619,2.026,1.432,2.022,0.788,0.658,0.567,1.52,0.372,0.0,0.53,1.45,1.145,0.749,2.643,1.924,2.394,0.297,1.299,1.467,5.61,1.576,1.967,2.181,2.625,1.328,3.222,306.039,1.882,2.394,210.365,5.022,22.325,4.049,3.799,3.708,55.756,3.693,3.647,3.631,3.84,4.905,4.644,9.231,4.834,4.818,4.962,3.988,5.642,5.058,4.596,6.445,3.868,4.315,5.523,5.136,6.242,6.721,3.947,8.535,8.175,9.493,1.852,7.724,7.619,10.018,8.158,8.175,6.391,9.021,7.663,7.533,7.994,7.626,7.716,8.006,2.772,2.086,3.544,3.812,1.201,2.003,7.751,5.178,5.029,8.555,16.148,2.855,7.915,12.383,25.346,14.956,2.813,15.23,2.574,3.705,3.337,2.813,13.834,2.905,5.498,4.189,5.907,1.39,10.046,11.615,4.958,4.532,3.077,0.949,4.146,7.646,11.12,8.893,3.511,3.831,4.064,7.165,7.169,6.188,5.218,4.739,4.434,6.479,4.293,6.445,10.063,11.012,7.786,7.184,9.469,10.761,7.556,12.205,6.672,18.808,15.266,16.918,16.362,22.761,34.364,34.465,11.816,20.203,12.009,23.213,52.944,42.933,1.308,28.05,28.499,20.3,27.142,11.177,27.895
E098,1.553,1.449,1.613,0.915,1.182,0.845,1.74,1.385,1.232,2.105,2.061,1.597,3.99,4.417,3.525,3.919,3.826,2.021,4.044,3.276,3.826,2.665,1.728,2.52,2.968,16.34,3.203,4.014,4.087,1.904,2.705,3.841,2.437,0.69,1.377,1.545,1.45,0.835,0.131,1.285,1.021,1.114,0.82,0.818,1.432,1.137,1.012,0.815,2.25,2.335,0.666,0.751,1.105,1.2,1.219,1.239,1.3,2.605,1.802,1.18,1.509,1.269,2.434,1.719,1.86,2.138,2.2,1.661,1.435,1.702,2.335,1.617,1.331,2.32,1.234,1.855,1.977,2.442,1.807,1.495,2.203,1.704,2.071,0.993,1.416,1.867,1.875,1.088,1.495,0.902,1.492,1.318,1.189,1.097,0.989,0.903,0.53,0.0,1.244,0.615,1.279,3.107,2.388,2.858,0.828,1.829,1.93,6.073,2.039,1.462,2.644,3.089,1.792,3.686,305.509,1.386,2.858,239.08,6.223,22.788,4.513,4.262,4.171,56.22,4.157,4.111,4.094,4.303,5.369,5.108,9.694,6.099,5.281,5.426,4.452,6.105,6.029,4.065,6.09,3.338,3.785,4.992,4.605,5.888,6.366,3.416,9.506,9.146,10.464,1.659,8.696,8.591,10.989,9.129,9.146,7.362,9.992,8.635,7.996,8.457,8.089,8.18,8.47,2.242,2.559,3.014,3.282,1.008,2.476,7.22,4.648,4.498,8.025,15.618,2.325,7.385,11.853,26.317,14.425,2.283,14.699,2.044,3.174,2.806,2.283,13.304,2.374,4.968,3.659,5.377,1.71,9.515,12.586,4.428,4.002,2.547,1.479,4.609,8.11,11.583,8.363,3.974,4.294,4.527,7.628,7.633,6.652,4.731,4.208,3.904,6.124,3.763,6.09,11.035,11.983,8.757,8.155,10.44,11.732,8.527,13.177,7.136,18.278,14.736,16.387,15.832,22.231,34.827,34.928,12.28,20.666,12.472,22.683,52.414,42.403,0.777,27.52,27.969,19.77,28.113,10.646,28.867
E099,2.409,1.081,1.159,1.123,0.729,0.815,1.373,0.932,0.779,1.652,1.607,1.23,3.536,3.963,3.071,3.466,3.373,1.567,3.59,2.823,3.373,2.212,1.274,2.067,2.514,15.887,2.749,3.561,3.634,1.45,2.252,3.387,1.983,1.677,2.468,2.636,2.542,1.901,1.375,2.377,2.113,2.206,1.485,1.214,2.364,2.228,2.104,1.907,1.883,1.968,1.758,1.843,2.196,2.292,2.311,2.33,2.392,2.151,1.435,2.272,0.598,0.816,1.981,1.266,1.406,1.685,1.746,1.208,0.981,1.249,1.882,1.163,0.877,1.866,0.781,1.401,1.523,1.989,1.354,1.042,1.75,1.284,1.16,0.573,0.996,0.957,0.964,0.668,1.042,0.482,1.071,0.662,1.717,1.623,0.315,1.077,1.45,1.244,0.0,0.629,1.807,3.917,3.197,3.667,1.571,2.307,2.74,6.297,2.849,2.554,3.189,3.634,2.601,4.231,305.056,2.478,3.403,238.627,5.769,22.536,4.737,4.487,4.396,57.03,4.381,4.335,4.319,4.528,5.117,4.856,9.442,5.646,5.139,5.174,4.676,5.854,5.576,3.612,5.637,2.885,3.331,4.539,4.152,5.434,5.913,2.963,9.053,8.693,10.011,2.137,8.242,8.137,10.536,8.676,8.693,6.909,9.539,8.181,7.745,8.206,7.838,7.928,8.218,1.789,2.106,2.56,2.828,2.099,2.023,6.767,4.195,4.045,7.572,15.164,1.871,6.932,11.399,25.864,13.972,1.83,14.246,1.591,2.721,2.353,1.83,12.851,1.921,4.514,3.206,4.923,0.799,9.062,12.133,3.975,3.549,2.093,0.919,5.419,8.919,12.393,7.91,4.784,5.104,5.337,7.377,7.381,6.4,4.277,3.755,3.45,5.671,3.309,5.637,10.581,11.53,8.304,7.702,9.987,11.279,8.074,12.723,6.884,17.825,14.282,15.934,15.378,21.778,34.575,34.677,13.09,21.476,13.282,22.229,51.96,41.95,0.661,27.067,27.515,19.317,27.66,10.193,28.413
E100,1.841,0.834,0.912,0.508,0.481,0.437,1.126,0.684,0.532,1.405,1.36,0.983,3.289,3.716,2.824,3.218,3.125,1.32,3.343,2.576,3.125,1.964,1.027,1.819,2.267,15.64,2.502,3.313,3.386,1.203,2.005,3.14,1.736,0.874,1.665,1.833,1.739,1.659,0.746,1.574,1.31,1.403,0.682,0.411,1.721,1.425,1.3,1.104,1.636,1.721,0.955,1.04,1.393,1.489,1.508,1.527,1.589,1.904,1.188,1.468,0.894,0.568,1.734,1.018,1.159,1.438,1.499,0.96,0.734,1.001,1.635,0.916,0.63,1.619,0.534,1.154,1.276,1.742,1.107,0.794,1.502,1.089,1.456,0.378,0.801,1.253,1.26,0.474,0.794,0.287,0.877,0.958,1.803,1.712,0.375,1.374,1.145,0.615,0.629,0.0,1.894,3.931,3.212,3.682,1.738,2.444,2.755,6.05,2.864,1.75,2.386,2.83,2.616,3.428,304.808,1.674,2.599,238.38,5.522,22.289,4.49,4.239,4.149,57.044,4.134,4.088,4.071,4.28,4.87,4.609,9.195,5.399,4.892,4.927,4.429,5.606,5.329,3.365,5.39,2.637,3.084,4.292,3.905,5.187,5.665,2.716,8.805,8.445,9.764,1.89,7.995,7.89,10.289,8.429,8.445,6.661,9.291,7.934,7.497,7.958,7.59,7.68,7.97,1.541,1.859,2.313,2.581,1.296,1.775,6.52,3.947,3.798,7.324,14.917,1.624,6.684,11.152,25.617,13.725,1.582,13.999,1.343,2.474,2.105,1.582,12.603,1.674,4.267,2.958,4.676,1.096,8.814,11.886,3.727,3.301,1.846,1.216,5.434,8.934,12.408,7.662,4.795,5.115,5.349,7.129,7.133,6.152,4.03,3.508,3.203,5.423,3.062,5.39,10.334,11.283,8.056,7.454,9.739,11.031,7.826,12.476,6.636,17.577,14.035,15.687,15.131,21.53,34.328,34.429,13.104,21.491,13.297,21.982,51.713,41.702,0.163,26.819,27.268,19.069,27.412,9.945,28.166
E101,2.487,2.556,2.633,2.469,2.203,2.399,3.081,2.406,2.253,3.126,3.082,2.704,5.011,5.438,4.546,4.94,4.847,3.042,5.065,4.297,4.847,3.686,2.748,3.541,3.989,17.361,4.223,5.035,5.108,2.925,3.726,4.862,3.457,1.623,2.311,2.21,2.384,1.002,1.148,2.219,1.955,2.048,1.754,1.972,2.366,2.071,1.946,1.749,3.357,3.442,1.6,1.685,2.038,2.134,2.153,2.173,2.234,2.872,3.019,2.114,1.546,2.29,3.455,2.74,2.881,3.159,3.22,2.682,2.455,2.723,3.356,2.638,2.352,3.341,2.255,2.876,2.998,3.463,2.828,2.516,3.224,2.381,2.108,2.047,2.156,1.944,1.951,1.849,2.516,1.956,2.169,1.145,0.672,0.437,1.789,0.73,0.749,1.279,1.807,1.894,0.0,1.939,2.298,2.188,0.671,0.553,1.841,5.984,1.95,2.341,2.555,2.999,1.702,3.596,306.53,2.256,2.768,209.481,5.396,22.698,4.423,4.173,4.082,54.872,4.067,4.021,4.005,4.214,5.279,5.018,9.605,5.208,5.192,5.336,4.362,6.016,5.432,5.086,6.819,4.359,4.806,6.013,5.626,6.616,7.095,4.437,8.909,8.549,9.867,2.593,8.098,7.993,10.392,8.532,8.549,6.765,9.395,8.037,7.907,8.368,8.0,8.09,8.38,3.263,2.827,4.035,4.753,1.942,2.744,8.241,5.669,5.519,9.046,16.639,3.346,8.406,12.873,25.72,15.446,3.304,15.72,3.065,4.195,3.827,3.304,14.325,3.395,5.988,4.68,6.398,1.747,10.536,11.989,5.449,5.023,3.567,1.306,3.262,6.762,10.236,9.384,3.992,4.312,4.545,7.539,7.543,6.562,5.592,5.229,4.925,6.853,4.784,6.819,10.437,11.386,8.16,7.558,9.843,11.135,7.93,12.579,7.046,19.299,15.757,17.408,16.852,23.252,34.738,34.839,10.932,19.319,11.125,23.703,53.435,43.424,2.057,28.541,28.99,20.791,27.516,11.667,28.269
E102,4.05,4.781,4.73,4.032,4.3,3.962,4.644,4.503,4.35,5.223,5.178,5.266,7.107,7.535,6.642,7.037,6.944,5.138,7.161,6.394,6.944,5.783,4.845,5.638,6.085,19.288,6.32,7.132,7.205,5.021,5.823,6.958,5.554,3.187,3.832,3.271,3.895,2.292,2.991,3.782,3.519,3.611,3.317,3.536,3.929,3.634,3.509,3.312,5.475,5.56,3.163,3.248,3.602,3.697,3.716,3.736,3.798,4.436,4.583,3.677,3.638,4.387,5.552,4.837,4.977,5.256,5.317,4.779,4.552,4.82,5.453,4.734,4.448,5.437,4.352,4.973,5.094,5.56,4.925,4.613,5.321,5.21,4.199,4.499,4.922,4.035,4.042,4.594,4.613,4.408,5.176,3.237,2.909,2.816,3.881,2.821,2.626,3.122,3.899,3.947,2.061,0.0,0.764,0.249,2.328,1.426,1.177,4.085,3.011,3.402,3.616,4.06,1.541,3.389,308.457,3.317,3.829,207.722,6.458,23.76,5.485,5.234,5.143,53.113,5.129,5.083,5.066,5.275,6.341,6.08,10.666,6.269,6.253,6.398,5.424,7.077,6.494,6.761,7.88,6.034,6.48,7.94,7.653,7.678,8.156,6.364,9.97,9.61,10.928,4.156,9.16,9.055,11.454,9.593,9.61,7.826,10.456,9.099,8.968,9.429,9.061,9.151,9.441,5.36,4.39,6.165,5.814,3.505,4.307,10.338,7.766,7.616,11.143,18.565,5.442,10.503,14.97,26.782,17.543,5.401,17.817,5.162,6.292,5.924,5.401,16.422,5.492,8.085,6.777,8.495,3.839,12.633,13.05,7.546,7.12,5.664,3.397,1.503,5.003,8.476,7.714,2.233,2.553,2.786,8.6,8.604,7.623,6.654,6.904,6.599,7.914,6.88,7.88,11.499,12.447,9.221,8.619,10.904,12.196,8.991,13.64,8.107,21.395,17.853,19.505,18.949,25.349,35.799,35.9,9.173,17.56,9.366,25.63,55.362,45.351,4.109,30.638,31.087,22.888,28.577,13.764,29.331
E103,3.331,4.062,4.011,3.313,3.581,3.243,3.925,3.784,3.631,4.504,4.459,4.547,6.388,6.815,5.923,6.317,6.225,4.419,6.442,5.675,6.225,5.064,4.126,4.918,5.366,18.569,5.601,6.413,6.486,4.302,5.104,6.239,4.835,2.468,3.113,2.552,3.176,1.573,2.272,3.063,2.8,2.892,2.598,2.817,3.21,2.915,2.79,2.593,4.756,4.841,2.444,2.529,2.883,2.978,2.997,3.017,3.079,3.716,3.864,2.958,2.918,3.668,4.833,4.117,4.258,4.537,4.598,4.059,3.833,4.101,4.734,4.015,3.729,4.718,3.633,4.253,4.375,4.841,4.206,3.894,4.602,4.491,3.48,3.78,4.203,3.316,3.323,3.875,3.894,3.689,4.457,2.518,2.19,2.097,3.162,2.102,1.906,2.403,3.18,3.228,2.28,0.764,0.0,0.515,1.609,2.191,0.458,4.85,2.292,2.683,2.897,3.341,0.822,3.938,307.738,2.598,3.11,208.486,5.739,23.041,4.766,4.515,4.424,53.877,4.41,4.364,4.347,4.556,5.622,5.36,9.947,5.55,5.534,5.679,4.705,6.358,5.774,6.042,7.161,5.314,5.761,7.221,6.934,6.958,7.437,5.645,9.251,8.891,10.209,3.437,8.441,8.336,10.734,8.874,8.891,7.107,9.737,8.38,8.249,8.71,8.342,8.432,8.722,4.641,3.671,5.446,5.095,2.786,3.588,9.619,7.047,6.897,10.423,17.846,4.723,9.784,14.251,26.062,16.824,4.681,17.098,4.442,5.573,5.205,4.681,15.702,4.773,7.366,6.058,7.775,3.12,11.914,12.331,6.827,6.401,4.945,2.678,2.267,5.767,9.241,8.479,2.997,3.317,3.551,7.881,7.885,6.904,5.934,6.185,5.88,7.195,6.161,7.161,10.78,11.728,8.502,7.9,10.185,11.477,8.272,12.921,7.388,20.676,17.134,18.786,18.23,24.63,35.08,35.181,9.938,18.324,10.13,24.911,54.642,44.632,3.39,29.919,30.367,22.169,27.858,13.045,28.612
E104,3.801,4.532,4.481,3.784,4.051,3.713,4.395,4.254,4.101,4.974,4.929,5.017,6.858,7.285,6.393,6.788,6.695,4.889,6.912,6.145,6.695,5.534,4.596,5.388,5.836,19.039,6.071,6.883,6.956,4.772,5.574,6.709,5.305,2.938,3.583,3.022,3.646,2.043,2.742,3.533,3.27,3.362,3.068,3.287,3.68,3.385,3.26,3.063,5.226,5.311,2.914,2.999,3.353,3.448,3.467,3.487,3.549,4.187,4.333,3.428,3.389,4.138,5.303,4.588,4.728,5.007,5.068,4.529,4.303,4.571,5.204,4.485,4.199,5.188,4.103,4.723,4.845,5.311,4.676,4.364,5.072,4.961,3.95,4.25,4.673,3.786,3.793,4.345,4.364,4.159,4.926,2.988,2.66,2.567,3.632,2.572,2.377,2.873,3.65,3.698,2.31,0.249,0.515,0.0,2.079,1.675,0.928,4.335,2.762,3.153,3.367,3.811,1.292,3.638,308.208,3.068,3.58,207.971,6.209,23.511,5.236,4.985,4.894,53.362,4.88,4.834,4.817,5.026,6.092,5.83,10.417,6.02,6.004,6.149,5.175,6.828,6.245,6.512,7.631,5.785,6.231,7.691,7.404,7.429,7.907,6.115,9.721,9.361,10.679,3.907,8.911,8.806,11.204,9.344,9.361,7.577,10.207,8.85,8.719,9.18,8.812,8.902,9.192,5.111,4.141,5.916,5.565,3.256,4.058,10.089,7.517,7.367,10.893,18.316,5.193,10.254,14.721,26.533,17.294,5.152,17.568,4.913,6.043,5.675,5.152,16.172,5.243,7.836,6.528,8.245,3.59,12.384,12.801,7.297,6.871,5.415,3.148,1.752,5.252,8.725,7.963,2.482,2.802,3.035,8.351,8.355,7.374,6.404,6.655,6.35,7.665,6.631,7.631,11.25,12.198,8.972,8.37,10.655,11.947,8.742,13.392,7.858,21.146,17.604,19.256,18.7,25.099,35.55,35.651,9.422,17.809,9.614,25.381,55.113,45.102,3.861,30.389,30.837,22.639,28.328,13.515,29.082
E105,1.816,2.546,2.496,1.798,2.065,1.728,2.41,2.268,2.116,2.989,2.944,3.031,4.873,5.3,4.408,4.802,4.709,2.904,4.927,4.16,4.709,3.548,2.611,3.403,3.851,17.224,4.086,4.897,4.97,2.787,3.588,4.724,3.32,0.952,1.639,1.539,1.713,0.331,0.696,1.548,1.284,1.377,1.083,1.301,1.695,1.399,1.275,1.078,3.241,3.326,0.929,1.014,1.367,1.463,1.482,1.501,1.563,2.201,2.348,1.443,1.309,2.152,3.318,2.602,2.743,3.021,3.083,2.544,2.318,2.585,3.219,2.5,2.214,3.203,2.118,2.738,2.86,3.325,2.691,2.378,3.086,2.145,1.871,2.265,2.687,1.707,1.714,2.36,2.378,2.174,2.941,0.908,0.581,0.487,1.553,0.493,0.297,0.828,1.571,1.712,0.671,2.346,1.627,2.097,0.0,1.171,1.169,5.312,1.279,1.67,1.883,2.328,1.031,2.925,306.392,1.585,2.097,210.068,4.725,22.027,3.752,3.502,3.411,55.459,3.396,3.35,3.333,3.542,4.608,4.347,8.934,4.537,4.521,4.665,3.691,5.345,4.761,5.028,6.148,4.301,4.748,5.876,5.488,5.945,6.423,4.3,8.238,7.878,9.196,1.921,7.427,7.322,9.721,7.861,7.878,6.093,8.724,7.366,7.236,7.697,7.329,7.419,7.709,3.125,2.156,3.897,4.082,1.271,2.073,8.104,5.531,5.382,8.908,16.501,3.208,8.268,12.736,25.049,15.309,3.166,15.583,2.927,4.058,3.689,3.166,14.187,3.258,5.851,4.542,6.26,1.511,10.398,11.318,5.311,4.885,3.43,1.069,3.849,7.349,10.822,9.246,3.213,3.534,3.767,6.868,6.872,5.891,4.921,5.171,4.867,6.181,4.646,6.148,9.766,10.715,7.489,6.887,9.172,10.464,7.258,11.908,6.375,19.161,15.619,17.271,16.715,23.114,34.067,34.168,11.519,19.906,11.712,23.566,53.297,43.286,1.875,28.403,28.852,20.653,26.845,11.53,27.598
E106,2.987,3.056,3.133,2.969,2.703,2.899,3.581,2.906,2.753,3.626,3.582,3.204,5.511,5.938,5.046,5.44,5.347,3.542,5.565,4.797,5.347,4.186,3.249,4.041,4.489,17.861,4.723,5.535,5.608,3.425,4.226,5.362,3.957,2.123,2.811,2.71,2.884,1.502,1.698,2.719,2.455,2.548,2.254,2.473,2.866,2.571,2.446,2.249,3.857,3.942,2.1,2.185,2.538,2.634,2.653,2.673,2.734,3.372,3.519,2.614,2.046,2.79,3.955,3.24,3.381,3.659,3.72,3.182,2.955,3.223,3.856,3.138,2.852,3.841,2.755,3.376,3.498,3.963,3.328,3.016,3.724,2.881,2.608,2.547,2.656,2.443,2.451,2.349,3.016,2.456,2.669,1.645,1.317,1.018,2.289,1.23,1.299,1.829,2.307,2.444,0.635,1.386,2.151,1.635,1.171,0.0,1.573,5.292,2.45,2.841,3.055,3.499,2.202,4.096,307.03,2.756,3.268,208.928,5.896,23.199,4.923,4.673,4.582,54.319,4.567,4.521,4.505,4.714,5.779,5.518,10.105,5.708,5.692,5.836,4.862,6.516,5.932,5.586,7.319,4.859,5.306,6.513,6.126,7.116,7.595,4.937,9.409,9.049,10.367,3.093,8.598,8.493,10.892,9.032,9.049,7.265,9.895,8.537,8.407,8.868,8.5,8.59,8.88,3.763,3.327,4.535,5.253,2.442,3.244,8.741,6.169,6.019,9.546,17.139,3.846,8.906,13.373,26.22,15.946,3.804,16.22,3.565,4.695,4.327,3.804,14.825,3.895,6.488,5.18,6.898,2.248,11.036,12.489,5.949,5.523,4.067,1.806,2.709,6.209,9.683,8.921,3.439,3.76,3.993,8.039,8.043,7.062,6.092,5.729,5.425,7.353,5.284,7.319,10.937,11.886,8.66,8.058,10.343,11.635,8.43,13.079,7.546,19.799,16.257,17.908,17.353,23.752,35.238,35.339,10.38,18.766,10.572,24.203,53.935,43.924,2.607,29.041,29.49,21.291,28.016,12.167,28.769
E107,2.873,3.604,3.554,2.856,3.123,2.785,3.468,3.326,3.174,4.046,4.002,4.089,5.931,6.358,5.466,5.86,5.767,3.962,5.985,5.217,5.767,4.606,3.669,4.461,4.909,18.112,5.144,5.955,6.028,3.845,4.646,5.782,4.378,2.01,2.656,2.095,2.719,1.116,1.815,2.606,2.342,2.435,2.14,2.359,2.753,2.457,2.333,2.136,4.299,4.384,1.987,2.072,2.425,2.521,2.54,2.559,2.621,3.259,3.406,2.5,2.461,3.21,4.375,3.66,3.801,4.079,4.141,3.602,3.376,3.643,4.276,3.558,3.272,4.261,3.175,3.796,3.918,4.383,3.748,3.436,4.144,4.034,3.023,3.322,3.745,2.858,2.866,3.418,3.436,3.232,3.999,2.06,1.732,1.639,2.704,1.645,1.449,1.946,2.722,2.77,1.823,1.177,0.458,0.928,1.152,1.573,0.0,4.4,1.835,2.226,2.439,2.884,0.365,3.481,307.28,2.14,2.653,208.898,5.281,22.583,4.308,4.058,3.967,54.29,3.952,3.906,3.889,4.098,5.164,4.903,9.489,5.093,5.077,5.221,4.247,5.9,5.317,5.584,6.704,4.857,5.303,6.764,6.476,6.501,6.979,5.187,8.793,8.434,9.752,2.979,7.983,7.878,10.277,8.417,8.434,6.649,9.28,7.922,7.792,8.252,7.885,7.975,8.265,4.183,3.214,4.989,4.638,2.328,3.13,9.161,6.589,6.439,9.966,17.389,4.266,9.326,13.794,25.605,16.366,4.224,16.64,3.985,5.115,4.747,4.224,15.245,4.315,6.909,5.6,7.318,2.662,11.456,11.874,6.369,5.943,4.487,2.221,2.679,6.18,9.653,8.891,2.547,2.867,3.101,7.423,7.428,6.447,5.477,5.727,5.423,6.737,5.704,6.704,10.322,11.271,8.044,7.442,9.727,11.02,7.814,12.464,6.931,20.219,16.677,18.328,17.773,24.172,34.622,34.724,10.35,18.736,10.542,24.454,54.185,44.174,2.933,29.461,29.91,21.711,27.401,12.587,28.154
E108,4.99,5.548,5.111,5.472,5.556,5.92,4.941,5.905,5.505,5.012,5.359,5.055,6.529,6.099,6.064,5.601,5.508,5.592,5.726,4.958,5.508,5.224,5.798,5.346,5.507,17.288,5.742,5.696,5.769,5.774,5.244,5.523,5.263,5.091,4.503,3.942,4.566,5.075,5.939,5.027,4.579,4.672,5.221,5.44,4.944,4.694,4.57,4.671,5.771,5.856,4.844,4.735,4.662,4.758,4.777,4.796,4.858,4.732,4.879,4.737,6.55,5.789,6.955,5.531,5.947,5.71,6.72,6.181,6.037,5.789,6.225,5.704,5.851,6.209,5.754,5.942,5.532,6.962,6.327,6.015,6.723,6.745,7.111,6.034,6.457,6.908,6.915,6.129,6.015,5.943,6.578,6.185,5.857,5.764,6.03,5.769,5.574,6.071,6.285,6.037,5.948,4.105,4.87,4.354,5.277,5.286,4.4,0.0,2.784,4.073,2.471,2.026,4.035,1.629,306.456,4.398,3.437,221.878,4.457,21.759,3.484,3.233,3.143,56.973,3.128,3.082,3.065,3.274,4.34,4.079,8.665,4.269,4.253,4.397,3.423,5.076,4.493,4.76,5.88,4.033,4.479,5.94,5.652,5.677,6.155,4.363,7.969,7.609,8.928,4.718,7.159,7.054,9.453,7.593,7.609,5.825,8.456,7.098,6.968,7.428,7.061,7.151,7.441,5.149,4.686,4.165,3.813,4.806,4.603,8.902,6.33,6.18,9.707,16.565,5.533,10.452,13.652,24.781,16.225,6.172,16.499,6.564,7.694,7.148,6.172,14.986,6.894,9.487,8.179,9.897,6.751,14.035,11.05,8.948,8.522,7.066,6.346,5.363,8.863,12.337,11.575,1.853,1.532,1.299,6.599,6.604,5.623,4.653,4.903,4.598,5.913,5.172,5.88,9.498,10.447,7.22,6.618,8.903,10.196,6.99,11.64,6.107,22.798,19.256,20.907,20.352,26.751,33.798,33.9,13.033,21.42,13.226,23.63,53.361,43.35,6.069,32.04,32.489,24.29,26.576,15.166,27.33
E109,1.859,3.285,2.848,3.209,3.292,2.917,2.677,3.457,3.242,2.749,3.086,2.792,4.882,5.18,4.417,4.682,4.59,3.392,4.807,4.04,4.59,3.557,3.428,3.412,3.86,16.676,4.095,4.777,4.851,3.574,3.598,4.604,3.329,2.141,1.251,0.69,1.314,1.081,1.946,1.776,1.328,1.421,2.271,2.49,1.739,1.443,1.319,1.42,3.508,3.593,1.593,1.484,1.411,1.507,1.526,1.545,1.607,2.469,2.615,1.486,2.592,3.341,4.507,3.258,3.674,3.51,4.272,3.733,3.507,3.516,4.024,3.431,3.403,4.009,3.306,3.669,3.259,4.514,3.879,3.567,4.275,4.165,3.154,3.454,3.876,2.99,2.997,3.549,3.567,3.363,4.13,2.191,1.863,1.77,2.835,1.776,1.58,2.077,2.853,2.901,1.954,2.996,2.277,2.747,1.283,2.454,1.819,2.784,0.0,0.821,0.322,0.707,1.681,1.304,305.845,0.823,1.217,221.267,3.846,21.148,2.872,2.622,2.531,56.109,2.517,2.471,2.454,2.663,3.728,3.467,8.054,3.657,3.641,3.786,2.812,4.465,3.881,4.149,5.268,3.421,3.868,5.328,5.041,5.066,5.544,3.752,7.358,6.998,8.316,1.965,6.548,6.443,8.841,6.981,6.998,5.214,7.844,6.487,6.356,6.817,6.449,6.539,6.829,2.885,2.423,3.553,3.202,1.554,2.34,7.984,5.411,5.262,8.788,15.953,3.333,8.805,12.005,24.169,14.578,3.972,14.852,4.116,5.246,4.878,3.972,14.067,4.447,7.04,5.731,7.449,2.793,11.587,10.438,6.5,6.074,4.619,2.352,4.499,7.999,11.473,10.435,2.672,2.992,3.225,5.988,5.992,5.011,4.041,4.292,3.987,5.302,4.408,5.268,8.886,9.835,6.609,6.007,8.292,9.584,6.379,11.028,5.495,20.35,16.808,18.459,17.904,24.303,33.187,33.288,12.169,20.556,12.362,23.018,52.749,42.739,3.064,29.592,30.041,21.842,25.965,12.718,26.719
E110,1.086,2.191,2.166,2.114,2.179,1.842,1.681,2.382,2.23,2.067,2.404,2.11,4.2,4.498,3.735,4.0,3.908,2.71,4.125,3.358,3.908,2.875,2.725,2.73,3.178,16.356,3.413,4.096,4.169,2.901,2.916,3.922,2.647,1.067,0.478,0.131,0.541,1.472,1.675,0.755,0.555,0.647,1.197,1.415,0.966,0.67,0.545,0.647,2.511,2.596,0.82,0.711,0.638,0.734,0.752,0.772,0.834,1.472,1.619,0.713,2.895,2.267,3.432,2.576,2.857,2.828,3.197,2.658,2.432,2.7,3.333,2.614,2.328,3.317,2.232,2.852,2.577,3.44,2.805,2.493,3.201,3.09,3.456,2.379,2.802,3.253,3.261,2.474,2.493,2.288,3.055,2.583,2.255,2.162,2.375,2.167,1.627,1.473,2.63,1.827,2.345,3.387,2.668,3.138,1.674,2.845,2.211,4.113,0.84,0.0,0.684,1.128,2.072,1.725,305.525,0.301,0.897,220.947,3.526,20.828,2.553,2.302,2.211,56.501,2.197,2.151,2.134,2.343,3.409,3.147,7.734,3.337,3.321,3.466,2.492,4.145,3.562,3.829,4.948,3.102,3.548,5.008,4.721,4.745,5.224,3.432,7.038,6.678,7.996,1.192,6.228,6.123,8.521,6.661,6.678,4.894,7.524,6.167,6.036,6.497,6.129,6.219,6.509,2.204,1.427,3.233,2.882,0.781,1.343,7.302,4.729,4.58,8.106,15.633,2.651,8.123,11.323,23.849,13.896,3.28,14.17,3.041,4.172,3.804,3.28,13.385,3.372,5.965,4.657,6.374,3.096,10.513,10.118,5.425,5.0,3.544,2.743,4.89,8.39,11.864,9.361,3.094,3.413,3.647,5.668,5.672,4.691,3.721,3.972,3.667,4.982,3.726,4.948,8.566,9.515,6.289,5.687,7.972,9.264,6.059,10.708,5.175,19.275,15.733,17.385,16.829,23.228,32.867,32.968,12.56,20.947,12.753,22.698,52.429,42.419,1.989,28.517,28.966,20.768,25.645,11.644,26.399
E111,1.703,3.129,2.692,3.052,3.136,2.458,2.521,2.999,3.085,2.592,2.929,2.635,4.725,5.024,4.261,4.526,4.433,3.235,4.651,3.883,4.433,3.401,3.272,3.256,3.703,16.52,3.938,4.621,4.694,3.417,3.441,4.447,3.172,1.683,1.095,0.534,1.158,1.667,2.532,1.619,1.171,1.264,1.813,2.032,1.582,1.286,1.162,1.263,3.352,3.437,1.436,1.327,1.254,1.35,1.369,1.388,1.45,2.312,2.459,1.33,3.178,2.883,4.048,3.101,3.517,3.353,3.813,3.275,3.049,3.36,3.868,3.274,2.945,3.852,2.848,3.512,3.102,4.056,3.421,3.109,3.817,3.707,3.74,2.995,3.418,3.575,3.583,3.091,3.109,2.904,3.672,2.777,2.449,2.356,2.992,2.362,2.166,2.663,3.246,2.443,2.54,3.582,2.863,3.333,1.869,3.04,2.405,2.471,0.322,0.665,0.0,0.445,2.267,1.207,305.688,0.991,1.061,221.11,3.689,20.991,2.716,2.465,2.375,56.695,2.36,2.314,2.297,2.506,3.572,3.311,7.897,3.501,3.485,3.629,2.655,4.308,3.725,3.992,5.112,3.265,3.711,5.172,4.884,4.909,5.387,3.595,7.201,6.841,8.159,1.808,6.391,6.286,8.685,6.825,6.841,5.057,7.687,6.33,6.199,6.66,6.293,6.383,6.673,2.729,2.267,3.397,3.045,1.398,2.183,7.827,5.255,5.105,8.632,15.797,3.176,8.649,11.849,24.013,14.421,3.816,14.695,3.658,4.788,4.42,3.816,13.911,3.988,6.581,5.273,6.991,3.379,11.129,10.282,6.042,5.616,4.16,2.938,5.085,8.585,12.058,9.977,2.575,2.895,3.128,5.831,5.836,4.855,3.885,4.135,3.83,5.145,4.251,5.112,8.73,9.679,6.452,5.85,8.135,9.428,6.222,10.872,5.338,19.892,16.35,18.001,17.446,23.845,33.03,33.131,12.755,21.142,12.947,22.862,52.593,42.582,2.606,29.134,29.583,21.384,25.808,12.26,26.562
E112,2.147,3.573,3.136,3.497,3.58,2.903,2.965,3.443,3.53,3.037,3.374,3.079,5.17,5.468,4.705,4.97,4.877,3.68,5.095,4.328,4.877,3.845,3.716,3.7,4.148,16.964,4.383,5.066,5.138,3.862,3.885,4.892,3.617,2.127,1.539,0.978,1.602,2.111,2.976,2.064,1.616,1.708,2.258,2.477,2.027,1.731,1.606,1.708,3.796,3.881,1.881,1.772,1.699,1.794,1.813,1.833,1.895,2.756,2.904,1.774,3.622,3.328,4.493,3.546,3.962,3.797,4.258,3.719,3.493,3.804,4.312,3.719,3.389,4.297,3.293,3.957,3.547,4.501,3.866,3.554,4.262,4.151,4.184,3.44,3.863,4.02,4.027,3.535,3.554,3.349,4.116,3.222,2.894,2.801,3.436,2.806,2.61,3.107,3.691,2.888,2.984,4.027,3.307,3.777,2.313,3.484,2.85,2.026,0.707,1.109,0.445,0.0,2.711,1.317,306.132,1.435,1.505,221.554,4.134,21.436,3.16,2.91,2.819,56.999,2.804,2.759,2.742,2.951,4.016,3.755,8.342,3.945,3.929,4.074,3.099,4.753,4.169,4.436,5.556,3.709,4.156,5.616,5.329,5.353,5.832,4.04,7.646,7.286,8.604,2.253,6.835,6.731,9.129,7.269,7.286,5.502,8.132,6.775,6.644,7.105,6.737,6.827,7.117,3.173,2.711,3.841,3.49,1.842,2.628,8.272,5.699,5.55,9.076,16.241,3.62,9.093,12.293,24.457,14.866,4.26,15.14,4.102,5.233,4.865,4.26,14.355,4.433,7.026,5.718,7.435,3.824,11.574,10.726,6.486,6.061,4.605,3.382,5.388,8.889,12.362,10.421,2.685,3.005,3.238,6.276,6.28,5.299,4.329,4.58,4.275,5.59,4.696,5.556,9.174,10.123,6.897,6.295,8.58,9.872,6.667,11.316,5.783,20.336,16.794,18.446,17.89,24.289,33.475,33.576,13.059,21.445,13.251,23.306,53.037,43.026,3.05,29.578,30.027,21.828,26.253,12.705,27.006
E113,2.735,3.466,3.415,2.717,2.985,2.647,3.329,3.188,3.035,3.908,3.863,3.951,5.792,6.219,5.327,5.721,5.629,3.823,5.846,5.079,5.629,4.468,3.53,4.322,4.77,17.973,5.005,5.817,5.89,3.706,4.508,5.643,4.239,1.871,2.517,1.956,2.58,0.977,1.676,2.467,2.203,2.296,2.002,2.22,2.614,2.319,2.194,1.997,4.16,4.245,1.848,1.933,2.287,2.382,2.401,2.421,2.482,3.12,3.267,2.362,2.322,3.072,4.237,3.521,3.662,3.941,4.002,3.463,3.237,3.505,4.138,3.419,3.133,4.122,3.037,3.657,3.779,4.245,3.61,3.298,4.006,3.895,2.884,3.184,3.607,2.72,2.727,3.279,3.298,3.093,3.86,1.922,1.594,1.501,2.566,1.506,1.31,1.807,2.584,2.632,1.684,1.541,0.822,1.292,1.013,2.184,0.365,4.035,1.696,2.087,2.301,2.745,0.0,3.342,307.142,2.002,2.514,209.263,5.143,22.445,4.169,3.919,3.828,54.654,3.814,3.768,3.751,3.96,5.026,4.764,9.351,4.954,4.938,5.082,4.109,5.762,5.178,5.446,6.565,4.718,5.165,6.625,6.338,6.362,6.841,5.049,8.655,8.295,9.613,2.841,7.845,7.739,10.138,8.278,8.295,6.511,9.141,7.784,7.653,8.114,7.746,7.836,8.126,4.045,3.075,4.85,4.499,2.19,2.992,9.023,6.451,6.301,9.827,17.25,4.127,9.188,13.655,25.466,16.228,4.085,16.502,3.846,4.977,4.609,4.085,15.106,4.177,6.77,5.462,7.179,2.524,11.318,11.735,6.23,5.805,4.349,2.082,3.044,6.544,10.018,9.256,2.183,2.503,2.736,7.285,7.289,6.308,5.338,5.589,5.284,6.599,5.565,6.565,10.183,11.132,7.906,7.304,9.589,10.881,7.676,12.325,6.792,20.08,16.538,18.19,17.634,24.033,34.484,34.585,10.714,19.101,10.907,24.315,54.046,44.035,2.794,29.323,29.771,21.573,27.262,12.449,28.015
E114,2.744,4.17,3.733,4.094,4.177,3.5,3.562,4.04,4.127,3.634,3.971,3.677,5.767,6.065,5.302,5.567,5.474,4.277,5.692,4.925,5.474,4.442,4.313,4.297,4.745,17.561,4.98,5.663,5.736,4.459,4.483,5.489,4.214,2.725,2.136,1.575,2.199,2.708,3.573,2.661,2.213,2.306,2.855,3.074,2.624,2.328,2.204,2.305,4.393,4.478,2.478,2.369,2.296,2.392,2.411,2.43,2.492,3.354,3.501,2.371,4.219,3.925,5.09,4.143,4.559,4.394,4.855,4.316,4.09,4.401,4.91,4.316,3.986,4.894,3.89,4.554,4.144,5.098,4.463,4.151,4.859,4.748,4.781,4.037,4.46,4.617,4.624,4.132,4.151,3.946,4.713,3.819,3.491,3.398,4.033,3.403,3.207,3.704,4.288,3.485,3.581,3.408,3.905,3.657,2.91,4.081,3.447,1.629,1.304,1.706,1.207,1.317,3.308,0.0,306.73,2.032,2.102,222.151,4.731,22.033,3.757,3.507,3.416,56.276,3.402,3.356,3.339,3.548,4.614,4.352,8.939,4.542,4.526,4.671,3.697,5.35,4.766,5.034,6.153,4.306,4.753,6.213,5.926,5.95,6.429,4.637,8.243,7.883,9.201,2.85,7.433,7.328,9.726,7.866,7.883,6.099,8.729,7.372,7.241,7.702,7.334,7.424,7.714,3.77,3.308,4.438,4.087,2.439,3.225,8.869,6.296,6.147,9.673,16.838,4.218,9.691,12.89,25.055,15.463,4.857,15.737,4.699,5.83,5.462,4.857,14.952,5.03,7.623,6.315,8.032,4.421,12.171,11.323,7.083,6.658,5.202,3.979,4.666,8.166,11.64,11.019,1.962,2.283,2.516,6.873,6.877,5.896,4.926,5.177,4.872,6.187,5.293,6.153,9.771,10.72,7.494,6.892,9.177,10.469,7.264,11.913,6.38,20.933,17.391,19.043,18.487,24.886,34.072,34.173,12.336,20.723,12.529,23.903,53.635,43.623,3.647,30.175,30.624,22.426,26.85,13.302,27.604
E115,305.3,305.08,304.642,305.003,305.087,305.796,305.026,305.551,305.036,304.543,304.526,304.586,299.5,299.11,304.576,299.179,299.086,304.412,299.1,303.47,299.086,304.15,304.618,304.166,304.019,291.138,304.254,304.208,299.059,304.594,303.757,299.101,304.083,306.659,306.135,306.19,306.209,307.444,306.745,305.541,305.716,305.573,306.467,306.196,305.255,305.55,305.675,305.872,305.536,305.621,306.74,306.825,305.799,305.487,305.468,305.448,305.419,305.042,305.088,305.507,306.426,305.414,306.139,304.788,305.043,304.53,305.904,305.365,305.133,304.885,305.045,304.8,305.284,305.029,305.4,305.193,304.699,305.792,305.512,305.64,305.907,306.152,306.987,305.91,306.332,306.784,306.791,306.005,305.64,305.819,305.762,306.49,308.103,307.451,305.906,306.905,307.144,306.614,306.161,305.913,307.635,309.239,308.52,308.99,307.523,308.135,308.062,307.225,306.619,306.322,306.462,306.907,307.923,307.504,0.0,306.647,305.686,413.508,303.267,320.951,304.079,304.072,304.088,362.352,304.103,304.149,304.222,304.031,303.532,303.271,307.857,303.144,303.554,303.589,303.808,304.268,303.074,302.059,303.135,302.789,302.893,301.349,301.844,302.932,303.411,303.395,306.551,306.191,307.509,305.028,305.74,305.635,308.034,306.174,306.191,304.406,307.037,305.679,306.159,306.62,306.252,306.342,306.632,304.68,304.997,303.197,303.009,306.006,304.914,295.658,298.81,298.66,296.916,291.138,304.353,298.987,303.556,316.663,306.129,304.992,306.403,305.889,306.879,305.968,304.992,300.55,305.725,308.672,307.363,309.081,306.627,313.219,309.631,308.132,307.706,306.251,306.747,310.741,314.242,317.715,312.067,308.872,308.577,308.344,305.791,305.795,304.815,303.844,303.317,303.012,303.169,302.828,303.135,308.079,309.028,305.802,305.2,307.485,308.777,305.572,310.221,305.298,300.722,304.246,304.078,303.971,302.932,332.99,333.091,318.412,326.798,318.604,293.002,261.907,286.333,305.945,291.377,291.34,300.471,316.682,314.351,314.269
E116,1.01,2.115,2.09,2.038,2.103,1.766,1.605,2.306,2.154,1.991,2.328,2.034,4.124,4.422,3.659,3.924,3.832,2.634,4.049,3.282,3.832,2.799,2.649,2.654,3.102,16.682,3.337,4.019,4.093,2.825,2.84,3.846,2.571,0.99,0.402,0.383,0.465,1.387,1.599,0.679,0.479,0.571,1.121,1.339,0.889,0.594,0.469,0.571,2.435,2.52,0.744,0.635,0.562,0.657,0.676,0.696,0.758,1.396,1.543,0.637,2.898,2.191,3.356,2.5,2.781,2.752,3.121,2.582,2.356,2.623,3.257,2.538,2.252,3.241,2.156,2.776,2.501,3.364,2.729,2.417,3.124,3.014,3.46,2.303,2.725,3.296,3.303,2.398,2.417,2.212,2.979,2.497,2.17,2.076,2.299,2.082,1.886,1.397,2.554,1.75,2.26,3.302,2.583,3.053,1.589,2.76,2.126,4.438,0.823,0.301,1.01,1.454,1.987,2.051,305.85,0.0,1.223,221.272,3.851,21.153,2.878,2.628,2.537,56.415,2.522,2.476,2.46,2.669,3.734,3.473,8.059,3.663,3.647,3.791,2.817,4.471,3.887,4.154,5.274,3.427,3.874,5.334,5.047,5.071,5.549,3.757,7.364,7.004,8.322,1.116,6.553,6.448,8.847,6.987,7.004,5.22,7.85,6.492,6.362,6.823,6.455,6.545,6.835,2.127,1.35,3.559,3.208,0.705,1.267,7.226,4.653,4.504,8.03,15.959,2.575,8.047,11.247,24.175,13.82,3.204,14.094,2.965,4.096,3.728,3.204,13.309,3.296,5.889,4.58,6.298,3.099,10.437,10.444,5.349,4.923,3.468,2.658,4.805,8.305,11.778,9.284,3.419,3.739,3.972,5.994,5.998,5.017,4.047,4.297,3.993,5.308,3.65,5.274,8.892,9.841,6.615,6.013,8.298,9.59,6.385,11.034,5.501,19.199,15.657,17.309,16.753,23.152,33.193,33.294,12.475,20.862,12.668,23.024,52.755,42.744,1.913,28.441,28.89,20.692,25.971,11.568,26.724
E117,1.936,3.362,2.925,3.285,3.369,2.692,2.754,3.232,3.319,2.825,3.162,2.868,4.959,4.532,4.494,4.035,3.942,3.469,4.16,3.392,3.942,3.658,3.505,3.489,3.936,15.721,4.171,4.13,4.203,3.65,3.674,3.957,3.405,1.916,1.328,0.767,1.391,1.9,2.765,1.852,1.404,1.497,2.046,2.265,1.815,1.52,1.395,1.496,3.585,3.67,1.669,1.56,1.488,1.583,1.602,1.622,1.683,2.545,2.692,1.563,3.411,3.116,4.282,3.335,3.751,3.586,4.047,3.508,3.282,3.593,4.101,3.507,3.178,4.085,3.081,3.746,3.335,4.289,3.654,3.342,4.05,3.94,3.973,3.228,3.651,3.808,3.816,3.324,3.342,3.138,3.905,3.01,2.683,2.589,3.225,2.595,2.399,2.896,3.479,2.676,2.773,3.815,3.096,3.566,2.102,3.273,2.639,3.478,1.195,0.898,1.039,1.483,2.5,2.08,304.89,1.224,0.0,220.312,2.891,20.193,1.918,1.667,1.576,56.928,1.562,1.516,1.499,1.708,2.774,2.513,7.099,2.702,2.686,2.831,1.857,3.51,2.927,3.194,4.313,2.467,2.913,4.373,4.086,4.111,4.589,2.797,6.403,6.043,7.361,2.042,5.593,5.488,7.887,6.027,6.043,4.259,6.889,5.532,5.401,5.862,5.494,5.584,5.874,2.962,2.5,2.599,2.247,1.631,2.417,7.336,4.764,4.614,8.141,14.998,3.409,8.882,12.082,23.215,14.655,4.049,14.929,3.891,5.021,4.653,4.049,13.42,4.221,6.814,5.506,7.224,3.612,11.362,9.483,6.275,5.849,4.394,3.171,5.318,8.818,12.291,10.21,3.449,3.768,4.002,5.033,5.037,4.056,3.087,3.337,3.032,4.347,3.606,4.313,7.932,8.88,5.654,5.052,7.337,8.629,5.424,10.074,4.54,20.125,16.583,18.235,17.679,24.078,32.232,32.333,12.988,21.375,13.181,22.064,51.795,41.784,2.839,29.367,29.816,21.617,25.01,12.493,25.764
E118,238.196,237.975,237.538,237.899,237.982,238.692,237.922,238.446,237.932,237.438,237.422,237.481,232.396,232.006,237.471,232.075,231.982,237.308,231.995,236.366,231.982,237.046,237.513,237.062,236.914,224.033,237.149,237.104,231.954,237.489,236.652,231.996,236.978,239.554,221.286,220.725,221.349,221.858,239.641,238.437,221.363,238.468,239.362,239.091,238.15,238.446,238.57,221.455,238.432,238.517,239.635,221.519,221.446,238.382,238.363,238.344,238.315,237.938,237.983,238.403,239.321,238.31,239.034,237.684,237.938,237.425,238.799,238.261,238.028,237.78,237.94,237.695,238.179,237.924,238.296,238.089,237.595,238.688,238.407,238.536,238.803,239.047,239.883,238.805,239.228,239.68,239.687,238.9,238.536,238.714,238.658,239.385,222.641,222.548,238.802,239.801,222.357,239.51,239.056,238.809,209.548,207.733,208.497,207.982,222.06,208.914,208.909,221.76,221.154,220.857,220.997,221.442,209.274,222.039,415.621,221.182,220.221,0.0,218.184,205.892,218.614,218.607,218.623,170.339,218.637,218.683,218.756,218.566,217.583,217.688,218.396,217.797,218.089,217.369,218.342,217.591,235.97,234.954,236.03,235.685,235.788,234.245,234.739,235.828,236.306,236.291,218.048,218.88,218.1,237.924,218.858,218.963,218.778,218.52,218.88,220.247,217.781,219.241,214.949,214.99,214.706,214.616,214.831,237.575,237.893,236.092,235.904,221.589,237.809,228.553,231.705,231.555,229.811,224.033,237.248,231.883,236.451,249.503,239.024,237.888,239.298,238.784,232.298,238.863,237.888,233.446,238.62,230.994,232.257,230.096,239.523,225.957,220.375,234.123,234.007,232.946,239.643,207.131,204.116,202.093,205.958,209.786,210.106,210.339,216.068,216.064,217.044,218.379,219.107,235.908,236.064,235.724,236.03,218.823,215.615,219.113,217.708,217.697,219.521,219.123,214.601,216.56,217.528,221.052,220.884,220.777,219.738,188.042,187.941,212.452,190.178,202.982,225.898,208.886,221.281,238.841,208.183,208.146,217.277,249.522,225.372,247.109
E119,4.464,4.925,4.487,4.848,4.932,5.641,4.871,5.396,4.881,4.388,4.371,4.431,4.886,4.456,4.421,3.958,3.865,4.257,4.082,3.315,3.865,3.995,4.463,4.011,3.864,13.323,4.099,4.053,4.126,4.439,3.601,3.88,3.928,4.566,3.977,3.416,4.04,4.549,5.414,4.502,4.054,4.146,4.696,6.041,4.419,4.169,4.044,4.146,5.381,5.466,4.319,4.21,4.137,4.233,4.252,4.271,4.333,4.206,4.353,4.212,6.27,5.259,5.984,4.633,4.887,4.375,5.748,5.21,4.977,4.73,4.89,4.644,5.128,4.874,5.245,5.038,4.544,5.637,5.356,5.485,5.752,5.997,6.832,5.755,6.177,6.629,6.636,5.85,5.485,5.664,5.607,6.334,5.332,5.239,5.751,5.244,5.048,6.459,6.005,5.758,5.422,6.465,5.745,6.215,4.751,5.922,5.288,4.451,3.845,3.547,3.688,4.133,5.149,4.73,302.492,3.873,2.912,218.296,0.0,18.177,1.304,1.298,1.314,59.578,1.328,1.374,1.447,1.257,0.757,0.496,5.083,0.37,0.78,0.815,1.033,1.494,0.529,1.903,1.915,2.341,2.402,1.975,1.688,1.713,2.191,2.948,4.005,3.645,4.963,4.192,3.195,3.09,5.489,3.628,3.645,1.861,4.491,3.134,3.385,3.846,3.478,3.568,3.858,4.525,4.161,2.749,2.561,4.28,4.078,7.259,4.687,4.537,8.064,12.601,4.198,8.809,12.009,20.817,14.582,4.837,14.856,5.733,6.723,5.813,4.837,13.343,5.569,8.517,7.208,8.926,6.472,13.064,7.085,7.977,7.551,6.096,6.592,7.967,11.467,14.941,11.912,6.098,5.803,5.569,3.017,3.021,2.04,1.07,1.798,1.793,1.949,2.673,1.915,5.534,6.482,3.256,2.654,4.939,6.231,3.026,7.676,2.524,21.827,18.285,19.936,19.381,25.78,30.216,30.317,15.637,24.024,15.83,19.666,49.397,39.386,5.79,31.069,31.518,23.319,22.612,14.195,23.366
E120,21.692,21.725,21.287,21.648,21.732,22.097,21.643,23.005,21.681,21.188,21.171,21.231,22.495,22.065,22.03,21.567,21.474,21.866,21.692,20.925,21.474,21.605,22.072,21.621,21.473,30.933,21.708,21.663,21.735,22.048,21.211,21.489,21.537,21.793,21.205,20.644,21.268,21.777,22.642,21.73,21.282,21.374,21.924,22.496,21.647,21.397,21.272,21.373,22.181,22.266,21.547,21.438,21.365,21.46,21.479,21.499,21.561,21.434,21.581,21.44,22.726,22.869,23.593,21.343,22.497,21.984,23.358,22.82,22.587,22.339,22.499,22.254,22.738,22.483,22.854,22.648,21.344,23.247,22.966,23.095,23.362,23.606,23.288,22.21,22.633,23.084,23.092,22.305,23.095,22.119,23.216,22.79,22.56,22.466,22.206,22.472,22.276,22.914,22.461,22.213,22.65,23.692,22.973,23.443,21.979,23.15,22.516,21.679,21.073,20.775,20.916,21.36,22.377,21.958,320.101,21.101,20.14,205.93,18.102,0.0,18.532,18.525,18.541,76.805,18.556,18.602,18.675,18.485,17.502,17.606,18.314,17.716,18.008,17.288,18.261,17.509,18.138,19.513,19.525,19.569,19.63,19.585,19.298,19.322,19.8,20.175,17.966,18.799,18.018,21.42,18.777,18.882,18.697,18.439,18.799,20.166,17.7,19.159,14.867,14.909,14.624,14.534,14.749,21.325,21.389,19.977,19.789,21.508,21.306,24.869,22.296,22.147,25.673,30.21,21.807,26.419,29.619,34.025,32.191,22.447,32.465,23.343,24.333,23.422,22.447,30.952,23.179,26.126,24.818,26.535,22.927,30.674,20.294,25.587,25.161,23.705,23.047,25.195,28.695,32.169,29.522,23.326,23.03,22.797,15.986,15.982,16.963,18.298,19.026,19.021,19.559,20.282,19.525,18.742,15.534,19.032,17.626,17.616,19.44,19.041,14.52,16.479,39.436,35.894,37.546,36.99,43.389,17.85,17.951,12.371,41.252,33.058,37.275,67.006,56.995,22.246,48.679,49.127,40.929,35.821,31.805,36.574
E121,3.492,4.051,3.614,3.974,4.058,4.423,3.443,4.407,4.007,3.514,3.567,3.557,5.698,5.268,5.233,4.77,4.677,3.8,4.895,4.128,4.677,3.432,4.006,3.554,4.676,14.136,4.911,4.865,4.938,3.982,4.414,4.692,3.471,3.593,3.005,2.444,3.068,3.577,4.442,3.529,3.081,3.174,3.723,3.942,3.446,3.196,3.072,3.173,4.274,4.359,3.346,3.237,3.164,3.26,3.279,3.299,3.36,3.234,3.381,3.24,5.052,4.291,5.527,3.739,4.155,3.918,5.292,4.683,4.245,3.997,4.433,3.912,4.353,4.417,4.257,4.15,3.74,5.18,4.829,4.517,5.295,5.54,5.614,4.536,4.959,5.41,5.418,4.631,4.517,4.445,5.15,4.687,4.359,4.266,4.532,4.272,4.076,4.573,4.787,4.54,4.45,5.492,4.773,5.243,3.779,4.95,4.315,3.479,2.872,2.575,2.716,3.16,4.177,3.757,303.304,2.901,1.94,218.726,1.305,18.607,0.0,0.163,0.341,58.605,0.356,0.402,0.475,0.122,1.188,0.927,5.513,1.117,1.101,1.245,0.271,1.925,1.341,2.716,2.728,2.241,1.635,2.788,2.501,2.525,3.003,2.571,4.817,4.458,5.776,3.22,4.007,3.902,6.301,4.441,4.458,2.673,5.304,3.946,3.816,4.277,3.909,3.999,4.289,3.651,3.189,2.373,2.022,3.308,3.105,8.072,5.499,5.35,8.876,13.413,3.741,9.622,12.822,21.629,15.394,4.38,15.668,5.066,6.267,5.356,4.38,14.155,5.112,8.06,6.751,8.469,5.253,12.607,7.898,7.52,7.094,5.639,4.848,6.995,10.495,13.969,11.455,5.125,4.83,4.597,3.447,3.452,2.471,1.501,1.46,2.224,2.761,3.485,2.728,6.346,7.295,4.069,3.467,5.752,7.044,3.838,8.488,2.955,21.37,17.828,19.48,18.924,25.323,30.646,30.748,14.665,23.052,14.857,20.478,50.209,40.198,4.572,30.612,31.061,22.862,23.424,13.738,24.178
E122,3.241,3.8,3.363,3.724,3.807,4.172,3.192,4.157,3.757,3.263,3.316,3.306,4.487,4.056,4.022,3.558,3.466,3.55,3.683,2.916,3.466,3.182,3.756,3.304,3.464,14.129,3.699,3.654,3.727,3.731,3.202,3.48,3.22,3.343,2.754,2.193,2.817,3.326,4.191,3.279,2.831,2.924,3.473,3.692,3.196,2.946,2.821,2.923,4.023,4.108,3.096,2.987,2.914,3.01,3.029,3.048,3.11,2.983,3.13,2.989,4.801,4.041,5.276,3.489,3.905,3.667,5.041,4.433,3.994,3.747,4.182,3.662,4.102,4.167,4.006,3.9,3.489,4.93,4.579,4.267,5.045,5.289,5.363,4.285,4.708,5.16,5.167,4.381,4.267,4.194,4.9,4.437,4.109,4.016,4.282,4.021,3.825,4.322,4.536,4.289,4.199,5.242,4.522,4.993,3.528,4.699,4.065,3.228,2.622,2.325,2.465,2.91,3.926,3.507,303.297,2.65,1.689,218.719,1.298,18.601,0.163,0.0,0.091,58.355,0.105,0.151,0.224,0.041,1.181,0.92,5.507,1.11,1.094,1.238,0.264,1.918,1.334,2.709,2.721,1.99,1.548,2.781,2.494,2.518,2.996,2.321,4.811,4.451,5.769,2.97,4.0,3.895,6.294,4.434,4.451,2.667,5.297,3.939,3.809,4.27,3.902,3.992,4.282,3.4,2.938,2.122,1.771,3.057,2.855,6.86,4.288,4.138,7.664,13.406,3.49,8.41,11.61,21.622,14.183,4.13,14.457,4.816,6.016,5.105,4.13,12.943,4.862,7.809,6.501,8.219,5.003,12.357,7.891,7.27,6.844,5.388,4.597,6.744,10.245,13.718,11.205,4.875,4.58,4.347,3.441,3.445,2.464,1.494,1.373,2.217,2.755,3.478,2.721,6.339,7.288,4.062,3.46,5.745,7.037,3.832,8.481,2.948,21.12,17.578,19.229,18.673,25.073,30.64,30.741,14.415,22.801,14.607,20.471,50.202,40.191,4.321,30.362,30.811,22.612,23.418,13.488,24.171
E123,3.151,3.709,3.272,3.633,3.716,4.081,3.102,4.066,3.666,3.173,3.226,3.216,4.396,3.966,3.931,3.468,3.375,3.459,3.592,2.825,3.375,3.091,3.665,3.213,3.374,14.145,3.608,3.563,3.636,3.641,3.111,3.389,3.13,3.252,2.664,2.103,2.727,3.236,4.101,3.188,2.74,2.833,3.382,3.601,3.105,2.855,2.731,2.832,3.933,4.017,3.005,2.896,2.823,2.919,2.938,2.957,3.019,2.893,3.04,2.898,4.711,3.95,5.186,3.398,3.814,3.576,4.95,4.342,3.904,3.656,4.091,3.571,4.012,4.076,3.915,3.809,3.398,4.839,4.488,4.176,4.954,5.199,5.272,4.195,4.617,5.069,5.076,4.29,4.176,4.104,4.809,4.346,4.018,3.925,4.191,3.93,3.735,4.232,4.446,4.198,4.109,5.151,4.432,4.902,3.438,4.609,3.974,3.138,2.531,2.234,2.375,2.819,3.836,3.416,303.313,2.559,1.598,218.735,1.315,18.616,0.341,0.091,0.0,58.264,0.015,0.061,0.134,0.132,1.197,0.936,5.523,1.126,1.11,1.254,0.28,1.934,1.35,2.725,2.737,1.9,1.486,2.797,2.51,2.534,3.013,2.23,4.827,4.467,5.785,2.879,4.016,3.911,6.31,4.45,4.467,2.683,5.313,3.955,3.825,4.286,3.918,4.008,4.298,3.309,2.848,2.031,1.68,2.966,2.764,6.769,4.197,4.047,7.574,13.422,3.4,8.319,11.519,21.638,14.092,4.039,14.366,4.725,5.925,5.014,4.039,12.853,4.771,7.718,6.41,8.128,4.912,12.266,7.907,7.179,6.753,5.298,4.507,6.654,10.154,13.627,11.114,4.784,4.489,4.256,3.457,3.461,2.48,1.51,1.311,2.233,2.771,3.495,2.737,6.355,7.304,4.078,3.476,5.761,7.053,3.848,8.497,2.964,21.029,17.487,19.138,18.583,24.982,30.656,30.757,14.324,22.71,14.516,20.487,50.218,40.207,4.23,30.271,30.72,22.521,23.434,13.397,24.187
E124,57.159,57.889,57.839,57.141,57.408,57.071,57.753,57.611,57.459,58.331,58.287,58.374,61.125,61.67,60.66,61.172,61.079,59.156,61.297,60.529,61.079,59.8,57.954,59.655,60.102,72.397,60.337,61.267,61.34,59.039,59.84,61.094,59.571,56.295,56.941,56.38,57.004,55.401,56.1,56.891,56.627,56.72,56.425,56.644,57.038,56.742,56.618,56.421,58.584,58.669,56.272,56.357,56.71,56.806,56.825,56.844,56.906,57.544,57.691,56.786,56.746,57.495,58.453,57.945,58.086,59.273,58.018,58.459,57.661,57.928,59.133,57.843,57.557,59.117,57.461,58.79,58.203,59.24,58.605,58.238,58.021,58.466,57.308,57.608,58.03,57.144,57.151,57.703,58.238,57.517,58.077,56.345,56.018,55.308,56.989,55.93,55.734,56.231,57.007,57.055,54.924,53.109,53.873,53.358,55.437,54.289,54.285,57.014,56.12,56.511,56.724,57.039,54.65,56.317,361.565,56.426,56.938,170.324,59.566,76.868,58.593,58.343,58.252,0.0,58.237,58.191,58.175,58.384,59.449,59.188,63.775,59.378,59.362,59.506,58.532,60.186,59.602,59.869,60.989,59.142,59.589,61.049,60.762,60.786,61.264,59.472,63.079,62.719,64.037,57.264,62.268,62.163,64.562,62.702,62.719,60.934,63.565,62.207,62.077,62.538,62.17,62.26,62.55,58.468,57.499,59.274,58.923,56.614,57.416,64.473,61.901,61.752,65.278,71.674,59.459,64.183,66.11,79.89,68.683,59.081,68.957,58.203,56.523,59.604,59.081,70.557,59.172,55.219,56.482,54.321,56.948,57.091,66.159,58.348,58.231,57.171,56.506,52.507,49.492,47.469,51.334,55.162,55.482,55.715,61.709,61.713,60.732,59.762,60.012,59.708,61.023,60.898,60.989,64.607,65.556,62.33,61.728,64.013,65.305,62.1,66.749,61.216,65.853,62.311,63.963,63.407,69.806,88.908,89.009,59.91,35.553,48.358,78.739,108.47,98.459,57.218,75.096,75.544,67.346,81.686,58.222,82.439
E125,3.136,3.695,3.258,3.618,3.702,4.067,3.087,4.051,3.651,3.158,3.211,3.201,4.381,3.951,3.916,3.453,3.36,3.444,3.578,2.811,3.36,3.077,3.65,3.199,3.359,14.159,3.594,3.548,3.621,3.626,3.097,3.375,3.115,3.237,2.649,2.088,2.712,3.221,4.086,3.174,2.725,2.818,3.368,3.586,3.091,2.841,2.716,2.817,3.918,4.003,2.991,2.881,2.808,2.904,2.923,2.943,3.004,2.878,3.025,2.884,4.696,3.936,5.171,3.383,3.799,3.562,4.936,4.327,3.889,3.642,4.077,3.556,3.997,4.061,3.901,3.794,3.384,4.824,4.474,4.162,4.939,5.184,5.258,4.18,4.603,5.055,5.062,4.276,4.162,4.089,4.794,4.332,4.004,3.91,4.177,3.916,3.72,4.217,4.431,4.184,4.094,5.136,4.417,4.887,3.423,4.594,3.96,3.123,2.517,2.219,2.36,2.804,3.821,3.402,303.328,2.545,1.584,218.75,1.329,18.631,0.356,0.105,0.015,58.249,0.0,0.046,0.119,0.146,1.212,0.951,5.537,1.141,1.125,1.269,0.295,1.948,1.365,2.74,2.752,1.885,1.5,2.812,2.524,2.549,3.027,2.215,4.841,4.481,5.8,2.864,4.031,3.926,6.325,4.465,4.481,2.697,5.327,3.97,3.839,4.3,3.933,4.023,4.312,3.295,2.833,2.017,1.666,2.952,2.749,6.755,4.182,4.033,7.559,13.437,3.385,8.305,11.505,21.653,14.077,4.024,14.351,4.71,5.911,5.0,4.024,12.838,4.757,7.704,6.396,8.113,4.897,12.252,7.922,7.164,6.739,5.283,4.492,6.639,10.139,13.613,11.099,4.77,4.474,4.241,3.471,3.475,2.495,1.525,1.325,2.248,2.785,3.509,2.752,6.37,7.319,4.092,3.49,5.775,7.067,3.862,8.512,2.978,21.014,17.472,19.124,18.568,24.967,30.67,30.771,14.309,22.696,14.502,20.502,50.233,40.222,4.216,30.256,30.705,22.506,23.448,13.383,24.202
E126,3.09,3.649,3.212,3.572,3.656,4.021,3.041,4.005,3.606,3.112,3.165,3.155,4.335,3.905,3.87,3.407,3.314,3.398,3.532,2.764,3.314,3.03,3.604,3.153,3.313,14.206,3.548,3.502,3.575,3.58,3.051,3.329,3.069,3.191,2.603,2.042,2.666,3.175,4.04,3.127,2.679,2.772,3.321,3.54,3.045,2.795,2.67,2.771,3.872,3.957,2.945,2.836,2.763,2.858,2.877,2.897,2.958,2.832,2.979,2.838,4.65,3.889,5.125,3.337,3.753,3.516,4.89,4.281,3.843,3.595,4.031,3.51,3.951,4.015,3.855,3.748,3.338,4.779,4.428,4.116,4.894,5.138,5.212,4.134,4.557,5.009,5.016,4.229,4.116,4.043,4.748,4.285,3.958,3.864,4.131,3.87,3.674,4.171,4.385,4.138,4.048,5.09,4.371,4.841,3.377,4.548,3.914,3.077,2.47,2.173,2.314,2.758,3.775,3.356,303.374,2.499,1.538,218.796,1.375,18.677,0.402,0.151,0.061,58.203,0.046,0.0,0.073,0.192,1.258,0.997,5.583,1.187,1.171,1.315,0.341,1.994,1.411,2.786,2.798,1.839,1.546,2.858,2.57,2.595,3.073,2.169,4.887,4.527,5.846,2.818,4.077,3.972,6.371,4.511,4.527,2.743,5.373,4.016,3.885,4.346,3.979,4.069,4.359,3.249,2.787,1.971,1.62,2.906,2.704,6.708,4.136,3.987,7.513,13.483,3.339,8.259,11.459,21.699,14.031,3.978,14.305,4.664,5.865,4.954,3.978,12.792,4.711,7.658,6.349,8.067,4.851,12.206,7.968,7.118,6.692,5.237,4.446,6.593,10.093,13.567,11.053,4.724,4.428,4.195,3.517,3.522,2.541,1.571,1.371,2.294,2.831,3.555,2.798,6.416,7.365,4.138,3.536,5.821,7.114,3.908,8.558,3.025,20.968,17.426,19.078,18.522,24.921,30.716,30.817,14.263,22.65,14.456,20.548,50.279,40.268,4.17,30.21,30.659,22.46,23.494,13.337,24.248
E127,3.073,3.632,3.195,3.555,3.639,4.004,3.024,3.989,3.589,3.095,3.148,3.138,4.319,3.888,3.853,3.39,3.298,3.382,3.515,2.748,3.298,3.014,3.587,3.136,3.296,14.278,3.531,3.486,3.559,3.563,3.034,3.312,3.052,3.175,2.586,2.025,2.649,3.158,4.023,3.111,2.663,2.756,3.305,3.523,3.028,2.778,2.653,2.755,3.855,3.94,2.928,2.819,2.746,2.842,2.861,2.88,2.942,2.815,2.962,2.821,4.633,3.873,5.108,3.321,3.736,3.499,4.873,4.265,3.826,3.579,4.014,3.493,3.934,3.998,3.838,3.732,3.321,4.762,4.411,4.099,4.877,5.121,5.195,4.117,4.54,4.992,4.999,4.213,4.099,4.027,4.732,4.269,3.941,3.848,4.114,3.853,3.657,4.154,4.368,4.121,4.031,5.074,4.354,4.824,3.36,4.531,3.897,3.06,2.454,2.156,2.297,2.742,3.758,3.339,303.447,2.482,1.521,218.869,1.448,18.75,0.475,0.224,0.134,58.187,0.119,0.073,0.0,0.265,1.331,1.07,5.656,1.26,1.244,1.388,0.414,2.067,1.484,2.859,2.871,1.822,1.619,2.931,2.643,2.668,3.146,2.153,4.96,4.601,5.919,2.801,4.15,4.045,6.444,4.584,4.601,2.816,5.447,4.089,3.958,4.42,4.052,4.142,4.432,3.232,2.77,1.954,1.603,2.889,2.687,6.692,4.12,3.97,7.496,13.556,3.322,8.242,11.442,21.772,14.014,3.962,14.289,4.648,5.848,4.937,3.962,12.775,4.694,7.641,6.333,8.05,4.835,12.189,8.041,7.102,6.676,5.22,4.429,6.576,10.076,13.55,11.037,4.707,4.412,4.178,3.59,3.595,2.614,1.644,1.444,2.388,2.904,3.628,2.871,6.489,7.438,4.212,3.61,5.894,7.187,3.981,8.631,3.098,20.952,17.409,19.061,18.505,24.905,30.789,30.89,14.246,22.633,14.439,20.621,50.352,40.341,4.153,30.194,30.642,22.444,23.567,13.32,24.321
E128,3.282,3.841,3.404,3.764,3.848,4.213,3.233,4.198,3.798,3.304,3.357,3.347,4.527,4.097,4.062,3.599,3.507,3.591,3.724,2.957,3.507,3.223,3.796,3.345,3.505,14.088,3.74,3.695,3.768,3.772,3.243,3.521,3.261,3.384,2.795,2.234,2.858,3.367,4.232,3.32,2.872,2.965,3.514,3.732,3.237,2.987,2.862,2.964,4.064,4.149,3.137,3.028,2.955,3.051,3.07,3.089,3.151,3.024,3.171,3.03,4.842,4.082,5.317,3.53,3.945,3.708,5.082,4.474,4.035,3.788,4.223,3.702,4.143,4.207,4.047,3.941,3.53,4.971,4.62,4.308,5.086,5.33,5.404,4.326,4.749,5.201,5.208,4.422,4.308,4.236,4.941,4.478,4.15,4.057,4.323,4.062,3.866,4.363,4.577,4.33,4.24,5.282,4.563,5.034,3.569,4.74,4.106,3.269,2.663,2.365,2.506,2.951,3.967,3.548,303.256,2.691,1.73,218.678,1.258,18.559,0.122,0.041,0.132,58.396,0.146,0.192,0.265,0.0,1.14,0.879,5.466,1.069,1.053,1.197,0.223,1.877,1.293,2.668,2.68,2.031,1.588,2.74,2.453,2.477,2.955,2.362,4.77,4.41,5.728,3.01,3.959,3.854,6.253,4.393,4.41,2.626,5.256,3.898,3.768,4.229,3.861,3.951,4.241,3.441,2.979,2.163,1.812,3.098,2.896,6.901,4.329,4.179,7.705,13.365,3.531,8.451,11.651,21.581,14.223,4.171,14.498,4.857,6.057,5.146,4.171,12.984,4.903,7.85,6.542,8.259,5.044,12.398,7.85,7.311,6.885,5.429,4.638,6.785,10.286,13.759,11.246,4.916,4.621,4.388,3.4,3.404,2.423,1.453,1.413,2.176,2.714,3.438,2.68,6.298,7.247,4.021,3.419,5.704,6.996,3.791,8.44,2.907,21.161,17.618,19.27,18.714,25.114,30.599,30.7,14.456,22.842,14.648,20.43,50.161,40.15,4.362,30.403,30.852,22.653,23.377,13.529,24.13
E129,4.347,4.38,3.942,4.303,4.387,4.752,4.298,5.66,4.336,3.843,3.826,3.886,5.15,4.72,4.685,4.222,4.13,4.521,4.347,3.58,4.13,4.26,4.727,4.276,4.128,13.588,4.363,4.318,4.391,4.703,3.866,4.144,4.192,4.448,3.86,3.299,3.923,4.432,5.297,4.385,3.937,4.029,4.579,5.151,4.302,4.052,3.927,4.029,4.836,4.921,4.202,4.093,4.02,4.115,4.134,4.154,4.215,4.089,4.236,4.095,5.381,5.524,6.248,3.998,5.152,4.639,6.013,5.474,5.242,4.994,5.154,4.909,5.393,5.138,5.509,5.303,3.999,5.902,5.621,5.75,6.017,6.261,5.942,4.865,5.288,5.74,5.747,4.96,5.75,4.774,5.872,5.445,5.215,5.121,4.862,5.127,4.931,5.569,5.116,4.869,5.305,6.347,5.628,6.098,4.634,5.805,5.171,4.334,3.728,3.43,3.571,4.016,5.032,4.613,302.756,3.756,2.795,217.695,0.757,17.576,1.187,1.18,1.196,59.46,1.211,1.257,1.33,1.139,0.0,0.261,4.482,0.371,0.663,0.214,0.916,0.893,0.793,2.168,2.18,2.224,2.284,2.24,1.953,1.977,2.455,2.831,4.27,3.91,5.228,4.075,3.459,3.354,5.753,3.893,3.91,2.126,4.756,3.398,2.784,3.245,2.877,2.967,3.257,3.98,4.044,2.632,2.444,4.163,3.961,7.524,4.952,4.802,8.328,12.865,4.462,9.074,12.274,21.081,14.846,5.102,15.12,5.998,6.988,6.077,5.102,13.607,5.834,8.781,7.473,9.19,5.582,13.329,7.35,8.242,7.816,6.36,5.702,7.85,11.35,14.824,12.177,5.981,5.686,5.452,2.416,2.42,1.44,0.953,1.681,1.676,2.214,2.938,2.18,5.798,6.747,3.521,2.919,5.204,6.496,3.291,7.94,1.923,22.091,18.549,20.201,19.645,26.044,29.615,29.716,15.52,23.907,15.713,19.93,49.661,39.65,4.901,31.334,31.782,23.584,22.877,14.46,23.63
E130,4.086,4.119,3.681,4.042,4.126,4.49,4.037,5.399,4.075,3.582,3.565,3.625,4.889,4.459,4.424,3.961,3.868,4.26,4.086,3.319,3.868,3.998,4.466,4.015,3.867,13.327,4.102,4.056,4.129,4.442,3.605,3.883,3.931,4.187,3.599,3.038,3.662,4.171,5.036,4.123,3.675,3.768,4.317,4.89,4.04,3.791,3.666,3.767,4.575,4.66,3.941,3.831,3.759,3.854,3.873,3.893,3.954,3.828,3.975,3.834,5.12,5.263,5.987,3.737,4.891,4.378,5.752,5.213,4.981,4.733,4.893,4.648,5.132,4.877,5.248,5.041,3.738,5.641,5.36,5.489,5.756,6.0,5.681,4.604,5.027,5.478,5.486,4.699,5.489,4.513,5.61,5.184,4.954,4.86,4.6,4.866,4.67,5.308,4.855,4.607,5.044,6.086,5.367,5.837,4.373,5.544,4.91,4.073,3.466,3.169,3.31,3.754,4.771,4.351,302.495,3.495,2.534,217.799,0.496,17.68,0.926,0.919,0.935,59.199,0.95,0.996,1.069,0.878,0.261,0.0,4.587,0.262,0.402,0.318,0.655,0.998,0.532,1.907,1.919,1.963,2.023,1.979,1.692,1.716,2.194,2.569,4.008,3.649,4.967,3.814,3.198,3.093,5.492,3.632,3.649,1.865,4.495,3.137,2.889,3.35,2.982,3.072,3.362,3.719,3.783,2.371,2.183,3.902,3.7,7.263,4.69,4.541,8.067,12.604,4.201,8.813,12.012,20.82,14.585,4.841,14.859,5.737,6.727,5.816,4.841,13.346,5.573,8.52,7.212,8.929,5.321,13.068,7.089,7.98,7.554,6.099,5.441,7.589,11.089,14.563,11.915,5.72,5.424,5.191,2.521,2.525,1.544,0.692,1.419,1.415,1.952,2.676,1.919,5.537,6.486,3.26,2.658,4.943,6.235,3.03,7.679,2.028,21.83,18.288,19.94,19.384,25.783,29.72,29.821,15.259,23.646,15.452,19.669,49.4,39.389,4.639,31.073,31.521,23.323,22.616,14.199,23.369
E131,8.672,8.705,8.268,8.628,8.712,9.077,8.623,9.985,8.662,8.168,8.152,8.211,9.476,9.046,9.011,8.548,8.455,8.847,8.672,7.905,8.455,8.585,9.053,8.601,8.454,17.913,8.688,8.643,8.716,9.029,8.191,8.47,8.518,8.774,8.185,7.624,8.248,8.758,9.622,8.71,8.262,8.355,8.904,9.476,8.627,8.377,8.253,8.354,9.162,9.246,8.527,8.418,8.345,8.441,8.46,8.479,8.541,8.415,8.562,8.42,9.706,9.849,10.573,8.324,9.477,8.964,10.338,9.8,9.567,9.32,9.479,9.234,9.718,9.464,9.835,9.628,8.324,10.227,9.946,10.075,10.342,10.587,10.268,9.19,9.613,10.065,10.072,9.286,10.075,9.099,10.197,9.77,9.54,9.447,9.187,9.452,9.257,9.895,9.441,9.194,9.63,10.673,9.954,10.424,8.959,10.13,9.496,8.659,8.053,7.756,7.896,8.341,9.357,8.938,307.082,8.081,7.12,218.508,5.083,18.389,5.513,5.506,5.522,63.786,5.536,5.582,5.655,5.465,4.482,4.587,0.0,4.696,4.988,4.268,5.241,3.852,5.119,6.493,6.505,6.55,6.61,6.565,6.278,6.303,6.781,7.156,8.595,8.235,9.553,8.401,7.785,7.68,10.079,8.218,8.235,6.451,9.081,7.724,3.597,4.058,3.69,3.78,4.07,8.305,8.369,6.957,6.769,8.488,8.286,11.849,9.277,9.127,12.654,17.19,8.787,13.399,16.599,25.407,19.172,9.427,19.446,10.323,11.313,10.402,9.427,17.933,10.159,13.106,11.798,13.516,9.908,17.654,11.675,12.567,12.141,10.685,10.028,12.175,15.676,19.149,16.502,10.306,10.011,9.778,3.99,3.986,4.398,5.279,6.006,6.002,6.539,7.263,6.505,10.124,7.124,7.846,5.63,9.529,10.821,7.616,6.11,4.483,26.417,22.875,24.526,23.971,30.37,30.428,30.529,19.846,28.232,20.038,24.255,53.987,43.976,9.226,35.659,36.108,27.909,27.202,18.785,27.956
E132,4.276,4.801,4.364,4.725,4.809,5.518,4.748,5.272,4.758,4.265,4.248,4.308,4.763,4.332,4.298,3.835,3.742,4.134,3.959,3.192,3.742,3.872,4.34,3.888,3.74,13.2,3.975,3.93,4.003,4.316,3.478,3.756,3.805,4.377,3.789,3.228,3.852,4.361,5.226,4.313,3.865,3.958,4.507,5.918,4.23,3.98,3.856,3.957,5.258,5.343,4.13,4.021,3.948,4.044,4.063,4.082,4.144,4.018,4.165,4.024,6.147,5.136,5.86,4.51,4.764,4.251,5.625,5.087,4.854,4.607,4.766,4.521,5.005,4.751,5.122,4.915,4.421,5.514,5.233,5.362,5.629,5.874,6.709,5.631,6.054,6.506,6.513,5.727,5.362,5.54,5.484,6.211,5.143,5.05,5.628,5.056,4.86,6.336,5.882,5.635,5.234,6.276,5.557,6.027,4.563,5.734,5.099,4.263,3.656,3.359,3.5,3.944,4.961,4.541,302.369,3.684,2.723,217.909,0.37,17.79,1.116,1.109,1.125,59.389,1.14,1.186,1.259,1.068,0.371,0.308,4.696,0.0,0.591,0.428,0.845,1.107,0.406,1.78,1.792,2.153,2.213,1.852,1.565,1.59,2.068,2.759,3.882,3.522,4.84,4.004,3.072,2.967,5.365,3.505,3.522,1.738,4.368,3.011,2.999,3.46,3.092,3.182,3.472,4.402,3.973,2.561,2.372,4.092,3.889,7.136,4.564,4.414,7.941,12.477,4.074,8.686,11.886,20.694,14.459,4.714,14.733,5.61,6.6,5.689,4.714,13.22,5.446,8.393,7.085,8.803,6.349,12.941,6.962,7.854,7.428,5.973,6.469,7.779,11.279,14.752,11.789,5.909,5.614,5.381,2.631,2.635,1.654,0.882,1.609,1.605,1.826,2.55,1.792,5.411,6.359,3.133,2.531,4.816,6.108,2.903,7.553,2.138,21.704,18.162,19.813,19.258,25.657,29.829,29.931,15.449,23.835,15.641,19.542,49.274,39.263,5.667,30.946,31.395,23.196,22.489,14.072,23.243
E133,4.261,4.403,3.966,4.326,4.41,4.775,4.211,5.683,4.36,3.866,3.849,3.909,5.174,4.743,4.709,4.245,4.153,4.545,4.37,3.603,4.153,4.283,4.751,4.299,4.151,13.611,4.386,4.341,4.414,4.726,3.889,4.167,4.216,4.362,3.774,3.212,3.837,4.346,5.21,4.298,3.85,3.943,4.492,5.174,4.215,3.965,3.841,3.942,4.859,4.944,4.115,4.006,3.933,4.029,4.048,4.067,4.129,4.003,4.149,4.008,5.404,5.547,6.271,4.921,5.175,4.662,6.036,5.498,5.265,5.018,5.177,4.932,5.416,5.162,5.533,5.326,4.022,5.925,5.644,5.773,6.04,6.285,5.966,4.888,5.311,5.763,5.77,4.984,5.773,4.797,5.895,5.468,5.128,5.035,4.885,5.04,4.845,5.341,5.139,4.892,5.219,6.261,5.542,6.012,4.547,5.719,5.084,4.247,3.641,3.344,3.485,3.929,4.946,4.526,302.78,3.669,2.708,218.202,0.781,18.083,1.101,1.094,1.11,59.374,1.125,1.171,1.244,1.053,0.663,0.402,4.989,0.592,0.0,0.721,0.83,1.4,0.816,2.191,2.203,2.248,2.308,2.263,1.976,2.001,2.479,2.854,4.293,3.933,5.251,3.989,3.483,3.378,5.776,3.916,3.933,2.149,4.779,3.422,3.291,3.752,3.384,3.474,3.764,4.003,3.957,2.655,2.467,4.076,3.874,7.547,4.975,4.825,8.351,12.888,4.485,9.097,12.297,21.105,14.87,5.125,15.144,6.021,7.011,6.1,5.125,13.63,5.857,8.804,7.496,9.214,5.606,13.352,7.373,8.265,7.839,6.383,5.617,7.763,11.264,14.737,12.2,5.894,5.599,5.366,2.923,2.927,1.946,0.976,1.704,1.699,2.237,2.961,2.203,5.822,6.77,3.544,2.942,5.227,6.519,3.314,7.963,2.43,22.115,18.573,20.224,19.668,26.068,30.122,30.223,15.434,23.82,15.626,19.953,49.684,39.673,4.924,31.357,31.806,23.607,22.9,14.483,23.654
E134,4.404,4.437,4.0,4.36,4.444,4.809,4.355,5.717,4.393,3.9,3.883,3.943,5.207,4.777,4.742,4.279,4.187,4.579,4.404,3.637,4.187,4.317,4.784,4.333,4.185,13.645,4.42,4.375,4.448,4.76,3.923,4.201,4.249,4.505,3.917,3.356,3.98,4.489,5.354,4.442,3.994,4.086,4.636,5.208,4.359,4.109,3.984,4.086,4.893,4.978,4.259,4.15,4.077,4.173,4.191,4.211,4.273,4.146,4.293,4.152,5.438,5.581,6.305,4.055,5.209,4.696,6.07,5.532,5.299,5.051,5.211,4.966,5.45,5.196,5.566,5.36,4.056,5.959,5.678,5.807,6.074,6.318,6.0,4.922,5.345,5.797,5.804,5.017,5.807,4.831,5.929,5.502,5.272,5.178,4.918,5.184,4.988,5.626,5.173,4.926,5.362,6.404,5.685,6.155,4.691,5.862,5.228,4.391,3.785,3.487,3.628,4.073,5.089,4.67,302.813,3.813,2.852,217.481,0.815,17.362,1.244,1.238,1.254,59.517,1.268,1.314,1.387,1.197,0.214,0.318,4.268,0.428,0.72,0.0,0.973,0.679,0.85,2.225,2.237,2.281,2.342,2.297,2.01,2.034,2.513,2.888,4.327,3.967,5.285,4.132,3.516,3.411,5.81,3.95,3.967,2.183,4.813,3.455,2.571,3.031,2.664,2.754,3.044,4.037,4.101,2.689,2.501,4.22,4.018,7.581,5.008,4.859,8.385,12.922,4.519,9.131,12.331,21.138,14.903,5.159,15.178,6.055,7.045,6.134,5.159,13.664,5.891,8.838,7.53,9.248,5.639,13.386,7.407,8.299,7.873,6.417,5.76,7.907,11.407,14.881,12.234,6.038,5.742,5.509,2.202,2.207,1.226,1.01,1.738,1.733,2.271,2.995,2.237,5.855,6.804,3.578,2.976,5.261,6.553,3.348,7.997,1.71,22.149,18.606,20.258,19.702,26.102,29.401,29.502,15.577,23.964,15.77,19.987,49.718,39.707,4.958,31.391,31.84,23.641,22.934,14.517,23.687
E135,3.431,3.99,3.553,3.913,3.997,4.362,3.382,4.346,3.946,3.453,3.506,3.496,5.427,4.997,4.962,4.499,4.406,4.798,4.624,3.856,4.406,3.372,5.004,4.552,4.405,13.864,4.64,4.594,4.667,4.98,4.143,4.421,4.469,3.532,2.944,2.383,3.007,3.516,4.381,3.469,3.021,3.113,3.663,3.881,3.386,3.136,3.011,3.112,4.213,4.298,3.286,3.176,3.104,3.199,3.218,3.238,3.299,3.173,3.32,3.179,4.991,4.231,6.525,3.678,4.094,4.916,6.29,4.622,4.184,3.937,5.431,3.851,4.292,5.415,4.196,4.089,3.679,6.178,4.769,4.457,6.293,6.538,5.553,4.475,4.898,5.35,5.357,4.571,4.457,4.384,6.148,4.627,4.299,4.205,4.472,4.211,4.015,4.512,4.726,4.479,4.389,5.431,4.712,5.182,3.718,4.889,4.255,3.418,2.812,2.514,2.655,3.099,4.116,3.697,303.033,2.84,1.879,218.455,1.034,18.336,0.271,0.264,0.28,58.544,0.295,0.341,0.414,0.223,0.917,0.656,5.242,0.845,0.83,0.974,0.0,1.653,1.07,2.445,2.457,2.18,1.575,2.517,2.229,2.254,2.732,2.51,4.546,4.186,5.505,3.159,3.736,3.631,6.03,4.17,4.186,2.402,5.032,3.675,3.544,4.005,3.638,3.728,4.018,3.59,3.128,2.312,1.961,3.247,3.045,7.8,5.228,5.079,8.605,13.142,4.739,9.35,12.55,21.358,15.123,5.378,15.397,5.005,7.265,6.354,5.378,13.884,6.111,9.058,7.749,9.467,5.192,13.605,7.627,8.518,8.092,6.637,4.787,6.934,10.434,13.908,12.453,5.065,4.769,4.536,3.176,3.18,2.2,1.23,1.957,1.953,2.49,3.214,2.457,6.075,7.024,3.797,3.195,5.48,6.772,3.567,8.217,2.683,22.368,18.826,20.478,19.922,26.321,30.375,30.476,14.604,22.991,14.797,20.207,49.938,39.927,4.511,31.61,32.059,23.86,23.153,14.736,23.907
E136,5.083,5.116,4.679,5.039,5.123,5.488,5.034,6.396,5.073,4.579,4.563,4.622,5.887,5.457,5.422,4.959,4.866,5.258,5.083,4.316,4.866,4.996,5.464,5.012,4.865,14.324,5.099,5.054,5.127,5.44,4.602,4.88,4.929,5.185,4.597,4.035,4.66,5.169,6.033,5.121,4.673,4.766,5.315,5.888,5.038,4.788,4.664,4.765,5.572,5.657,4.938,4.829,4.756,4.852,4.871,4.89,4.952,4.826,4.973,4.831,6.117,6.26,6.984,4.735,5.888,5.375,6.75,6.211,5.978,5.731,5.891,5.645,6.129,5.875,6.246,6.039,4.736,6.638,6.357,6.486,6.753,6.998,6.679,5.601,6.024,6.476,6.483,5.697,6.486,5.51,6.608,6.181,5.951,5.858,5.598,5.863,5.668,6.306,5.852,5.605,6.042,7.084,6.365,6.835,5.37,6.542,5.907,5.07,4.464,4.167,4.307,4.752,5.769,5.349,303.493,4.492,3.531,217.702,1.494,17.584,1.924,1.917,1.933,60.197,1.948,1.994,2.067,1.876,0.893,0.998,3.852,1.107,1.399,0.679,1.653,0.0,1.53,2.904,2.916,2.961,3.021,2.976,2.689,2.714,3.192,3.567,5.006,4.646,5.964,4.812,4.196,4.091,6.489,4.63,4.646,2.862,5.492,4.135,2.792,3.253,2.885,2.975,3.265,4.716,4.78,3.369,3.18,4.899,4.697,8.26,5.688,5.538,9.065,13.601,5.199,9.81,13.01,21.818,15.583,5.838,15.857,6.734,7.724,6.814,5.838,14.344,6.57,9.517,8.209,9.927,6.319,14.065,8.086,8.978,8.552,7.096,6.439,8.586,12.087,15.56,12.913,6.717,6.422,6.189,1.523,1.527,0.546,1.69,2.417,2.413,2.95,3.674,2.916,6.535,7.483,4.257,1.619,5.94,7.232,4.027,8.677,1.03,22.828,19.286,20.937,20.382,26.781,29.623,29.724,16.257,24.643,16.449,20.666,50.398,40.387,5.637,32.07,32.519,24.32,23.613,15.196,24.367
E137,4.952,4.731,4.294,4.655,4.739,5.448,4.678,5.202,4.688,4.195,4.178,4.238,4.693,4.263,4.228,3.765,3.672,4.064,3.889,3.122,3.672,3.802,4.27,3.818,3.671,13.13,3.906,3.86,3.933,4.246,3.408,3.687,3.735,4.601,4.013,3.452,4.076,4.585,6.397,5.193,4.09,4.182,6.119,5.848,4.907,4.205,4.08,4.181,5.188,5.273,4.355,4.245,4.173,4.268,4.287,4.307,5.071,4.694,4.74,4.248,6.077,5.066,5.79,4.44,4.694,4.181,5.556,5.017,4.784,4.537,4.697,4.451,4.935,4.681,5.052,4.845,4.351,5.444,5.163,5.292,5.559,5.804,6.639,5.562,5.984,6.436,6.443,5.657,5.292,5.471,5.414,6.141,5.368,5.274,5.558,5.28,5.084,6.266,5.812,5.565,5.458,6.5,5.781,6.251,4.787,5.958,5.324,4.487,3.881,3.583,3.724,4.168,5.185,4.766,302.299,3.909,2.948,235.87,0.529,18.212,1.34,1.333,1.349,59.613,1.364,1.41,1.483,1.292,0.793,0.532,5.119,0.406,0.816,0.85,1.069,1.53,0.0,1.71,1.722,2.441,2.545,1.782,1.495,1.52,1.998,3.047,3.512,3.152,4.47,4.68,2.701,2.596,4.995,3.135,3.152,1.368,3.998,2.64,3.421,3.882,3.514,3.604,3.894,4.332,4.649,2.849,2.66,4.316,4.566,7.066,4.494,4.344,7.871,12.408,4.005,8.616,11.816,20.323,14.389,4.644,14.663,5.54,6.53,5.62,4.644,13.15,5.376,8.323,7.015,8.733,6.279,12.871,6.592,7.784,7.358,5.903,6.399,8.003,11.503,14.977,11.719,6.134,5.838,5.605,3.053,3.057,2.076,1.106,1.834,1.829,1.756,2.48,1.722,5.04,5.989,2.763,2.161,4.446,5.738,2.533,7.182,2.56,21.634,18.092,19.744,19.188,25.587,30.252,30.353,15.673,24.06,15.866,19.473,49.204,39.193,5.597,30.876,31.325,23.126,22.119,14.002,22.872
E138,3.106,2.886,2.449,2.809,2.893,3.258,2.832,3.243,2.842,2.349,2.332,2.392,3.642,3.211,3.176,2.713,2.621,3.013,2.838,2.071,2.621,2.198,3.219,2.767,2.619,12.079,2.854,2.809,2.882,3.194,2.357,2.635,2.683,4.12,3.941,3.763,4.015,4.905,4.207,3.347,3.522,3.379,3.928,3.657,3.061,3.357,3.481,3.678,3.342,3.427,4.201,3.742,3.605,3.293,3.274,3.255,3.225,2.848,2.894,3.313,3.887,3.127,4.739,2.505,3.643,3.13,4.504,3.966,3.733,3.485,3.645,3.4,3.884,3.63,3.092,3.794,2.505,4.393,4.112,3.353,4.508,4.752,4.449,3.371,3.794,4.246,4.253,3.466,3.353,3.28,4.363,3.951,5.565,4.913,3.368,4.367,4.606,4.075,3.622,3.375,5.096,6.812,6.093,6.563,4.984,5.596,5.635,4.798,4.192,3.894,4.035,4.48,5.496,5.077,301.248,4.22,3.259,234.819,1.961,19.645,2.773,2.766,2.782,59.925,2.796,2.842,2.916,2.725,2.226,1.964,6.551,1.838,2.248,2.283,2.501,2.962,1.768,0.0,1.829,0.73,0.834,0.731,0.444,1.626,2.104,1.337,5.245,4.885,6.203,2.834,4.434,4.329,6.728,4.868,4.885,3.1,5.731,4.373,4.853,5.314,4.946,5.036,5.326,2.486,2.803,1.138,0.95,3.812,2.72,6.015,3.443,3.293,6.819,11.356,2.953,7.565,10.765,22.056,13.338,3.593,13.611,4.489,5.479,4.568,3.593,12.098,4.325,7.272,5.964,7.681,4.088,11.82,8.325,6.733,6.307,4.851,4.209,8.314,11.815,15.288,10.668,6.445,6.15,5.917,4.485,4.489,3.508,1.78,1.258,0.954,1.863,1.429,1.829,6.773,7.722,4.496,3.894,6.179,7.471,4.266,8.915,3.992,20.583,17.04,18.692,18.136,24.536,31.684,31.785,15.985,24.371,16.177,18.421,48.152,38.141,3.407,29.825,30.273,22.075,23.852,12.951,24.605
E139,5.013,4.792,4.355,4.716,4.8,5.509,4.739,5.263,4.749,4.256,4.239,4.299,4.754,4.324,4.289,3.826,3.733,4.125,3.95,3.183,3.733,3.863,4.331,3.879,3.732,13.191,3.966,3.921,3.994,4.307,3.469,3.748,3.796,6.371,5.4,4.839,5.463,5.972,6.458,5.254,5.429,5.285,6.179,5.909,4.967,5.263,5.388,5.568,5.249,5.334,6.452,5.632,5.512,5.199,5.181,5.161,5.132,4.755,4.801,5.22,6.138,5.127,5.851,4.501,4.755,4.242,5.616,5.078,4.845,4.598,4.758,4.512,4.996,4.742,5.113,4.906,4.412,5.505,5.224,5.353,5.62,5.865,6.7,5.622,6.045,6.497,6.504,5.718,5.353,5.532,5.475,6.202,6.754,6.661,5.619,6.618,6.857,6.327,5.873,5.626,6.845,7.887,7.168,7.638,6.174,7.345,6.71,5.874,5.267,4.97,5.111,5.555,6.572,6.152,302.36,5.295,4.335,235.931,1.915,19.599,2.727,2.72,2.736,61.0,2.751,2.797,2.87,2.679,2.18,1.919,6.505,1.792,2.202,2.237,2.456,2.916,1.722,1.771,0.0,2.502,2.606,1.843,1.556,0.203,0.276,3.108,5.199,4.839,6.157,4.741,4.388,4.284,6.682,4.822,4.839,3.055,5.685,4.328,4.808,5.268,4.901,4.991,5.281,4.393,4.71,2.91,2.721,5.703,4.626,7.127,4.555,4.405,7.932,12.468,4.066,8.677,11.877,22.01,14.45,4.705,14.724,5.601,6.591,5.681,4.705,13.211,5.437,8.384,7.076,8.794,6.34,12.932,8.279,7.845,7.419,5.963,6.46,9.39,12.89,16.363,11.78,7.52,7.225,6.992,4.439,4.444,3.463,2.493,3.22,2.725,1.772,2.541,0.0,6.727,7.676,4.45,3.848,6.133,7.425,4.22,8.869,3.947,21.695,18.153,19.804,19.249,25.648,31.638,31.739,17.06,25.447,17.253,19.533,49.265,39.254,5.658,30.937,31.386,23.187,23.806,14.063,24.559
E140,2.376,2.155,1.718,2.079,2.163,2.527,2.102,2.512,2.112,1.619,1.602,1.662,2.772,2.342,2.307,1.844,1.751,1.835,1.969,1.201,1.751,1.468,2.041,1.589,1.75,12.806,1.985,1.939,2.012,2.017,1.488,1.766,1.506,3.389,3.211,3.033,3.284,4.175,3.476,2.617,2.792,2.648,3.198,2.927,2.33,2.626,2.751,2.947,2.612,2.697,3.47,3.011,2.875,2.562,2.543,2.524,2.495,2.118,2.164,2.583,3.156,2.396,3.562,1.774,2.19,1.953,3.327,2.788,2.28,2.032,2.468,1.947,2.458,2.452,2.361,2.185,1.775,3.215,2.934,2.622,3.33,3.575,3.718,2.641,3.063,3.515,3.522,2.736,2.622,2.55,3.185,3.221,4.835,4.182,2.637,3.636,3.875,3.345,2.892,2.644,4.366,6.081,5.362,5.832,4.254,4.866,4.905,4.068,3.462,3.164,3.305,3.749,4.766,4.346,301.975,3.49,2.529,235.546,2.349,19.652,2.213,1.963,1.872,59.194,1.858,1.812,1.795,2.004,2.232,1.971,6.558,2.161,2.255,2.289,2.153,2.969,2.495,0.727,2.556,0.0,0.447,1.458,1.171,2.353,2.832,0.606,5.972,5.612,6.93,2.104,5.161,5.056,7.455,5.595,5.612,3.828,6.458,5.1,4.86,5.321,4.953,5.043,5.333,1.756,2.073,0.408,0.22,3.082,1.989,5.145,2.573,2.424,5.95,12.083,1.776,6.696,9.895,22.783,12.468,2.415,12.742,3.312,4.302,3.391,2.415,11.229,3.148,6.095,4.786,6.504,3.358,10.642,9.052,5.555,5.129,3.674,3.478,7.584,11.084,14.558,9.49,5.715,5.419,5.186,4.492,4.496,3.515,1.393,0.87,0.566,2.59,1.415,2.556,7.5,8.449,5.223,4.621,6.906,8.198,4.993,9.642,3.999,19.405,15.863,17.515,16.959,23.358,31.691,31.792,15.254,23.641,15.447,19.148,48.88,38.868,2.676,28.647,29.096,20.897,24.579,11.774,25.332
E141,2.816,2.595,2.158,2.519,2.602,2.967,2.542,2.952,2.552,2.058,2.042,2.102,3.212,2.782,2.747,2.284,2.191,2.275,2.409,1.641,2.191,1.907,2.481,2.029,2.19,12.913,2.425,2.379,2.452,2.457,1.927,2.206,1.946,3.829,3.65,3.473,3.724,4.615,3.916,3.057,3.232,3.088,3.638,3.367,2.77,3.066,3.19,3.387,3.052,3.137,3.91,3.451,3.315,3.002,2.983,2.964,2.935,2.558,2.603,3.023,3.596,2.836,4.002,2.214,2.63,2.393,3.767,3.228,2.72,2.472,2.908,2.387,2.897,2.892,2.801,2.625,2.215,3.655,3.374,3.062,3.77,4.015,4.158,3.081,3.503,3.955,3.962,3.176,3.062,2.99,3.625,3.66,5.274,4.622,3.077,4.076,4.315,3.785,3.332,3.084,4.806,6.521,5.802,6.272,4.694,5.306,5.344,4.508,3.901,3.604,3.745,4.189,5.206,4.786,302.082,3.93,2.969,235.653,2.421,19.723,1.967,2.403,2.312,59.634,2.297,2.252,2.235,2.444,2.304,2.043,6.629,2.232,2.326,2.361,1.906,3.04,2.602,0.834,2.663,0.44,0.0,1.565,1.278,2.461,2.939,1.046,6.079,5.719,7.037,2.544,5.269,5.164,7.562,5.702,5.719,3.935,6.565,5.208,4.931,5.392,5.024,5.114,5.404,2.195,2.513,0.848,0.659,3.522,2.429,5.585,3.013,2.863,6.39,12.191,2.216,7.135,10.335,22.89,12.908,2.855,13.182,3.751,4.742,3.831,2.855,11.669,3.587,6.535,5.226,6.944,3.798,11.082,9.159,5.995,5.569,4.114,3.918,8.024,11.524,14.998,9.93,6.154,5.859,5.626,4.563,4.567,3.587,1.464,0.942,0.637,2.697,1.222,2.663,7.607,8.556,5.33,4.728,7.013,8.305,5.1,9.749,4.07,19.845,16.303,17.955,17.399,23.798,31.762,31.863,15.694,24.081,15.886,19.256,48.987,38.976,3.116,29.087,29.536,21.337,24.686,12.213,25.44
E142,3.951,3.731,3.293,3.654,3.738,4.447,3.677,4.202,3.687,3.194,3.177,3.237,3.692,3.262,3.227,2.764,2.671,3.063,2.889,2.121,2.671,2.801,3.269,2.817,2.67,11.348,2.905,2.859,2.932,3.245,2.407,2.686,2.734,5.309,4.786,4.841,4.86,6.095,5.396,4.192,4.367,4.224,5.118,4.847,3.906,4.201,4.326,4.523,4.187,4.272,5.39,5.475,4.45,4.138,4.119,4.099,4.07,3.693,3.739,4.158,5.077,4.065,4.79,3.439,3.693,3.181,4.555,4.016,3.784,3.536,3.696,3.45,3.934,3.68,4.051,3.844,3.35,4.443,4.162,4.291,4.558,4.803,5.638,4.561,4.983,5.435,5.442,4.656,4.291,4.47,4.413,5.141,6.754,6.102,4.557,5.556,5.795,5.265,4.812,4.564,6.286,7.89,7.17,7.641,6.174,6.786,6.713,5.876,5.27,4.973,5.113,5.558,6.574,6.155,300.516,5.298,4.337,234.088,1.918,19.602,2.73,2.723,2.739,61.003,2.753,2.799,2.872,2.682,2.183,1.921,6.508,1.795,2.205,2.24,2.458,2.919,1.725,0.71,1.786,1.44,1.544,0.0,0.494,1.583,2.061,2.046,5.202,4.842,6.16,3.679,4.391,4.286,6.685,4.825,4.842,3.057,5.688,4.33,4.81,5.271,4.903,4.993,5.283,3.331,3.648,1.848,1.659,4.657,3.565,6.065,3.493,3.343,6.87,10.625,3.004,7.615,10.815,22.013,13.388,3.643,13.662,4.539,5.529,4.619,3.643,12.149,4.375,7.323,6.014,7.732,5.278,11.87,8.282,6.783,6.357,4.902,5.398,9.392,12.893,16.366,10.718,7.523,7.228,6.995,4.442,4.446,3.465,2.495,1.968,1.663,1.82,1.479,1.786,6.73,7.679,4.453,3.851,6.136,7.428,4.222,8.872,3.949,20.633,17.091,18.743,18.187,24.586,31.641,31.742,17.063,25.449,17.255,17.69,47.421,37.41,4.596,29.875,30.324,22.125,23.808,13.001,24.562
E143,3.65,3.43,2.993,3.353,3.437,4.147,3.376,3.901,3.387,2.893,2.876,2.936,3.391,2.961,2.926,2.463,2.37,2.762,2.588,1.821,2.37,2.5,2.968,2.517,2.369,11.735,2.604,2.558,2.631,2.944,2.107,2.385,2.433,5.009,4.485,4.541,4.559,5.794,5.095,3.891,4.066,3.923,4.817,4.546,3.605,3.901,4.025,4.222,3.886,3.971,5.09,5.175,4.149,3.837,3.818,3.799,3.769,3.392,3.438,3.857,4.776,3.764,4.489,3.138,3.393,2.88,4.254,3.715,3.483,3.235,3.395,3.15,3.634,3.379,3.75,3.543,3.049,4.143,3.862,3.99,4.258,4.502,5.338,4.26,4.683,5.135,5.142,4.355,3.99,4.169,4.112,4.84,6.454,5.801,4.256,5.255,5.495,4.964,4.511,4.263,5.985,7.589,6.87,7.34,5.873,6.485,6.412,5.576,4.969,4.672,4.813,5.257,6.274,5.854,300.904,4.997,4.036,234.475,1.617,19.301,2.429,2.422,2.438,60.702,2.453,2.499,2.572,2.381,1.882,1.621,6.207,1.494,1.904,1.939,2.158,2.618,1.424,0.409,1.485,1.139,1.243,0.387,0.0,1.282,1.761,1.746,4.901,4.541,5.859,3.378,4.09,3.985,6.384,4.524,4.541,2.757,5.387,4.029,4.509,4.97,4.603,4.692,4.982,3.03,3.347,1.547,1.359,4.356,3.264,5.764,3.192,3.043,6.569,11.012,2.703,7.315,10.514,21.712,13.087,3.343,13.361,4.239,5.229,4.318,3.343,11.848,4.075,7.022,5.713,7.431,4.977,11.569,7.981,6.482,6.056,4.601,5.097,9.092,12.592,16.065,10.418,7.222,6.927,6.694,4.141,4.146,3.165,2.195,1.667,1.362,1.519,1.178,1.485,6.429,7.378,4.152,3.55,5.835,7.127,3.922,8.571,3.648,20.332,16.79,18.442,17.886,24.285,31.34,31.441,16.762,25.148,16.954,18.077,47.809,37.798,4.296,29.574,30.023,21.825,23.508,12.701,24.262
E144,4.81,4.59,4.153,4.513,4.597,5.306,4.536,5.061,4.546,4.053,4.036,4.096,4.551,4.121,4.086,3.623,3.53,3.922,3.748,2.98,3.53,3.66,4.128,3.676,3.529,12.989,3.764,3.718,3.791,4.104,3.267,3.545,3.593,6.168,5.197,4.636,5.26,5.769,6.255,5.051,5.226,5.083,5.977,5.706,4.765,5.061,5.185,5.365,5.046,5.131,6.25,5.43,5.309,4.997,4.978,4.958,4.929,4.552,4.598,5.017,5.936,4.924,5.649,4.298,4.553,4.04,5.414,4.875,4.643,4.395,4.555,4.31,4.793,4.539,4.91,4.703,4.209,5.303,5.021,5.15,5.418,5.662,6.497,5.42,5.843,6.294,6.301,5.515,5.15,5.329,5.272,6.0,6.552,6.458,5.416,6.415,6.654,6.124,5.671,5.423,6.642,7.684,6.965,7.435,5.971,7.142,6.508,5.671,5.065,4.767,4.908,5.353,6.369,5.95,302.157,5.093,4.132,235.728,1.713,19.396,2.524,2.517,2.534,60.797,2.548,2.594,2.667,2.477,1.977,1.716,6.303,1.59,2.0,2.034,2.253,2.714,1.52,1.569,0.203,2.299,2.403,1.641,1.353,0.0,0.478,2.905,4.996,4.636,5.954,4.538,4.186,4.081,6.48,4.62,4.636,2.852,5.482,4.125,4.605,5.066,4.698,4.788,5.078,4.19,4.507,2.707,2.518,5.5,4.424,6.924,4.352,4.203,7.729,12.266,3.863,8.475,11.674,21.808,14.247,4.503,14.521,5.399,6.389,5.478,4.503,13.008,5.235,8.182,6.873,8.591,6.137,12.729,8.076,7.642,7.216,5.761,6.257,9.187,12.687,16.161,11.577,7.318,7.022,6.789,4.237,4.241,3.26,2.29,3.018,2.522,1.57,2.338,0.203,6.525,7.473,4.247,3.645,5.93,7.222,4.017,8.667,3.744,21.492,17.95,19.602,19.046,25.445,31.436,31.537,16.857,25.244,17.05,19.331,49.062,39.051,5.455,30.734,31.183,22.984,23.603,13.861,24.357
E145,5.288,5.068,4.631,4.991,5.075,5.785,5.014,5.539,5.025,4.531,4.514,4.574,5.029,4.599,4.564,4.101,4.008,4.4,4.226,3.459,4.008,4.138,4.606,4.155,4.007,13.467,4.242,4.196,4.269,4.582,3.745,4.023,4.071,6.647,5.675,5.114,5.738,6.247,6.733,5.529,5.704,5.561,6.455,6.184,5.243,5.539,5.663,5.844,5.524,5.609,6.728,5.908,5.787,5.475,5.456,5.437,5.407,5.03,5.076,5.495,6.414,5.402,6.127,4.776,5.031,4.518,5.892,5.353,5.121,4.873,5.033,4.788,5.272,5.017,5.388,5.181,4.687,5.781,5.5,5.628,5.896,6.14,6.976,5.898,6.321,6.773,6.78,5.993,5.628,5.807,5.75,6.478,7.03,6.937,5.894,6.894,7.133,6.602,6.149,5.902,7.12,8.162,7.443,7.913,6.449,7.62,6.986,6.149,5.543,5.245,5.386,5.831,6.847,6.428,302.635,5.571,4.61,236.207,2.191,19.875,3.002,2.996,3.012,61.276,3.026,3.072,3.145,2.955,2.455,2.194,6.781,2.068,2.478,2.513,2.731,3.192,1.998,2.047,0.276,2.777,2.881,2.119,1.832,0.478,0.0,3.384,5.474,5.114,6.433,5.016,4.664,4.559,6.958,5.098,5.114,3.33,5.96,4.603,5.083,5.544,5.176,5.266,5.556,4.668,4.985,3.185,2.997,5.978,4.902,7.402,4.83,4.681,8.207,12.744,4.341,8.953,12.153,22.286,14.725,4.981,14.999,5.877,6.867,5.956,4.981,13.486,5.713,8.66,7.352,9.069,6.615,13.208,8.555,8.12,7.695,6.239,6.735,9.665,13.165,16.639,12.056,7.796,7.501,7.268,4.715,4.719,3.738,2.768,3.496,3.0,2.048,2.816,0.276,7.003,7.952,4.726,4.123,6.408,7.701,4.495,9.145,4.222,21.97,18.428,20.08,19.524,25.923,31.914,32.015,17.335,25.722,17.528,19.809,49.54,39.529,5.934,31.212,31.661,23.463,24.081,14.339,24.835
E146,2.454,2.234,1.796,2.157,2.241,2.606,2.18,2.59,2.19,1.697,1.68,1.74,2.85,2.42,2.385,1.922,1.829,1.913,2.047,1.28,1.829,1.546,2.119,1.668,1.828,13.412,2.063,2.018,2.09,2.095,1.566,1.844,1.584,3.468,3.289,3.363,3.363,4.253,3.554,2.695,2.87,2.727,3.276,3.005,2.409,2.704,2.829,3.026,2.69,2.775,3.549,3.09,2.953,2.641,2.622,2.602,2.573,2.196,2.242,2.661,3.235,2.474,3.64,1.852,2.268,2.031,3.405,2.866,2.358,2.111,2.546,2.025,2.536,2.53,2.439,2.263,1.853,3.294,3.013,2.7,3.409,3.653,3.796,2.719,3.142,3.594,3.601,2.814,2.7,2.628,3.263,3.299,4.913,4.26,2.715,3.714,3.954,3.423,2.97,2.723,4.444,6.412,5.692,6.162,4.332,4.944,5.235,4.398,3.792,3.494,3.635,4.08,5.096,4.677,302.581,3.298,2.859,236.152,2.956,20.258,2.544,2.293,2.203,59.525,2.188,2.142,2.125,2.334,2.839,2.578,7.164,2.767,2.861,2.896,2.483,3.575,3.102,1.333,3.162,0.606,1.053,2.064,1.777,2.96,3.438,0.0,6.578,6.218,7.536,2.182,5.768,5.663,8.061,6.201,6.218,4.434,7.064,5.707,5.466,5.927,5.559,5.649,5.939,1.834,2.151,0.486,0.55,3.16,2.068,5.224,2.651,2.502,6.028,12.69,1.854,6.774,9.974,23.39,12.546,2.494,12.82,3.39,4.38,3.469,2.494,11.307,3.226,6.173,4.865,6.582,3.436,10.721,9.658,5.633,5.208,3.752,3.556,7.914,11.415,14.888,9.569,6.045,5.75,5.516,5.098,5.102,4.122,1.999,1.476,1.172,3.196,1.493,3.162,8.107,9.055,5.829,5.227,7.512,8.804,5.599,10.248,4.605,19.483,15.941,17.593,17.037,23.436,32.297,32.398,15.585,23.971,15.777,19.755,49.486,39.475,2.755,28.726,29.174,20.976,25.185,11.852,25.939
E147,8.428,8.208,7.771,8.131,8.215,8.925,8.154,8.679,8.165,7.671,7.654,7.714,8.169,7.739,7.704,7.241,7.148,7.54,7.366,6.599,7.148,7.278,7.746,7.295,7.147,16.607,7.382,7.337,7.409,7.722,6.885,7.163,7.211,8.078,7.49,6.928,7.553,8.062,9.873,8.669,7.566,7.659,9.595,9.324,8.383,7.681,7.557,7.658,8.664,8.749,7.831,7.722,7.649,7.745,7.764,7.783,8.547,8.171,8.216,7.724,9.554,8.543,9.267,7.916,8.171,7.658,9.032,8.493,8.261,8.013,8.173,7.928,8.412,8.157,8.528,8.322,7.827,8.921,8.64,8.769,9.036,9.28,10.116,9.038,9.461,9.913,9.92,9.133,8.769,8.947,8.89,9.618,8.844,8.751,9.034,8.756,8.561,9.742,9.289,9.042,8.934,9.977,9.258,9.728,8.263,9.435,8.8,7.963,7.357,7.06,7.2,7.645,8.662,8.242,305.775,7.385,6.424,218.071,4.005,17.953,4.817,4.81,4.826,63.09,4.84,4.886,4.96,4.769,4.27,4.008,8.595,3.882,4.292,4.327,4.545,5.006,3.512,5.187,5.199,5.917,6.021,5.259,4.972,4.996,5.474,6.524,0.0,0.832,0.958,8.157,0.81,0.915,1.484,0.473,0.832,2.199,0.486,1.193,5.618,5.543,5.711,5.801,5.684,7.808,8.125,6.325,6.137,7.792,8.042,10.543,7.97,7.821,11.347,15.884,7.481,12.093,15.293,16.812,17.865,8.121,18.139,9.017,10.007,9.096,8.121,16.626,8.853,11.8,10.492,12.209,9.755,16.348,3.08,11.26,10.835,9.379,9.876,11.479,14.98,18.453,15.196,9.61,9.315,9.082,4.349,4.353,3.781,4.582,5.31,5.306,5.232,5.957,5.199,1.529,2.477,1.065,2.539,0.934,2.226,1.075,3.671,3.856,25.11,21.568,23.22,22.664,29.063,29.992,30.093,19.15,27.536,19.342,22.949,52.68,42.669,9.074,34.352,34.801,26.603,18.607,17.479,19.361
E148,8.069,7.848,7.411,7.771,7.855,8.565,7.794,8.319,7.805,7.311,7.295,7.354,7.809,7.379,7.344,6.881,6.788,7.181,7.006,6.239,6.788,6.919,7.386,6.935,6.787,16.247,7.022,6.977,7.05,7.362,6.525,6.803,6.851,7.718,7.13,6.569,7.193,7.702,9.514,8.31,7.206,7.299,9.235,8.964,8.023,7.321,7.197,7.298,8.305,8.389,7.471,7.362,7.289,7.385,7.404,7.423,8.188,7.811,7.856,7.364,9.194,8.183,8.907,7.556,7.811,7.298,8.672,8.134,7.901,7.653,7.813,7.568,8.052,7.798,8.168,7.962,7.468,8.561,8.28,8.409,8.676,8.92,9.756,8.678,9.101,9.553,9.56,8.774,8.409,8.587,8.531,9.258,8.484,8.391,8.675,8.396,8.201,9.383,8.929,8.682,8.575,9.617,8.898,9.368,7.904,9.075,8.44,7.604,6.997,6.7,6.841,7.285,8.302,7.882,305.416,7.025,6.064,218.904,3.645,18.785,4.457,4.45,4.466,62.73,4.481,4.527,4.6,4.409,3.91,3.649,8.235,3.522,3.932,3.967,4.186,4.646,3.152,4.827,4.839,5.557,5.661,4.899,4.612,4.636,5.114,6.164,0.832,0.0,1.791,7.797,0.793,0.555,2.316,0.36,0.0,1.839,1.319,0.833,5.258,5.719,5.351,5.441,5.731,7.448,7.765,5.965,5.777,7.433,7.682,10.183,7.611,7.461,10.987,15.524,7.121,11.733,14.933,17.644,17.505,7.761,17.779,8.657,9.647,8.736,7.761,16.266,8.493,11.44,10.132,11.849,9.396,15.988,3.913,10.901,10.475,9.019,9.516,11.12,14.62,18.093,14.836,9.25,8.955,8.722,3.989,3.993,3.421,4.223,4.95,4.946,4.873,5.597,4.839,2.361,3.31,0.389,2.18,1.766,3.059,0.715,4.503,3.496,24.75,21.208,22.86,22.304,28.703,30.824,30.925,18.79,27.177,18.982,22.589,52.32,42.309,8.714,33.993,34.441,26.243,19.439,17.119,20.193
E149,9.203,8.983,8.545,8.906,8.99,9.699,8.929,9.454,8.939,8.446,8.429,8.489,8.944,8.514,8.479,8.016,7.923,8.315,8.141,7.373,7.923,8.053,8.521,8.069,7.922,17.381,8.157,8.111,8.184,8.497,7.659,7.938,7.986,8.852,8.264,7.703,8.327,8.836,10.648,9.444,8.341,8.433,10.37,10.099,9.158,8.456,8.331,8.432,9.439,9.524,8.606,8.497,8.424,8.519,8.538,8.558,9.322,8.945,8.991,8.499,10.329,9.317,10.042,8.691,8.945,8.433,9.807,9.268,9.035,8.788,8.948,8.702,9.186,8.932,9.303,9.096,8.602,9.695,9.414,9.543,9.81,10.055,10.89,9.813,10.235,10.687,10.694,9.908,9.543,9.722,9.665,10.393,9.619,9.525,9.809,9.531,9.335,10.517,10.064,9.816,9.709,10.751,10.032,10.502,9.038,10.209,9.575,8.738,8.132,7.834,7.975,8.42,9.436,9.017,306.55,8.16,7.199,218.218,4.78,18.099,5.591,5.584,5.601,63.864,5.615,5.661,5.734,5.543,5.044,4.783,9.37,4.657,5.067,5.101,5.32,5.781,4.286,5.962,5.973,6.692,6.796,6.034,5.746,5.771,6.249,7.298,0.775,1.607,0.0,8.931,1.585,1.69,1.63,1.247,1.607,2.974,0.632,1.968,6.393,5.689,6.486,6.576,5.83,8.583,8.9,7.1,6.911,8.567,8.817,11.317,8.745,8.595,12.122,16.659,8.256,12.867,16.067,16.958,18.64,8.895,18.914,9.791,10.781,9.871,8.895,17.401,9.627,12.575,11.266,12.984,10.53,17.122,3.227,12.035,11.609,10.154,10.65,12.254,15.754,19.228,15.97,10.385,10.089,9.856,5.123,5.128,4.556,5.357,6.085,6.08,6.007,6.731,5.973,1.675,2.623,1.84,3.314,1.08,2.372,1.849,3.817,4.631,25.885,22.343,23.994,23.439,29.838,30.138,30.239,19.924,28.311,20.117,23.724,53.455,43.444,9.848,35.127,35.576,27.377,18.753,18.253,19.507
E150,0.538,0.999,0.974,0.922,1.419,1.783,0.489,1.768,1.368,0.875,1.212,0.918,3.008,3.306,2.543,2.808,2.716,1.518,2.933,2.166,2.716,1.683,1.554,1.538,1.986,15.112,2.221,2.904,2.977,1.7,1.724,2.73,1.455,1.263,1.107,1.275,1.18,1.84,1.872,0.513,0.688,0.544,1.393,1.612,0.226,0.522,0.647,0.843,1.319,1.404,1.017,0.907,0.771,0.459,0.44,0.42,0.391,0.28,0.427,0.479,2.413,1.652,2.817,1.384,1.8,1.635,2.583,2.044,1.89,1.642,2.151,1.557,1.714,2.135,1.617,1.795,1.385,2.825,2.19,1.878,2.586,2.608,2.974,1.897,2.32,2.771,2.778,1.992,1.878,1.806,2.441,2.477,2.499,2.406,1.893,2.412,1.823,1.669,2.148,1.9,2.59,4.112,3.393,3.863,1.919,3.09,2.935,4.78,1.984,1.192,1.827,2.272,2.797,2.869,304.28,1.116,2.041,237.851,4.193,21.495,3.22,2.97,2.879,57.225,2.864,2.818,2.802,3.011,4.076,3.815,8.402,4.005,3.989,4.133,3.159,4.813,4.801,2.955,4.862,2.228,2.674,3.764,3.376,4.659,5.137,2.306,8.277,7.917,9.235,0.0,7.467,7.362,9.761,7.901,7.917,6.133,8.763,7.406,6.704,7.165,6.797,6.887,7.177,1.012,0.234,1.903,2.171,0.978,0.151,6.11,3.538,3.388,6.914,14.389,1.459,6.931,10.131,25.089,12.704,2.098,12.978,2.427,3.557,3.074,2.098,12.193,2.757,5.35,4.042,5.76,2.614,9.898,11.357,4.811,4.385,2.929,2.734,5.614,9.115,12.588,8.746,4.237,4.557,4.79,6.336,6.34,5.359,3.62,3.098,2.793,4.895,2.534,4.862,9.806,10.755,7.528,6.926,9.211,10.503,7.298,11.948,5.843,18.661,15.119,16.77,16.215,22.614,33.535,33.636,13.285,21.672,13.477,21.454,51.185,41.174,1.932,27.903,28.352,20.153,26.884,11.029,27.638
E151,7.618,7.398,6.96,7.321,7.405,8.114,7.344,7.869,7.354,6.861,6.844,6.904,7.359,6.929,6.894,6.431,6.338,6.73,6.556,5.788,6.338,6.468,6.936,6.484,6.337,15.796,6.572,6.526,6.599,6.912,6.074,6.353,6.401,7.267,6.679,6.118,6.742,7.251,9.063,7.859,6.756,6.848,8.785,8.514,7.573,6.871,6.746,6.848,7.854,7.939,7.021,6.912,6.839,6.934,6.953,6.973,7.737,7.36,7.406,6.914,8.744,7.732,8.457,7.106,7.361,6.848,8.222,7.683,7.45,7.203,7.363,7.117,7.601,7.347,7.718,7.511,7.017,8.11,7.829,7.958,8.225,8.47,9.305,8.228,8.65,9.102,9.109,8.323,7.958,8.137,8.08,8.808,8.034,7.941,8.224,7.946,7.75,8.932,8.479,8.231,8.124,9.166,8.447,8.917,7.453,8.624,7.99,7.153,6.547,6.249,6.39,6.835,7.851,7.432,304.965,6.575,5.614,218.882,3.195,18.763,4.006,3.999,4.016,62.279,4.03,4.076,4.149,3.959,3.459,3.198,7.785,3.072,3.482,3.516,3.735,4.196,2.701,4.377,4.388,5.107,5.211,4.449,4.161,4.186,4.664,5.713,0.81,0.793,1.768,7.346,0.0,0.105,2.294,0.434,0.793,1.389,1.296,0.383,4.808,5.269,4.901,4.991,5.281,6.998,7.315,5.515,5.327,6.982,7.232,9.732,7.16,7.011,10.537,15.074,6.671,11.282,14.482,17.622,17.055,7.31,17.329,8.207,9.197,8.286,7.31,15.816,8.043,10.99,9.681,11.399,8.945,15.537,3.891,10.45,10.024,8.569,9.065,10.669,14.169,17.643,14.385,8.8,8.505,8.271,3.539,3.543,2.971,3.772,4.5,4.495,4.422,5.146,4.388,2.339,3.288,0.255,1.729,1.744,3.037,0.264,4.481,3.046,24.3,20.758,22.41,21.854,28.253,30.802,30.903,18.339,26.726,18.532,22.139,51.87,41.859,8.263,33.542,33.991,25.792,19.417,16.668,20.171
E152,7.513,7.293,6.856,7.216,7.3,8.009,7.239,7.764,7.249,6.756,6.739,6.799,7.254,6.824,6.789,6.326,6.233,6.625,6.451,5.683,6.233,6.363,6.831,6.379,6.232,15.691,6.467,6.421,6.494,6.807,5.97,6.248,6.296,7.162,6.574,6.013,6.637,7.146,8.958,7.754,6.651,6.743,8.68,8.409,7.468,6.766,6.641,6.743,7.749,7.834,6.916,6.807,6.734,6.83,6.848,6.868,7.632,7.255,7.301,6.809,8.639,7.627,8.352,7.001,7.255,6.743,8.117,7.578,7.346,7.098,7.258,7.013,7.496,7.242,7.613,7.406,6.912,8.005,7.724,7.853,8.12,8.365,9.2,8.123,8.546,8.997,9.004,8.218,7.853,8.032,7.975,8.703,7.929,7.835,8.119,7.841,7.645,8.827,8.374,8.126,8.019,9.061,8.342,8.812,7.348,8.519,7.885,7.048,6.442,6.144,6.285,6.73,7.746,7.327,304.86,6.47,5.509,218.987,3.09,18.868,3.901,3.894,3.911,62.175,3.925,3.971,4.044,3.854,3.354,3.093,7.68,2.967,3.377,3.411,3.63,4.091,2.596,4.272,4.284,5.002,5.106,4.344,4.056,4.081,4.559,5.608,0.915,0.555,1.874,7.241,0.105,0.0,2.399,0.539,0.555,1.284,1.401,0.278,4.703,5.164,4.796,4.886,5.176,6.893,7.21,5.41,5.221,6.877,7.127,9.627,7.055,6.905,10.432,14.969,6.566,11.177,14.377,17.727,16.95,7.205,17.224,8.101,9.091,8.181,7.205,15.711,7.938,10.885,9.576,11.294,8.84,15.432,3.996,10.345,9.919,8.464,8.96,10.564,14.064,17.538,14.28,8.695,8.399,8.166,3.434,3.438,2.866,3.667,4.395,4.39,4.317,5.041,4.284,2.444,3.393,0.166,1.624,1.849,3.142,0.159,4.586,2.941,24.195,20.653,22.305,21.749,28.148,30.907,31.008,18.234,26.621,18.427,22.034,51.765,41.754,8.158,33.437,33.886,25.687,19.522,16.563,20.276
E153,9.963,9.742,9.305,9.666,9.749,10.459,9.689,10.213,9.699,9.206,9.189,9.248,9.704,9.273,9.239,8.775,8.683,9.075,8.9,8.133,8.683,8.813,9.28,8.829,8.681,18.141,8.916,8.871,8.944,9.257,8.419,8.697,8.745,9.612,9.024,8.463,9.087,9.596,11.408,10.204,9.1,9.193,11.129,10.858,9.917,9.215,9.091,9.192,10.199,10.284,9.365,9.256,9.183,9.279,9.298,9.318,10.082,9.705,9.751,9.259,11.088,10.077,10.801,9.451,9.705,9.192,10.566,10.028,9.795,9.547,9.707,9.462,9.946,9.692,10.062,9.856,9.362,10.455,10.174,10.303,10.57,10.815,11.65,10.572,10.995,11.447,11.454,10.668,10.303,10.481,10.425,11.152,10.378,10.285,10.569,10.291,10.095,11.277,10.823,10.576,10.469,11.511,10.792,11.262,9.798,10.969,10.334,9.498,8.891,8.594,8.735,9.179,10.196,9.776,307.31,8.919,7.958,218.699,5.539,18.581,6.351,6.344,6.36,64.624,6.375,6.421,6.494,6.303,5.804,5.543,10.129,5.416,5.826,5.861,6.08,6.54,5.046,6.721,6.733,7.452,7.556,6.793,6.506,6.53,7.009,8.058,1.534,2.367,1.586,9.691,2.345,2.45,0.0,2.007,2.367,3.733,0.997,2.727,7.152,6.171,7.245,7.335,6.311,9.342,9.66,7.859,7.671,9.327,9.576,12.077,9.505,9.355,12.881,17.418,9.015,13.627,16.827,15.328,19.4,9.655,19.674,10.551,11.541,10.63,9.655,18.16,10.387,13.334,12.026,13.744,11.29,17.882,1.597,12.795,12.369,10.913,11.41,13.014,16.514,19.987,16.73,11.144,10.849,10.616,5.883,5.887,5.316,6.117,6.844,6.84,6.767,7.491,6.733,0.216,3.105,2.599,4.074,1.562,0.743,2.609,4.298,5.39,26.645,23.102,24.754,24.198,30.598,30.62,30.721,20.684,29.071,20.877,24.483,54.214,44.203,10.608,35.887,36.336,28.137,17.124,19.013,17.877
E154,8.052,7.831,7.394,7.755,7.838,8.548,7.778,8.302,7.788,7.295,7.278,7.338,7.793,7.362,7.328,6.865,6.772,7.164,6.989,6.222,6.772,6.902,7.37,6.918,6.771,16.23,7.005,6.96,7.033,7.346,6.508,6.787,6.835,7.701,7.113,6.552,7.176,7.685,9.497,8.293,7.189,7.282,9.219,8.948,8.006,7.304,7.18,7.281,8.288,8.373,7.455,7.345,7.272,7.368,7.387,7.407,8.171,7.794,7.84,7.348,9.177,8.166,8.89,7.54,7.794,7.281,8.655,8.117,7.884,7.637,7.796,7.551,8.035,7.781,8.152,7.945,7.451,8.544,8.263,8.392,8.659,8.904,9.739,8.662,9.084,9.536,9.543,8.757,8.392,8.57,8.514,9.241,8.468,8.374,8.658,8.38,8.184,9.366,8.912,8.665,8.558,9.6,8.881,9.351,7.887,9.058,8.424,7.587,6.981,6.683,6.824,7.268,8.285,7.865,305.399,7.009,6.048,218.544,3.628,18.425,4.44,4.433,4.449,62.713,4.464,4.51,4.583,4.392,3.893,3.632,8.218,3.505,3.916,3.95,4.169,4.63,3.135,4.81,4.822,5.541,5.645,4.882,4.595,4.62,5.098,6.147,0.473,0.36,1.431,7.78,0.434,0.539,1.956,0.0,0.36,1.822,0.959,0.816,5.241,5.702,5.334,5.425,5.714,7.431,7.749,5.949,5.76,7.416,7.665,10.166,7.594,7.444,10.971,15.507,7.104,11.716,14.916,17.284,17.489,7.744,17.763,8.64,9.63,8.72,7.744,16.25,8.476,11.423,10.115,11.833,9.379,15.971,3.553,10.884,10.458,9.002,9.499,11.103,14.603,18.077,14.819,9.233,8.938,8.705,3.972,3.977,3.405,4.206,4.934,4.929,4.856,5.58,4.822,2.001,2.95,0.689,2.163,1.407,2.699,0.698,4.143,3.479,24.734,21.192,22.843,22.288,28.687,30.465,30.566,18.773,27.16,18.966,22.572,52.304,42.293,8.697,33.976,34.425,26.226,19.08,17.102,19.833
E155,8.069,7.848,7.411,7.771,7.855,8.565,7.794,8.319,7.805,7.311,7.295,7.354,7.809,7.379,7.344,6.881,6.788,7.181,7.006,6.239,6.788,6.919,7.386,6.935,6.787,16.247,7.022,6.977,7.05,7.362,6.525,6.803,6.851,7.718,7.13,6.569,7.193,7.702,9.514,8.31,7.206,7.299,9.235,8.964,8.023,7.321,7.197,7.298,8.305,8.389,7.471,7.362,7.289,7.385,7.404,7.423,8.188,7.811,7.856,7.364,9.194,8.183,8.907,7.556,7.811,7.298,8.672,8.134,7.901,7.653,7.813,7.568,8.052,7.798,8.168,7.962,7.468,8.561,8.28,8.409,8.676,8.92,9.756,8.678,9.101,9.553,9.56,8.774,8.409,8.587,8.531,9.258,8.484,8.391,8.675,8.396,8.201,9.383,8.929,8.682,8.575,9.617,8.898,9.368,7.904,9.075,8.44,7.604,6.997,6.7,6.841,7.285,8.302,7.882,305.416,7.025,6.064,218.904,3.645,18.785,4.457,4.45,4.466,62.73,4.481,4.527,4.6,4.409,3.91,3.649,8.235,3.522,3.932,3.967,4.186,4.646,3.152,4.827,4.839,5.557,5.661,4.899,4.612,4.636,5.114,6.164,0.832,0.0,1.791,7.797,0.793,0.555,2.316,0.36,0.0,1.839,1.319,0.833,5.258,5.719,5.351,5.441,5.731,7.448,7.765,5.965,5.777,7.433,7.682,10.183,7.611,7.461,10.987,15.524,7.121,11.733,14.933,17.644,17.505,7.761,17.779,8.657,9.647,8.736,7.761,16.266,8.493,11.44,10.132,11.849,9.396,15.988,3.913,10.901,10.475,9.019,9.516,11.12,14.62,18.093,14.836,9.25,8.955,8.722,3.989,3.993,3.421,4.223,4.95,4.946,4.873,5.597,4.839,2.361,3.31,0.389,2.18,1.766,3.059,0.715,4.503,3.496,24.75,21.208,22.86,22.304,28.703,30.824,30.925,18.79,27.177,18.982,22.589,52.32,42.309,8.714,33.993,34.441,26.243,19.439,17.119,20.193
E156,6.284,6.064,5.627,5.987,6.071,6.781,6.01,6.535,6.021,5.527,5.511,5.57,6.025,5.595,5.56,5.097,5.004,5.396,5.222,4.455,5.004,5.134,5.602,5.151,5.003,14.463,5.238,5.192,5.265,5.578,4.741,5.019,5.067,5.934,5.346,4.784,5.409,5.918,7.729,6.525,5.422,5.515,7.451,7.18,6.239,5.537,5.413,5.514,6.52,6.605,5.687,5.578,5.505,5.601,5.62,5.639,6.403,6.027,6.072,5.58,7.41,6.399,7.123,5.772,6.027,5.514,6.888,6.349,6.117,5.869,6.029,5.784,6.268,6.013,6.384,6.177,5.683,6.777,6.496,6.625,6.892,7.136,7.971,6.894,7.317,7.769,7.776,6.989,6.625,6.803,6.746,7.474,6.7,6.607,6.891,6.612,6.417,7.598,7.145,6.897,6.79,7.833,7.114,7.584,6.119,7.29,6.656,5.819,5.213,4.915,5.056,5.501,6.518,6.098,303.631,5.241,4.28,220.271,1.861,20.152,2.673,2.666,2.682,60.946,2.696,2.742,2.816,2.625,2.126,1.865,6.451,1.738,2.148,2.183,2.401,2.862,1.368,3.043,3.055,3.773,3.877,3.115,2.828,2.852,3.33,4.38,2.199,1.839,3.157,6.013,1.389,1.284,3.683,1.822,1.839,0.0,2.685,1.328,3.927,4.388,4.02,4.11,4.4,5.664,5.981,4.181,3.993,5.648,5.898,8.399,5.826,5.677,9.203,13.74,5.337,9.949,13.149,19.011,15.721,5.977,15.995,6.873,7.863,6.952,5.977,14.482,6.709,9.656,8.348,10.065,7.611,14.204,5.279,9.116,8.691,7.235,7.731,9.335,12.836,16.309,13.052,7.466,7.171,6.938,2.658,2.662,2.09,2.438,3.166,3.162,3.088,3.812,3.055,3.728,4.676,1.45,0.848,3.133,4.425,1.22,5.87,2.165,22.966,19.424,21.076,20.52,26.919,32.191,32.292,17.006,25.392,17.198,20.805,50.536,40.525,6.93,32.209,32.657,24.459,20.806,15.335,21.56
E157,8.965,8.745,8.308,8.668,8.752,9.462,8.691,9.216,8.702,8.208,8.191,8.251,8.706,8.276,8.241,7.778,7.685,8.077,7.903,7.136,7.685,7.815,8.283,7.832,7.684,17.144,7.919,7.873,7.946,8.259,7.422,7.7,7.748,8.615,8.027,7.465,8.089,8.599,10.41,9.206,8.103,8.196,10.132,9.861,8.92,8.218,8.094,8.195,9.201,9.286,8.368,8.259,8.186,8.282,8.301,8.32,9.084,8.707,8.753,8.261,10.091,9.079,9.804,8.453,8.708,8.195,9.569,9.03,8.798,8.55,8.71,8.465,8.949,8.694,9.065,8.858,8.364,9.458,9.177,9.306,9.573,9.817,10.652,9.575,9.998,10.45,10.457,9.67,9.306,9.484,9.427,10.155,9.381,9.288,9.572,9.293,9.098,10.279,9.826,9.579,9.472,10.514,9.794,10.265,8.8,9.972,9.337,8.5,7.894,7.596,7.737,8.182,9.198,8.779,306.312,7.922,6.961,217.702,4.542,17.583,5.354,5.347,5.363,63.627,5.377,5.423,5.497,5.306,4.807,4.545,9.132,4.419,4.829,4.864,5.082,5.543,4.049,5.724,5.736,6.454,6.558,5.796,5.509,5.533,6.011,7.061,0.537,1.369,0.589,8.694,1.347,1.452,0.997,1.01,1.369,2.736,0.0,1.73,6.155,5.174,6.248,6.338,5.314,8.345,8.662,6.862,6.674,8.329,8.579,11.079,8.507,8.358,11.884,16.421,8.018,12.63,15.829,16.325,18.402,8.658,18.676,9.554,10.544,9.633,8.658,17.163,9.39,12.337,11.029,12.746,10.292,16.885,2.594,11.797,11.371,9.916,10.412,12.016,15.517,18.99,15.732,10.147,9.852,9.619,4.886,4.89,4.318,5.12,5.847,5.843,5.769,6.493,5.736,1.042,2.108,1.602,3.076,0.565,1.74,1.612,3.301,4.393,25.647,22.105,23.757,23.201,29.6,29.622,29.724,19.687,28.073,19.879,23.486,53.217,43.206,9.611,34.889,35.338,27.14,18.121,18.016,18.875
E158,7.557,7.337,6.9,7.26,7.344,8.053,7.283,7.808,7.293,6.8,6.783,6.843,7.298,6.868,6.833,6.37,6.277,6.669,6.495,5.727,6.277,6.407,6.875,6.423,6.276,15.736,6.511,6.465,6.538,6.851,6.014,6.292,6.34,7.207,6.618,6.057,6.681,7.19,9.002,7.798,6.695,6.787,8.724,8.453,7.512,6.81,6.685,6.787,7.793,7.878,6.96,6.851,6.778,6.873,6.893,6.912,7.676,7.299,7.345,6.853,8.683,7.671,8.396,7.045,7.3,6.787,8.161,7.622,7.39,7.142,7.302,7.057,7.54,7.286,7.657,7.45,6.956,8.049,7.769,7.897,8.164,8.409,9.244,8.167,8.589,9.041,9.049,8.262,7.897,8.076,8.019,8.747,7.973,7.88,8.163,7.885,7.689,8.871,8.418,8.17,8.063,9.105,8.386,8.856,7.392,8.563,7.929,7.092,6.486,6.188,6.329,6.774,7.79,7.371,304.904,6.514,5.553,219.264,3.134,19.146,3.945,3.939,3.955,62.219,3.969,4.015,4.088,3.898,3.398,3.137,7.724,3.011,3.421,3.455,3.674,4.135,2.64,4.316,4.328,5.046,5.15,4.388,4.101,4.125,4.603,5.652,1.193,0.833,2.151,7.285,0.383,0.278,2.676,0.816,0.833,1.328,1.679,0.0,4.747,5.208,4.84,4.93,5.22,6.937,7.254,5.454,5.266,6.921,7.171,9.671,7.099,6.949,10.476,15.013,6.61,11.222,14.421,18.005,16.994,7.249,17.268,8.146,9.136,8.225,7.249,15.755,7.982,10.929,9.62,11.338,8.884,15.476,4.273,10.389,9.963,8.508,9.004,10.608,14.108,17.582,14.324,8.739,8.444,8.21,3.478,3.482,2.91,3.711,4.439,4.434,4.361,5.085,4.328,2.721,3.67,0.444,1.668,2.127,3.419,0.214,4.863,2.985,24.239,20.697,22.349,21.793,28.192,31.185,31.286,18.279,26.665,18.471,22.078,51.809,41.798,8.203,33.481,33.93,25.731,19.8,16.608,20.554
E159,6.975,7.007,6.57,6.931,7.014,7.379,6.926,8.288,6.964,6.471,6.454,6.513,7.778,7.348,7.313,6.85,6.757,7.149,6.975,6.207,6.757,6.887,7.355,6.903,6.756,16.215,6.991,6.945,7.018,7.331,6.493,6.772,6.82,7.076,6.488,5.927,6.551,7.06,7.925,7.012,6.564,6.657,7.206,7.779,6.929,6.679,6.555,6.656,7.464,7.549,6.829,6.72,6.647,6.743,6.762,6.781,6.843,6.717,6.864,6.723,8.008,8.151,8.876,6.626,7.779,7.267,8.641,8.102,7.87,7.622,7.782,7.537,8.02,7.766,8.137,7.93,6.627,8.529,8.248,8.377,8.644,8.889,8.57,7.492,7.915,8.367,8.374,7.588,8.377,7.402,8.499,8.072,7.842,7.749,7.489,7.755,7.559,8.197,7.744,7.496,7.933,8.975,8.256,8.726,7.262,8.433,7.798,6.962,6.355,6.058,6.199,6.643,7.66,7.24,305.384,6.383,5.422,214.968,3.385,14.849,3.815,3.808,3.824,62.088,3.839,3.885,3.958,3.767,2.784,2.889,3.597,2.999,3.29,2.571,3.544,2.792,3.421,4.795,4.808,4.852,4.912,4.867,4.58,4.605,5.083,5.458,5.618,5.258,6.576,6.703,4.808,4.703,7.101,5.241,5.258,3.927,6.104,4.747,0.0,0.518,0.15,0.241,0.53,6.607,6.671,5.26,5.071,6.79,6.588,10.151,7.579,7.429,10.956,15.493,7.09,11.701,14.901,22.43,17.474,7.729,17.748,8.625,9.616,8.705,7.729,16.235,8.461,11.409,10.1,11.818,8.21,15.956,8.698,10.869,10.443,8.988,8.33,10.477,13.978,17.451,14.804,8.608,8.313,8.08,1.269,1.265,2.246,3.581,4.308,4.304,4.841,5.565,4.808,7.146,3.584,4.869,2.909,6.552,7.844,4.639,2.57,1.762,24.719,21.177,22.829,22.273,28.672,26.888,26.989,18.148,26.535,18.34,22.558,52.289,42.278,7.528,33.961,34.41,26.211,24.225,17.087,24.979
E160,7.436,7.468,7.031,7.391,7.475,7.84,7.387,8.749,7.425,6.931,6.915,6.974,8.239,7.809,7.774,7.311,7.218,7.61,7.436,6.668,7.218,7.348,7.816,7.364,7.217,16.676,7.452,7.406,7.479,7.792,6.954,7.233,7.281,7.537,6.949,6.388,7.012,7.521,8.386,7.473,7.025,7.118,7.667,8.24,7.39,7.14,7.016,7.117,7.925,8.009,7.29,7.181,7.108,7.204,7.223,7.242,7.304,7.178,7.325,7.184,8.469,8.612,9.337,7.087,8.241,7.728,9.102,8.563,8.331,8.083,8.243,7.997,8.481,8.227,8.598,8.391,7.088,8.99,8.709,8.838,9.105,9.35,9.031,7.954,8.376,8.828,8.835,8.049,8.838,7.863,8.96,8.533,8.303,8.21,7.95,8.216,8.02,8.658,8.204,7.957,8.394,9.436,8.717,9.187,7.723,8.894,8.259,7.423,6.816,6.519,6.66,7.104,8.121,7.701,305.845,6.844,5.883,215.102,3.846,14.983,4.276,4.269,4.285,62.549,4.3,4.346,4.419,4.228,3.245,3.35,4.058,3.46,3.751,3.031,4.005,3.253,3.882,5.256,5.268,5.313,5.373,5.329,5.041,5.066,5.544,5.919,5.498,5.719,5.55,7.164,5.269,5.164,6.229,5.702,5.719,4.388,5.232,5.208,0.611,0.0,0.368,0.375,0.14,7.068,7.133,5.721,5.532,7.252,7.049,10.612,8.04,7.89,11.417,15.954,7.551,12.162,15.362,21.557,17.935,8.19,18.209,9.086,10.076,9.166,8.19,16.696,8.922,11.87,10.561,12.279,8.671,16.417,7.826,11.33,10.904,9.449,8.791,10.938,14.439,17.912,15.265,9.069,8.774,8.541,1.73,1.726,2.707,4.042,4.769,4.765,5.302,6.026,5.268,6.274,3.066,5.33,3.37,5.148,6.972,5.1,2.052,2.223,25.18,21.638,23.29,22.734,29.133,27.023,27.124,18.609,26.995,18.801,23.019,52.75,42.739,7.989,34.422,34.871,26.672,23.352,17.548,24.106
E161,7.068,7.1,6.663,7.024,7.107,7.472,7.019,8.381,7.057,6.564,6.547,6.606,7.871,7.441,7.406,6.943,6.85,7.242,7.068,6.3,6.85,6.98,7.448,6.996,6.849,16.308,7.084,7.038,7.111,7.424,6.587,6.865,6.913,7.169,6.581,6.02,6.644,7.153,8.018,7.105,6.657,6.75,7.299,7.872,7.022,6.772,6.648,6.749,7.557,7.642,6.922,6.813,6.74,6.836,6.855,6.874,6.936,6.81,6.957,6.816,8.101,8.244,8.969,6.719,7.873,7.36,8.734,8.195,7.963,7.715,7.875,7.63,8.114,7.859,8.23,8.023,6.72,8.622,8.341,8.47,8.737,8.982,8.663,7.586,8.008,8.46,8.467,7.681,8.47,7.495,8.592,8.165,7.935,7.842,7.582,7.848,7.652,8.29,7.837,7.589,8.026,9.068,8.349,8.819,7.355,8.526,7.891,7.055,6.448,6.151,6.292,6.736,7.753,7.333,305.477,6.476,5.516,214.817,3.478,14.699,3.908,3.901,3.917,62.181,3.932,3.978,4.051,3.86,2.877,2.982,3.69,3.092,3.383,2.664,3.637,2.885,3.514,4.889,4.901,4.945,5.005,4.961,4.673,4.698,5.176,5.551,5.711,5.351,6.669,6.796,4.901,4.796,7.194,5.334,5.351,4.02,6.197,4.84,0.243,0.368,0.0,0.09,0.38,6.7,6.765,5.353,5.164,6.884,6.681,10.244,7.672,7.522,11.049,15.586,7.183,11.794,14.994,22.523,17.567,7.822,17.841,8.719,9.709,8.798,7.822,16.328,8.555,11.502,10.193,11.911,8.303,16.049,8.791,10.962,10.536,9.081,8.423,10.571,14.071,17.544,14.897,8.701,8.406,8.173,1.362,1.358,2.339,3.674,4.401,4.397,4.934,5.658,4.901,7.24,3.434,4.962,3.002,6.645,7.937,4.732,2.42,1.855,24.812,21.27,22.922,22.366,28.765,26.738,26.839,18.241,26.628,18.433,22.651,52.382,42.371,7.621,34.054,34.503,26.304,24.318,17.18,25.072
E162,7.158,7.19,6.753,7.114,7.197,7.562,7.109,8.471,7.147,6.654,6.637,6.697,7.961,7.531,7.496,7.033,6.94,7.332,7.158,6.39,6.94,7.07,7.538,7.087,6.939,16.398,7.174,7.128,7.201,7.514,6.677,6.955,7.003,7.259,6.671,6.11,6.734,7.243,8.108,7.195,6.747,6.84,7.389,7.962,7.112,6.862,6.738,6.839,7.647,7.732,7.012,6.903,6.83,6.926,6.945,6.965,7.026,6.9,7.047,6.906,8.191,8.334,9.059,6.809,7.963,7.45,8.824,8.285,8.053,7.805,7.965,7.72,8.204,7.949,8.32,8.113,6.81,8.712,8.431,8.56,8.827,9.072,8.753,7.676,8.098,8.55,8.557,7.771,8.56,7.585,8.682,8.255,8.025,7.932,7.672,7.938,7.742,8.38,7.927,7.679,8.116,9.158,8.439,8.909,7.445,8.616,7.981,7.145,6.538,6.241,6.382,6.826,7.843,7.423,305.567,6.566,5.606,214.727,3.568,14.609,3.998,3.991,4.007,62.271,4.022,4.068,4.141,3.95,2.967,3.072,3.78,3.182,3.473,2.754,3.727,2.975,3.604,4.979,4.991,5.035,5.095,5.051,4.763,4.788,5.266,5.641,5.801,5.441,6.759,6.886,4.991,4.886,7.285,5.425,5.441,4.11,6.287,4.93,0.333,0.375,0.09,0.0,0.387,6.79,6.855,5.443,5.254,6.974,6.771,10.334,7.762,7.612,11.139,15.676,7.273,11.884,15.084,22.613,17.657,7.912,17.931,8.809,9.799,8.888,7.912,16.418,8.645,11.592,10.283,12.001,8.393,16.139,8.881,11.052,10.626,9.171,8.513,10.661,14.161,17.634,14.987,8.791,8.496,8.263,1.452,1.448,2.429,3.764,4.491,4.487,5.024,5.748,4.991,7.33,3.441,5.052,3.092,6.735,8.027,4.822,2.427,1.945,24.902,21.36,23.012,22.456,28.855,26.648,26.749,18.331,26.718,18.523,22.741,52.472,42.461,7.711,34.144,34.593,26.394,24.408,17.27,25.162
E163,7.448,7.48,7.043,7.404,7.487,7.852,7.399,8.761,7.437,6.944,6.927,6.987,8.251,7.821,7.786,7.323,7.23,7.622,7.448,6.68,7.23,7.36,7.828,7.376,7.229,16.689,7.464,7.418,7.491,7.804,6.966,7.245,7.293,7.549,6.961,6.4,7.024,7.533,8.398,7.485,7.037,7.13,7.679,8.252,7.402,7.152,7.028,7.129,7.937,8.022,7.302,7.193,7.12,7.216,7.235,7.254,7.316,7.19,7.337,7.196,8.481,8.624,9.349,7.099,8.253,7.74,9.114,8.575,8.343,8.095,8.255,8.01,8.493,8.239,8.61,8.403,7.1,9.002,8.721,8.85,9.117,9.362,9.043,7.966,8.388,8.84,8.847,8.061,8.85,7.875,8.972,8.546,8.315,8.222,7.962,8.228,8.032,8.67,8.217,7.969,8.406,9.448,8.729,9.199,7.735,8.906,8.271,7.435,6.828,6.531,6.672,7.116,8.133,7.713,305.857,6.856,5.896,214.942,3.858,14.824,4.288,4.281,4.297,62.561,4.312,4.358,4.431,4.24,3.257,3.362,4.07,3.472,3.763,3.044,4.017,3.265,3.894,5.269,5.281,5.325,5.385,5.341,5.053,5.078,5.556,5.931,5.639,5.731,5.691,7.176,5.281,5.176,6.369,5.714,5.731,4.4,5.372,5.22,0.623,0.14,0.38,0.387,0.0,7.08,7.145,5.733,5.544,7.264,7.061,10.624,8.052,7.902,11.429,15.966,7.563,12.174,15.374,21.698,17.947,8.202,18.221,9.098,10.089,9.178,8.202,16.708,8.935,11.882,10.573,12.291,8.683,16.429,7.966,11.342,10.916,9.461,8.803,10.951,14.451,17.924,15.277,9.081,8.786,8.553,1.742,1.738,2.719,4.054,4.781,4.777,5.314,6.038,5.281,6.415,3.206,5.342,3.382,5.288,7.112,5.112,2.192,2.235,25.192,21.65,23.302,22.746,29.145,26.863,26.964,18.621,27.008,18.813,23.031,52.762,42.751,8.001,34.434,34.883,26.684,23.493,17.561,24.247
P001,1.357,1.016,0.579,0.94,1.023,1.388,0.963,1.373,0.973,0.137,0.817,0.522,2.613,2.911,2.148,2.413,2.32,1.123,2.538,1.77,2.32,1.288,1.159,1.143,1.591,14.716,1.826,2.508,2.581,1.304,1.328,2.335,1.06,2.25,2.191,2.524,2.265,3.036,2.337,1.598,1.772,1.629,2.058,1.788,1.311,1.607,1.731,1.928,1.473,1.558,2.331,2.416,1.856,1.543,1.524,1.505,1.476,1.099,1.024,1.564,2.017,1.257,2.422,0.989,1.405,1.24,2.187,1.649,1.495,1.247,1.755,1.162,1.318,1.74,1.222,1.4,0.99,2.43,1.795,1.483,2.191,2.213,2.579,1.502,1.924,2.376,2.383,1.597,1.483,1.411,2.046,2.081,3.695,3.043,1.498,2.497,2.736,2.206,1.752,1.505,3.227,5.308,4.589,5.059,3.115,3.727,4.131,5.245,2.952,2.277,2.796,3.24,3.993,3.837,303.885,2.201,2.997,237.456,4.598,21.484,3.685,3.434,3.343,58.421,3.329,3.283,3.266,3.475,4.065,3.803,8.39,4.475,4.087,4.122,3.624,4.801,4.405,2.559,4.466,1.832,2.279,3.369,2.981,4.264,4.742,1.91,7.882,7.522,8.84,1.085,7.072,6.967,9.365,7.505,7.522,5.738,8.368,7.011,6.692,7.153,6.785,6.875,7.165,0.0,1.054,1.508,1.776,2.063,0.97,5.715,3.142,2.993,6.519,13.994,1.063,6.536,9.736,24.694,12.309,1.703,12.583,2.032,3.162,2.678,1.703,11.798,2.362,4.955,3.647,5.365,2.219,9.503,10.962,4.416,3.99,2.534,2.339,6.81,10.311,13.784,8.351,5.205,5.525,5.758,6.324,6.328,5.347,3.225,2.702,2.398,4.5,2.139,4.466,9.411,10.359,7.133,6.531,8.816,10.108,6.903,11.552,5.831,18.266,14.723,16.375,15.819,22.219,33.523,33.624,14.481,22.867,14.673,21.059,50.79,40.779,1.537,27.508,27.957,19.758,26.489,10.634,27.243
P002,0.303,0.968,0.943,0.891,1.387,1.752,0.457,1.737,1.337,0.843,1.181,0.886,2.977,3.275,2.512,2.777,2.684,1.487,2.902,2.135,2.684,1.652,1.523,1.507,1.955,15.08,2.19,2.872,2.945,1.669,1.692,2.699,1.423,1.617,1.735,2.028,1.808,2.468,2.701,1.141,0.835,1.173,1.425,1.155,0.855,1.15,1.275,1.472,1.288,1.373,1.645,1.536,0.751,1.087,1.068,1.048,1.019,0.045,0.395,1.107,2.381,1.621,2.786,1.353,1.769,1.604,2.551,2.013,1.859,1.611,2.119,1.526,1.682,2.104,1.586,1.764,1.353,2.794,2.159,1.847,2.555,2.577,2.943,1.865,2.288,2.74,2.747,1.961,1.847,1.774,2.41,2.445,3.127,3.034,1.862,2.861,2.451,2.57,2.116,1.869,3.218,5.076,4.357,4.827,2.547,3.718,3.9,4.749,2.456,1.82,2.3,2.744,3.761,3.341,304.249,1.744,2.502,237.82,4.162,21.464,3.189,2.938,2.848,58.189,2.833,2.787,2.77,2.979,4.045,3.784,8.37,3.974,3.958,4.102,3.128,4.781,4.769,2.923,4.83,2.196,2.643,3.732,3.345,4.628,5.106,2.274,8.246,7.886,9.204,0.628,7.436,7.331,9.729,7.869,7.886,6.102,8.732,7.375,6.673,7.133,6.766,6.856,7.146,0.98,0.0,1.872,2.14,1.606,0.12,6.078,3.506,3.357,6.883,14.358,1.427,6.9,10.1,25.058,12.673,2.067,12.947,2.396,3.526,3.042,2.067,12.162,2.726,5.319,4.011,5.729,2.583,9.867,11.326,4.78,4.354,2.898,2.703,6.579,10.079,13.553,8.715,4.71,5.029,5.263,6.304,6.309,5.328,3.589,3.066,2.762,4.864,2.503,4.83,9.774,10.723,7.497,6.895,9.18,10.472,7.267,11.916,5.812,18.63,15.088,16.739,16.183,22.583,33.503,33.605,14.249,22.636,14.442,21.422,51.154,41.143,1.901,27.872,28.321,20.122,26.853,10.998,27.607
P003,2.052,1.831,1.394,1.754,1.838,2.203,1.777,2.188,1.788,1.294,1.278,1.337,2.364,1.934,1.899,1.436,1.343,1.511,1.561,0.794,1.343,1.143,1.717,1.265,1.342,13.214,1.577,1.532,1.604,1.693,1.08,1.358,1.182,3.065,2.886,3.165,2.96,3.851,3.152,2.293,2.467,2.324,2.873,2.603,2.006,2.302,2.426,2.623,2.288,2.372,3.146,2.687,2.55,2.238,2.219,2.2,2.171,1.794,1.839,2.259,2.832,2.072,3.237,1.45,1.866,1.629,3.002,2.464,1.956,1.708,2.143,1.623,2.133,2.128,2.037,1.861,1.45,2.891,2.61,2.298,3.006,3.251,3.394,2.316,2.739,3.191,3.198,2.412,2.298,2.225,2.861,2.896,4.51,3.858,2.313,3.312,3.551,3.021,2.567,2.32,4.042,6.123,5.404,5.874,3.929,4.542,4.946,4.2,3.593,3.296,3.437,3.881,4.808,4.478,302.382,2.896,2.66,235.954,2.757,20.059,2.345,2.095,2.004,59.236,1.99,1.943,1.927,2.136,2.64,2.379,6.965,2.569,2.663,2.697,2.284,3.377,2.903,1.135,2.964,0.408,0.854,1.866,1.85,2.761,3.239,0.486,6.38,6.02,7.338,1.78,5.569,5.464,7.863,6.003,6.02,4.235,6.866,5.508,5.268,5.729,5.361,5.451,5.741,1.431,1.748,0.0,0.351,2.758,1.665,4.737,2.165,2.016,5.542,12.491,1.452,6.288,9.488,23.191,12.06,2.091,12.334,2.987,3.977,3.067,2.091,10.821,2.823,5.77,4.462,6.18,3.034,10.318,9.46,5.231,4.805,3.349,3.154,7.625,11.126,14.599,9.166,5.846,5.551,5.318,4.9,4.904,3.923,1.8,1.278,0.974,2.998,1.007,2.964,7.908,8.857,5.631,5.029,7.314,8.606,5.4,10.05,4.407,19.081,15.539,17.19,16.635,23.034,32.099,32.2,15.296,23.682,15.488,19.556,49.287,39.276,2.352,28.323,28.772,20.573,24.986,11.449,25.74
P004,2.319,2.099,1.662,2.022,2.106,2.471,2.045,2.455,2.055,1.562,1.545,1.605,2.716,2.285,2.251,1.788,1.695,1.779,1.912,1.145,1.695,1.411,1.984,1.533,1.693,13.025,1.928,1.883,1.956,1.96,1.431,1.709,1.45,3.333,3.375,2.813,3.228,3.947,3.42,2.56,2.735,2.592,3.141,2.87,2.274,2.57,2.694,2.891,2.555,2.64,3.414,2.955,2.818,2.506,2.487,2.467,2.438,2.061,2.107,2.526,3.1,2.34,3.505,1.718,2.134,1.896,3.27,2.732,2.224,1.976,2.411,1.89,2.401,2.396,2.305,2.128,1.718,3.159,2.878,2.566,3.274,3.518,3.662,2.584,3.007,3.459,3.466,2.679,2.566,2.493,3.129,3.164,4.778,4.126,2.581,3.58,3.819,3.288,2.835,2.588,4.309,5.862,5.143,5.613,4.197,4.809,4.685,3.848,3.242,2.945,3.086,3.53,4.547,4.127,302.194,3.27,2.309,235.765,2.569,19.871,1.994,1.744,1.653,58.975,1.638,1.592,1.575,1.784,2.452,2.191,6.777,2.38,2.474,2.509,1.933,3.188,2.715,0.947,2.776,0.22,0.666,1.678,1.391,2.573,3.051,0.55,6.191,5.831,7.149,2.047,5.381,5.276,7.675,5.814,5.831,4.047,6.677,5.32,5.079,5.54,5.173,5.263,5.553,1.699,2.016,0.351,0.0,3.025,1.933,5.089,2.517,2.367,5.893,12.303,1.719,6.639,9.839,23.003,12.412,2.359,12.686,3.255,4.245,3.334,2.359,11.172,3.091,6.038,4.73,6.447,3.301,10.586,9.271,5.499,5.073,3.617,3.422,7.364,10.865,14.338,9.434,5.495,5.2,4.967,4.711,4.715,3.735,1.612,1.09,0.785,2.809,1.359,2.776,7.72,8.668,5.442,4.84,7.125,8.417,5.212,9.862,4.218,19.349,15.806,17.458,16.902,23.302,31.91,32.011,15.035,23.421,15.227,19.368,49.099,39.088,2.62,28.591,29.04,20.841,24.798,11.717,25.552
P005,0.872,1.977,2.156,1.458,1.725,1.388,1.466,1.928,1.776,1.853,2.19,1.895,3.986,4.284,3.521,3.786,3.693,2.564,3.911,3.144,3.693,2.661,2.271,2.516,2.964,16.09,3.199,3.881,3.954,2.447,2.701,3.708,2.433,0.612,0.696,0.864,0.769,1.189,1.221,0.604,0.341,0.433,0.743,0.961,0.751,0.456,0.331,0.193,2.297,2.382,0.366,0.257,0.424,0.519,0.538,0.558,0.62,1.258,1.405,0.499,2.441,1.812,2.978,2.262,2.403,2.682,2.743,2.204,1.978,2.245,2.879,2.16,1.874,2.863,1.778,2.398,2.363,2.986,2.35,2.038,2.747,2.636,3.002,1.925,2.348,2.799,2.807,2.02,2.038,1.834,2.601,2.176,1.848,1.755,1.921,1.761,1.172,1.019,2.176,1.373,1.939,3.461,2.742,3.212,1.268,2.439,2.284,4.846,1.573,0.781,1.417,1.861,2.146,2.458,305.258,0.705,1.63,238.829,4.258,21.561,3.285,3.035,2.944,56.574,2.929,2.883,2.867,3.076,4.141,3.88,8.467,4.07,4.054,4.198,3.224,4.878,4.294,3.933,5.681,3.205,3.652,4.742,4.354,5.478,5.957,3.284,7.771,7.411,8.729,0.978,6.96,6.855,9.254,7.394,7.411,5.627,8.257,6.899,6.769,7.23,6.862,6.952,7.242,1.989,1.212,2.881,3.149,0.0,1.129,7.088,4.515,4.366,7.892,15.367,2.868,7.928,12.396,24.582,14.969,2.826,15.243,2.587,3.718,3.349,2.826,13.171,2.918,5.511,4.202,5.92,2.642,10.059,10.851,4.971,4.545,3.09,2.337,4.964,8.464,11.937,8.906,3.826,4.146,4.379,6.401,6.405,5.424,4.454,4.076,3.771,5.715,3.512,5.681,9.299,10.248,7.022,6.42,8.705,9.997,6.792,11.441,5.908,18.821,15.279,16.931,16.375,22.774,33.6,33.701,12.634,21.021,12.826,22.432,52.163,42.152,1.535,28.063,28.512,20.314,26.378,11.19,27.131
P006,0.423,0.884,0.86,0.808,1.304,1.669,0.374,1.653,1.254,0.76,1.097,0.803,2.893,3.192,2.429,2.694,2.601,1.403,2.818,2.051,2.601,1.569,1.44,1.424,1.871,14.997,2.106,2.789,2.862,1.585,1.609,2.616,1.34,1.414,1.258,1.426,1.332,1.991,2.023,0.664,0.839,0.696,1.545,1.071,0.378,0.673,0.798,0.995,1.205,1.29,1.168,1.059,0.922,0.61,0.591,0.571,0.542,0.165,0.312,0.63,2.298,1.538,2.703,1.27,1.685,1.521,2.468,1.929,1.775,1.528,2.036,1.442,1.599,2.02,1.503,1.681,1.27,2.711,2.076,1.764,2.472,2.493,2.86,1.782,2.205,2.657,2.664,1.877,1.764,1.691,2.326,2.362,2.65,2.557,1.779,2.563,1.974,2.486,2.033,1.786,2.741,4.263,3.544,4.014,2.07,3.241,3.086,4.666,2.373,1.343,2.216,2.661,2.948,3.258,304.166,1.267,2.418,237.737,4.079,21.381,3.106,2.855,2.764,57.376,2.75,2.704,2.687,2.896,3.962,3.7,8.287,3.89,3.874,4.019,3.045,4.698,4.686,2.84,4.747,2.113,2.559,3.649,3.262,4.544,5.022,2.191,8.163,7.803,9.121,0.151,7.352,7.247,9.646,7.786,7.803,6.019,8.649,7.291,6.589,7.05,6.682,6.772,7.062,0.897,0.12,1.789,2.056,1.129,0.0,5.995,3.423,3.273,6.8,14.274,1.344,6.817,10.017,24.974,12.589,1.984,12.864,2.312,3.443,2.959,1.984,12.079,2.643,5.236,3.928,5.645,2.499,9.784,11.243,4.696,4.271,2.815,2.62,5.766,9.266,12.739,8.632,4.626,4.946,5.179,6.221,6.225,5.244,3.506,2.983,2.679,4.781,2.419,4.747,9.691,10.64,7.414,6.812,9.097,10.389,7.184,11.833,5.728,18.546,15.004,16.656,16.1,22.499,33.42,33.521,13.436,21.823,13.629,21.339,51.07,41.059,1.818,27.788,28.237,20.038,26.77,10.915,27.523
P007,6.298,6.077,5.64,6.001,6.085,6.794,6.024,6.548,6.034,5.541,5.524,5.584,3.977,3.587,4.316,3.656,3.563,5.41,3.577,4.255,3.563,5.148,5.616,5.164,5.017,5.723,5.252,4.172,3.535,5.592,4.754,3.578,5.081,7.656,7.133,7.465,7.207,8.442,7.743,6.539,6.714,6.571,7.465,7.194,6.253,6.548,6.673,6.87,6.534,6.619,7.737,6.934,6.797,6.484,6.466,6.446,6.417,6.04,6.086,6.505,7.423,6.412,7.136,5.786,6.04,5.527,6.902,6.363,6.13,5.883,6.043,5.797,6.281,6.027,6.398,6.191,5.697,6.79,6.509,6.638,6.905,7.15,7.985,6.908,7.33,7.782,7.789,7.003,6.638,6.817,6.76,7.487,9.101,8.449,6.904,7.903,8.142,7.612,7.159,6.911,8.633,10.714,9.995,10.465,8.521,9.133,9.537,8.867,7.893,7.218,7.737,8.181,9.399,8.778,294.718,7.142,7.327,228.289,7.203,24.887,7.012,6.762,6.671,64.4,6.656,6.61,6.594,6.803,7.468,7.207,11.793,7.08,7.49,7.525,7.744,8.204,7.01,5.995,7.071,5.075,5.521,5.973,5.586,6.868,7.346,5.153,10.487,10.127,11.445,6.026,9.676,9.571,11.97,10.11,10.127,8.342,10.973,9.615,10.095,10.556,10.188,10.278,10.568,5.678,5.995,4.667,5.018,7.004,5.912,0.0,3.286,3.137,1.393,4.457,5.351,3.464,8.033,27.298,10.605,5.99,10.879,6.886,7.876,6.965,5.99,6.672,6.722,9.669,8.361,10.079,7.625,14.217,13.567,9.13,8.704,7.248,7.745,12.216,15.717,19.763,13.065,10.146,10.466,9.985,9.727,9.731,8.751,6.467,5.945,5.64,7.105,4.784,7.071,12.015,12.964,9.738,9.136,11.421,12.713,9.508,14.157,9.234,22.98,19.438,21.089,20.534,26.933,36.926,37.027,19.887,28.846,20.652,11.891,41.622,31.611,6.943,32.222,32.671,24.472,29.094,15.348,29.847
P008,4.931,4.71,4.346,4.633,4.959,5.177,4.656,4.932,4.667,4.173,4.157,4.216,1.781,2.964,2.222,3.033,2.94,3.793,2.953,3.827,2.94,3.531,3.999,3.547,2.892,8.795,3.127,3.549,2.912,3.975,3.042,2.954,3.464,6.039,5.765,6.097,5.839,6.825,6.126,5.172,5.346,5.203,5.848,5.577,4.885,5.181,5.305,6.269,5.167,5.251,6.12,6.205,5.429,5.117,5.098,5.079,5.05,4.673,4.718,5.138,5.806,4.795,5.52,4.169,4.423,3.911,5.285,4.746,4.513,4.266,4.426,4.181,4.664,4.41,4.781,4.574,4.427,5.173,4.892,5.021,5.288,5.533,6.368,5.291,5.713,6.165,6.172,5.386,5.021,5.2,5.143,5.871,7.484,6.832,5.287,6.286,6.525,5.995,5.542,5.294,7.016,9.097,8.378,8.848,6.904,7.516,7.92,8.318,6.526,5.851,6.369,6.814,7.782,7.411,297.79,5.775,6.571,231.361,6.655,24.338,6.464,6.213,6.122,62.783,6.108,6.062,6.045,6.254,6.919,6.658,11.245,6.532,6.942,6.976,7.195,7.656,6.462,5.446,6.523,4.526,4.973,5.425,5.037,6.32,6.798,4.604,9.938,9.578,10.896,4.659,9.128,9.023,11.422,9.562,9.578,7.794,10.424,9.067,9.547,10.008,9.64,9.73,10.02,4.31,4.627,4.118,4.47,5.637,4.544,3.207,0.0,0.15,4.011,7.529,3.734,6.083,10.651,26.75,13.224,4.373,13.498,5.269,6.26,5.349,4.373,9.29,5.106,8.053,6.744,8.462,6.008,12.6,13.018,7.513,7.087,5.632,6.128,10.6,14.1,18.146,11.448,8.779,9.099,9.332,9.179,9.183,8.202,5.919,5.396,5.092,6.556,4.195,6.523,11.467,12.415,9.189,8.587,10.872,12.164,8.959,13.609,8.686,21.363,17.821,19.473,18.917,25.316,36.378,36.479,18.27,27.229,19.035,14.963,44.695,34.684,5.326,30.605,31.054,22.855,28.545,13.731,29.299
P009,4.781,4.561,4.196,4.484,4.809,5.028,4.507,4.782,4.517,4.024,4.007,4.067,1.632,2.814,2.073,2.883,2.79,3.643,2.804,3.677,2.79,3.381,3.849,3.398,2.742,8.646,2.977,3.399,2.763,3.825,2.892,2.805,3.314,5.89,5.616,5.948,5.689,6.675,5.976,5.022,5.197,5.054,5.698,5.427,4.736,5.031,5.156,6.12,5.017,5.102,5.971,6.056,5.28,4.968,4.949,4.929,4.9,4.523,4.569,4.988,5.657,4.646,5.37,4.019,4.274,3.761,5.135,4.596,4.364,4.116,4.276,4.031,4.515,4.26,4.631,4.425,4.277,5.024,4.743,4.872,5.139,5.383,6.219,5.141,5.564,6.016,6.023,5.236,4.872,5.05,4.994,5.721,7.335,6.683,5.138,6.136,6.376,5.845,5.392,5.145,6.866,8.947,8.228,8.698,6.754,7.366,7.771,8.168,6.376,5.701,6.22,6.664,7.632,7.261,297.64,5.625,6.422,231.212,6.505,24.189,6.314,6.064,5.973,62.633,5.958,5.912,5.896,6.104,6.77,6.508,11.095,6.382,6.792,6.827,7.045,7.506,6.312,5.296,6.373,4.377,4.823,5.275,4.888,6.17,6.648,4.455,9.789,9.429,10.747,4.509,8.978,8.873,11.272,9.412,9.429,7.644,10.275,8.917,9.397,9.858,9.49,9.58,9.87,4.161,4.478,3.969,4.32,5.487,4.394,3.057,0.15,0.0,3.862,7.379,3.584,5.933,10.502,26.6,13.074,4.224,13.348,5.12,6.11,5.199,4.224,9.141,4.956,7.903,6.595,8.312,5.858,12.451,12.869,7.364,6.938,5.482,5.979,10.45,13.95,17.996,11.299,8.629,8.95,9.183,9.029,9.033,8.052,5.769,5.247,4.942,6.407,4.045,6.373,11.317,12.266,9.04,8.438,10.723,12.015,8.809,13.459,8.536,21.213,17.671,19.323,18.767,25.166,36.228,36.329,18.12,27.08,18.885,14.814,44.545,34.534,5.177,30.456,30.904,22.706,28.395,13.582,29.149
P010,7.114,6.893,6.456,6.817,6.9,7.61,6.84,7.364,6.85,6.357,6.34,6.4,4.793,4.403,4.428,4.472,4.379,6.226,4.393,5.071,4.379,5.964,6.432,5.98,5.832,6.938,6.067,4.988,4.351,6.408,5.57,4.393,5.897,8.472,7.949,8.281,8.022,9.258,8.559,7.355,7.53,7.386,8.28,8.01,7.068,7.364,7.489,7.685,7.35,7.435,8.553,7.749,7.613,7.3,7.281,7.262,7.233,6.856,6.902,7.321,8.239,7.228,6.002,6.602,6.856,6.343,7.717,7.179,6.946,6.699,6.858,6.613,7.097,6.843,7.214,7.007,6.513,5.527,5.752,7.454,7.721,7.966,8.801,7.723,8.146,8.598,8.605,7.819,7.454,7.633,7.576,8.303,9.917,9.265,7.72,8.719,8.958,8.428,7.974,7.727,9.449,11.53,10.811,11.281,9.336,9.949,10.353,9.682,8.709,8.034,8.553,8.997,10.214,9.594,295.932,7.958,8.143,229.504,8.019,25.703,7.828,7.577,7.487,65.215,7.472,7.426,7.409,7.618,8.284,8.022,12.609,7.896,8.306,8.341,8.559,9.02,7.826,6.811,7.887,5.891,6.337,6.789,6.402,7.684,8.162,5.969,11.302,10.943,12.261,6.842,10.492,10.387,12.786,10.926,10.943,9.158,11.789,10.431,10.911,11.372,11.004,11.094,11.384,6.493,6.811,5.483,5.834,7.82,6.727,1.349,4.102,3.953,0.0,5.671,6.166,2.86,7.429,28.114,10.001,6.806,10.275,5.773,8.692,5.49,6.806,5.279,5.459,10.485,9.177,10.895,8.441,15.033,14.383,9.946,9.52,8.064,8.561,13.032,16.533,20.579,13.881,10.962,11.282,10.801,10.543,10.547,9.566,7.283,6.761,6.456,7.921,5.6,7.887,12.831,13.78,10.554,9.952,12.236,13.529,10.323,14.973,10.05,23.796,20.254,21.905,21.349,27.749,37.742,37.843,20.703,29.662,21.468,13.106,42.837,32.826,7.759,33.038,33.487,25.288,29.91,16.164,30.663
P011,14.576,14.356,13.918,14.279,14.363,15.072,14.302,14.827,14.312,13.819,13.802,13.862,8.299,7.909,13.852,7.978,7.885,13.688,7.899,12.746,7.885,13.426,13.894,13.442,13.295,1.266,13.53,8.494,7.857,13.87,13.033,7.9,13.359,15.934,15.411,15.466,15.485,16.72,16.021,14.817,14.992,14.849,15.743,15.472,14.531,14.826,14.951,15.148,14.812,14.897,16.015,16.101,15.075,14.763,14.744,14.724,14.695,14.318,14.364,14.783,15.702,14.69,15.415,14.064,14.319,13.806,15.18,14.641,14.409,14.161,14.321,14.075,14.559,14.305,14.676,14.469,13.975,15.068,14.787,14.916,15.183,15.428,16.263,15.186,15.608,16.06,16.067,15.281,14.916,15.095,15.038,15.766,17.38,16.727,15.182,16.181,16.42,15.89,15.437,15.189,16.911,18.515,17.796,18.266,16.799,17.411,17.338,16.501,15.895,15.598,15.738,16.183,17.2,16.78,290.261,15.923,14.962,223.832,12.543,30.227,13.355,13.348,13.364,71.628,13.379,13.425,13.498,13.307,12.808,12.546,17.133,12.42,12.83,12.865,13.084,13.544,12.35,11.335,12.411,12.065,12.169,10.625,11.119,12.208,12.687,12.671,15.826,15.467,16.785,14.304,15.016,14.911,17.31,15.45,15.467,13.682,16.313,14.955,15.435,15.896,15.528,15.618,15.908,13.956,14.273,12.473,12.284,15.282,14.19,4.457,7.608,7.459,5.715,0.0,13.629,7.786,12.355,32.638,14.928,14.268,15.201,15.165,16.155,15.244,14.268,10.994,15.001,17.948,16.639,18.357,15.903,22.495,18.907,17.408,16.982,15.527,16.023,20.017,23.518,26.991,21.343,18.148,17.853,17.62,15.067,15.071,14.09,13.12,12.593,12.288,12.445,12.104,12.411,17.355,18.304,15.078,14.476,16.761,18.053,14.848,19.497,14.574,31.258,27.716,29.368,28.812,35.211,42.266,42.367,27.688,36.074,27.88,7.434,37.166,27.155,15.222,33.535,33.497,32.75,34.434,23.627,35.187
P012,1.676,1.456,1.091,1.379,1.705,1.923,1.402,1.677,1.412,0.919,0.902,0.962,1.862,2.407,1.397,1.909,1.817,0.539,2.034,1.267,1.817,0.537,0.745,0.392,0.84,14.213,1.075,2.005,2.078,0.72,0.578,1.831,0.309,2.785,2.511,2.843,2.585,3.57,2.872,1.917,2.092,1.949,2.593,2.322,1.631,1.926,2.051,3.015,1.912,1.997,2.866,2.951,2.175,1.863,1.844,1.824,1.795,1.418,1.464,1.883,2.552,1.541,2.265,0.915,1.169,0.656,2.03,1.492,1.259,1.012,1.171,0.926,1.41,1.156,1.526,1.32,1.172,1.919,1.638,1.767,2.034,2.278,3.114,2.036,2.459,2.911,2.918,2.132,1.767,1.945,1.889,2.616,4.23,3.578,2.033,3.032,3.271,2.741,2.287,2.04,3.761,5.843,5.123,5.593,3.649,4.261,4.666,5.564,3.272,2.596,3.115,3.559,4.527,4.157,303.381,2.52,3.317,236.953,4.095,21.779,3.617,3.366,3.275,59.528,3.261,3.215,3.198,3.407,4.359,4.098,8.685,3.972,4.382,4.417,3.556,5.096,3.902,2.886,3.963,1.679,2.126,2.865,2.478,3.76,4.238,1.757,7.378,7.019,8.337,1.404,6.568,6.463,8.862,7.002,7.019,5.234,7.864,6.507,6.987,7.448,7.08,7.17,7.46,1.056,1.373,1.355,1.623,2.382,1.29,5.211,2.639,2.489,6.016,13.49,0.0,5.786,8.986,24.19,11.558,1.119,11.832,2.015,3.005,2.094,1.119,11.294,1.851,4.798,3.49,5.207,2.754,9.346,10.459,4.259,3.833,2.377,2.874,7.345,10.845,14.892,8.194,5.525,5.845,6.078,6.619,6.623,5.642,3.072,2.549,2.245,3.997,1.635,3.963,8.907,9.856,6.63,6.027,8.312,9.605,6.399,11.049,6.126,18.109,14.566,16.218,15.662,22.062,33.818,33.919,15.016,23.975,15.781,20.555,50.286,40.275,2.072,27.351,27.799,19.601,25.985,10.477,26.739
P013,7.097,6.876,6.512,6.8,6.536,6.755,6.822,6.509,6.833,6.339,6.323,6.382,6.874,6.484,4.388,6.552,6.46,5.959,6.473,5.993,6.46,5.697,6.165,5.713,5.058,9.018,5.293,7.068,6.432,6.141,5.208,6.474,5.63,7.617,7.931,8.263,8.005,8.402,7.703,7.338,7.512,7.369,7.425,7.154,7.051,7.347,7.471,7.847,7.333,7.418,7.697,7.782,7.596,7.283,7.264,7.245,7.215,6.839,6.884,7.303,7.384,6.372,5.962,6.335,6.59,6.077,6.862,5.728,6.679,6.432,5.835,6.346,6.242,5.819,6.358,6.74,6.593,5.487,5.712,6.598,6.865,7.11,7.945,6.868,7.29,7.742,7.75,6.963,6.598,6.777,6.72,7.448,9.062,8.409,6.864,7.863,8.102,7.572,7.119,6.871,8.593,10.674,9.955,10.425,8.481,9.093,9.497,10.484,8.692,8.017,8.535,8.98,9.359,9.577,298.013,7.941,8.737,231.584,8.821,26.505,8.63,8.379,8.288,65.082,8.274,8.228,8.211,8.42,9.085,8.824,13.411,8.697,9.108,9.142,9.361,9.822,8.628,7.612,8.689,6.692,7.139,7.591,7.203,8.486,8.964,6.77,12.104,11.744,13.062,6.825,11.294,11.189,13.588,11.728,11.744,9.96,12.59,11.233,11.713,12.174,11.806,11.896,12.186,6.476,6.793,6.284,6.636,7.803,6.71,3.43,6.183,6.033,2.851,7.752,5.9,0.0,7.389,28.916,9.961,5.783,10.236,5.733,8.559,5.45,5.783,7.681,5.419,10.352,9.044,10.761,7.585,14.9,15.184,9.813,9.016,7.209,7.705,12.177,15.677,20.446,13.748,10.945,11.265,11.498,11.345,11.349,10.368,8.085,7.562,7.258,8.722,6.361,8.689,13.633,14.581,11.355,10.753,13.038,14.33,11.125,15.775,10.852,23.663,20.12,21.772,21.216,27.616,38.544,38.645,19.847,29.529,21.335,15.187,44.918,34.907,6.904,32.905,33.353,25.155,30.711,16.031,31.465
P014,10.296,10.076,9.712,9.999,10.565,10.783,10.022,10.538,10.615,9.539,9.523,9.582,9.395,11.052,7.588,9.835,9.742,9.159,9.96,9.193,9.742,8.897,9.365,8.913,8.258,13.587,8.493,9.931,11.001,9.341,8.408,9.757,8.83,11.645,11.131,11.463,11.205,12.431,11.265,10.538,10.712,10.569,11.454,11.183,10.251,10.547,10.671,11.876,10.533,10.617,11.726,11.811,10.795,10.483,10.464,10.445,10.415,10.039,10.084,10.503,10.649,10.401,9.305,9.535,9.789,9.277,9.084,8.928,9.879,9.632,9.035,9.546,10.27,9.019,10.387,9.94,9.793,8.687,8.912,9.804,9.08,10.032,11.211,10.141,10.353,11.008,11.015,10.046,9.804,10.232,9.642,10.713,11.768,11.675,10.893,11.129,11.664,11.134,11.148,10.519,11.858,14.703,13.984,14.454,12.51,12.358,13.526,13.684,11.892,11.217,11.735,12.18,13.388,12.777,302.582,11.141,11.937,236.153,12.021,29.704,11.83,11.579,11.488,66.09,11.474,11.428,11.411,11.62,12.285,12.024,16.61,11.898,12.307,12.342,12.561,13.021,11.828,10.812,11.889,9.892,10.339,10.791,10.403,11.686,12.164,9.97,15.304,14.944,16.262,10.025,14.494,14.389,16.788,14.928,14.944,13.16,15.79,14.433,14.913,15.374,15.006,15.096,15.386,9.676,9.993,9.484,9.836,11.002,9.91,7.999,10.752,10.602,7.419,12.321,9.1,7.389,0.0,32.116,3.028,8.983,3.302,8.933,9.567,8.65,8.983,12.354,8.619,11.36,10.052,11.769,10.851,15.908,18.384,10.82,10.024,9.306,10.971,16.206,18.849,21.453,14.756,14.145,14.465,14.698,14.545,14.549,13.568,11.285,10.762,10.458,11.922,9.561,11.889,16.833,17.781,14.555,13.953,16.238,17.53,14.325,18.975,14.052,24.67,21.128,22.78,22.224,28.623,41.743,41.845,23.876,30.537,22.342,19.755,49.486,39.476,10.552,33.913,34.361,26.163,33.911,17.039,34.665
P015,25.291,25.07,24.633,24.994,25.077,25.787,25.017,25.541,25.027,24.534,24.517,24.576,25.032,24.601,24.567,24.104,24.011,24.403,24.228,23.461,24.011,24.141,24.609,24.157,24.009,33.469,24.244,24.199,24.272,24.585,23.747,24.025,24.074,24.94,24.352,23.791,24.415,24.924,26.736,25.532,24.428,24.521,26.457,26.187,25.245,24.544,24.419,24.52,25.527,25.612,24.694,24.584,24.511,24.607,24.626,24.645,25.41,25.033,25.079,24.587,26.416,25.405,26.129,24.779,25.033,24.52,25.894,25.356,25.123,24.876,25.035,24.79,25.274,25.02,25.391,25.184,24.69,25.783,25.502,25.631,25.898,26.142,26.978,25.9,26.323,26.775,26.782,25.996,25.631,25.809,25.753,26.48,25.706,25.613,25.897,25.619,25.423,26.605,26.151,25.904,25.797,26.839,26.12,26.59,25.126,26.297,25.662,24.826,24.219,23.922,24.063,24.507,25.524,25.104,315.901,24.248,23.287,249.469,20.867,33.909,21.679,21.672,21.688,79.952,21.703,21.749,21.822,21.631,21.132,20.871,25.457,20.744,21.154,21.189,21.408,21.868,20.374,22.049,22.061,22.78,22.884,22.121,21.834,21.858,22.337,23.386,16.862,17.695,16.914,25.019,17.673,17.778,15.328,17.335,17.695,19.061,16.325,18.055,22.48,21.499,22.573,22.663,21.639,24.67,24.988,23.188,22.999,24.655,24.904,27.405,24.833,24.683,28.209,32.746,24.343,28.955,32.155,0.0,34.728,24.983,35.002,25.879,26.869,25.958,24.983,33.489,25.715,28.662,27.354,29.072,26.618,33.21,13.899,28.123,27.697,26.241,26.738,28.342,31.842,35.316,32.058,26.472,26.177,25.944,21.211,21.215,20.644,21.445,22.172,22.168,22.095,22.819,22.061,15.544,18.433,17.927,19.402,16.89,15.903,17.937,19.626,20.718,41.973,38.431,40.082,39.526,45.926,45.948,46.049,36.012,44.399,36.205,39.811,62.806,43.674,25.936,51.215,51.664,43.465,0.599,34.341,3.182
P016,12.869,12.649,12.284,12.572,13.138,13.356,12.595,13.11,13.188,12.112,12.095,12.155,11.968,13.625,10.161,12.408,12.315,11.732,12.533,11.765,12.315,11.47,11.938,11.486,10.831,16.16,11.065,12.503,13.573,11.914,10.98,12.33,11.403,14.218,13.704,14.036,13.778,15.004,13.838,13.11,13.285,13.142,14.026,13.756,12.824,13.12,13.244,14.448,13.105,13.19,14.299,14.384,13.368,13.056,13.037,13.017,12.988,12.611,12.657,13.076,13.222,12.974,11.877,12.108,12.362,11.849,11.656,11.5,12.452,12.204,11.608,12.119,12.843,11.592,12.96,12.513,12.366,11.26,11.485,12.377,11.653,12.605,13.784,12.714,12.926,13.581,13.588,12.618,12.377,12.805,12.215,13.286,14.341,14.247,13.466,13.701,14.237,13.707,13.72,13.092,14.431,17.276,16.557,17.027,15.082,14.931,16.099,16.257,14.465,13.789,14.308,14.753,15.96,15.35,305.154,13.713,14.51,238.726,14.593,32.277,14.402,14.152,14.061,68.663,14.046,14.0,13.984,14.193,14.858,14.597,19.183,14.47,14.88,14.915,15.134,15.594,14.4,13.385,14.461,12.465,12.911,13.363,12.976,14.259,14.737,12.543,17.877,17.517,18.835,12.597,17.067,16.962,19.36,17.5,17.517,15.733,18.363,17.006,17.485,17.946,17.578,17.669,17.959,12.249,12.566,12.057,12.408,13.575,12.483,10.571,13.324,13.175,9.992,14.894,11.672,9.961,3.028,34.688,0.0,11.555,0.274,11.506,12.14,11.223,11.555,14.927,11.192,13.933,12.624,14.342,13.423,18.48,20.957,13.393,12.596,11.879,13.543,18.778,21.422,24.026,17.328,16.718,17.038,17.271,17.117,17.122,16.141,13.857,13.335,13.03,14.495,12.133,14.461,19.405,20.354,17.128,16.526,18.811,20.103,16.898,21.547,16.625,27.243,23.701,25.353,24.797,31.196,44.316,44.417,26.449,33.109,24.915,22.328,52.059,42.048,13.124,36.485,36.934,28.735,36.484,19.611,37.237
P017,2.163,1.697,0.912,1.738,1.212,1.43,1.888,1.185,1.262,1.405,1.077,1.448,2.59,3.135,2.125,2.638,2.545,0.621,2.762,1.995,2.545,1.265,0.566,1.12,1.568,14.941,1.803,2.733,2.806,0.504,1.306,2.559,1.037,2.292,3.084,3.252,3.158,3.078,2.379,2.404,2.729,2.435,2.101,1.83,2.117,2.413,2.719,2.522,2.399,2.483,2.373,2.458,2.812,2.349,2.33,2.311,2.281,1.905,1.95,2.369,2.059,1.048,1.773,0.736,0.945,0.739,1.538,0.999,1.035,0.833,0.158,0.747,0.917,0.142,1.034,0.827,0.994,1.028,1.145,1.274,1.541,1.786,2.621,1.544,1.966,2.418,2.425,1.639,1.274,1.453,1.396,2.123,3.737,3.085,1.54,2.539,2.778,2.248,1.795,1.547,3.269,5.35,4.631,5.101,3.157,3.769,4.173,6.051,3.758,3.169,3.601,4.046,4.035,4.643,304.109,3.093,3.803,237.681,4.823,22.507,4.345,4.094,4.003,59.036,3.989,3.943,3.926,4.135,5.087,4.826,9.413,4.7,5.11,5.144,4.284,5.824,4.63,3.614,4.691,2.407,2.854,3.593,3.206,4.488,4.966,2.485,8.106,7.746,9.065,1.891,7.296,7.191,9.59,7.73,7.746,5.962,8.592,7.235,7.715,8.176,7.808,7.898,8.188,1.542,1.859,2.083,2.351,2.715,1.776,5.939,3.367,3.217,6.743,14.218,0.925,5.783,8.983,24.918,11.555,0.0,11.829,0.895,2.513,1.204,0.0,12.022,0.961,4.306,2.997,4.715,2.261,8.853,11.187,3.766,3.34,1.885,2.381,6.853,10.353,14.399,7.701,6.011,6.331,6.564,7.347,7.351,6.37,3.8,3.277,2.973,4.724,2.363,4.691,9.635,10.584,7.357,6.755,9.04,10.332,7.127,11.777,6.854,17.616,14.074,15.726,15.17,21.569,34.546,34.647,14.523,23.482,15.288,21.283,51.014,41.003,1.579,26.858,27.307,19.108,26.713,9.984,27.467
P018,13.143,12.923,12.559,12.846,13.412,13.63,12.869,13.384,13.462,12.386,12.369,12.429,12.242,13.899,10.435,12.682,12.589,12.006,12.807,12.039,12.589,11.744,12.212,11.76,11.104,16.434,11.339,12.777,13.847,12.188,11.255,12.604,11.677,14.492,13.978,14.31,14.052,15.278,14.112,13.384,13.559,13.416,14.3,14.03,13.098,13.393,13.518,14.722,13.379,13.464,14.573,14.658,13.642,13.33,13.311,13.291,13.262,12.885,12.931,13.35,13.496,13.248,12.152,12.382,12.636,12.123,11.93,11.774,12.726,12.479,11.882,12.393,13.117,11.866,13.234,12.787,12.639,11.534,11.759,12.65,11.927,12.879,14.057,12.988,13.2,13.854,13.862,12.892,12.65,13.079,12.489,13.56,14.615,14.521,13.74,13.975,14.511,13.981,13.994,13.366,14.705,17.55,16.831,17.301,15.357,15.205,16.373,16.531,14.739,14.063,14.582,15.027,16.235,15.624,305.428,13.987,14.784,239.0,14.867,32.551,14.676,14.426,14.335,68.937,14.32,14.274,14.258,14.467,15.132,14.871,19.457,14.744,15.154,15.189,15.408,15.868,14.674,13.659,14.735,12.739,13.185,13.637,13.25,14.533,15.011,12.817,18.151,17.791,19.109,12.871,17.34,17.235,19.634,17.774,17.791,16.007,18.637,17.279,17.759,18.22,17.852,17.942,18.233,12.523,12.84,12.331,12.682,13.849,12.757,10.845,13.598,13.449,10.266,15.168,11.946,10.236,3.302,34.962,0.274,11.829,0.0,11.78,12.414,11.497,11.829,15.201,11.466,14.207,12.898,14.616,13.697,18.754,21.231,13.667,12.87,12.153,13.817,19.052,21.696,24.3,17.602,16.992,17.312,17.545,17.391,17.395,16.415,14.132,13.609,13.305,14.769,12.408,14.735,19.679,20.628,17.402,16.8,19.085,20.377,17.172,21.821,16.898,27.517,23.975,25.627,25.071,31.47,44.59,44.691,26.723,33.383,25.189,22.602,52.333,42.322,13.398,36.759,37.208,29.009,36.758,19.886,37.511
P019,2.894,1.699,1.644,1.74,1.214,1.432,1.99,1.186,1.264,2.137,1.826,2.18,3.339,3.884,2.874,3.386,3.294,1.37,3.511,2.744,3.294,2.014,1.315,1.869,2.317,15.69,2.552,3.482,3.555,1.253,2.054,3.308,1.786,2.294,3.086,3.254,3.159,3.08,2.381,2.994,2.73,2.823,2.103,1.832,2.849,2.846,2.721,2.524,2.501,2.585,2.375,2.46,2.813,2.909,2.928,2.948,3.013,2.636,2.052,2.889,2.061,1.05,0.302,1.485,1.123,1.488,0.685,0.405,1.213,1.157,0.695,1.243,0.919,0.711,1.036,1.005,1.742,0.748,0.39,0.705,0.689,0.933,2.623,1.042,1.254,2.42,2.427,0.947,0.705,1.133,0.544,2.125,3.739,3.087,1.542,2.541,2.78,2.25,1.796,1.549,3.271,5.352,4.633,5.103,3.159,3.771,4.175,6.782,4.284,3.171,3.806,4.251,4.037,4.848,304.858,3.095,4.02,238.429,5.572,23.256,5.093,4.843,4.752,58.183,4.738,4.692,4.675,4.884,5.836,5.575,10.162,5.449,5.859,5.893,5.033,6.573,5.379,4.363,5.44,3.156,3.603,4.342,3.954,5.237,5.715,3.234,8.855,8.495,9.813,2.622,8.045,7.94,10.339,8.479,8.495,6.711,9.341,7.984,8.464,8.925,8.557,8.647,8.937,2.274,2.591,2.832,3.099,2.717,2.508,6.688,4.116,3.966,5.722,14.967,1.674,5.691,8.891,25.667,11.464,0.853,11.738,0.0,1.66,1.112,0.853,10.657,0.68,3.453,2.145,3.862,2.263,8.001,11.936,2.914,2.488,1.032,2.383,6.854,10.355,13.546,6.849,6.216,6.536,6.769,8.096,8.1,7.119,4.549,4.026,3.722,5.473,3.112,5.44,10.384,11.332,8.106,7.504,9.789,11.082,7.876,12.526,7.603,16.764,13.221,14.873,14.317,20.716,35.295,35.396,14.525,22.63,14.435,22.032,51.763,41.752,1.581,26.006,26.454,18.256,27.462,9.132,28.216
P020,4.157,2.961,2.907,3.002,2.476,2.695,3.253,2.449,2.527,3.4,3.089,3.442,4.601,5.147,4.136,4.649,4.556,2.632,4.774,4.006,4.556,3.277,2.577,3.132,3.579,16.952,3.814,4.744,4.817,2.515,3.317,4.571,3.048,3.557,4.348,4.516,4.422,4.342,3.176,4.257,3.993,4.086,3.365,3.094,4.111,4.108,3.983,3.787,3.763,3.848,3.638,3.723,4.076,4.172,4.191,4.21,4.276,3.899,3.315,4.151,2.56,2.312,1.93,2.747,2.385,2.75,1.494,1.935,2.475,2.42,2.61,2.505,2.182,2.594,2.298,2.267,3.005,2.717,2.082,1.715,1.498,1.943,3.122,2.052,2.264,2.919,2.926,1.957,1.715,2.143,1.554,2.624,3.679,3.586,2.804,3.04,3.575,3.045,3.059,2.43,3.77,6.614,5.895,6.365,4.421,4.27,5.438,8.045,5.547,4.433,5.069,5.513,5.299,6.11,306.121,4.357,5.282,232.265,6.834,24.518,6.356,6.106,6.015,56.523,6.0,5.954,5.937,6.146,7.099,6.838,11.424,6.711,7.121,7.156,6.295,7.835,6.641,5.626,6.702,4.418,4.865,5.604,5.217,6.499,6.978,4.497,10.118,9.758,11.076,3.885,9.307,9.202,11.601,9.741,9.758,7.974,10.604,9.246,9.726,10.187,9.819,9.909,10.199,3.536,3.854,4.094,4.362,3.979,3.77,7.95,5.378,5.228,8.755,16.229,2.936,7.66,9.587,26.929,12.159,2.557,12.434,1.68,0.0,3.081,2.557,14.034,2.649,1.793,0.485,2.203,2.762,6.341,13.198,1.825,1.708,0.648,2.882,8.117,9.282,11.886,5.189,7.479,7.798,8.032,9.358,9.362,8.382,5.811,5.289,4.984,6.736,4.374,6.702,11.646,12.595,9.369,8.767,11.052,12.344,9.139,13.788,8.865,15.104,11.561,13.213,12.657,19.057,36.557,36.658,15.787,20.97,12.776,23.294,53.026,43.014,2.463,24.346,24.794,16.596,28.725,7.472,29.478
P021,3.138,2.442,1.888,2.483,1.957,2.175,2.864,1.93,2.007,2.381,2.053,2.424,3.566,4.111,3.1,3.613,3.52,1.596,3.738,2.97,3.52,2.241,1.541,2.096,2.543,15.916,2.778,3.708,3.781,1.479,2.281,3.535,2.012,3.037,3.829,3.997,3.903,3.823,3.124,3.379,3.474,3.411,2.846,2.575,3.092,3.388,3.464,3.268,3.374,3.459,3.118,3.204,3.557,3.325,3.306,3.286,3.257,2.88,2.926,3.345,2.805,1.793,1.383,1.711,1.921,1.714,2.283,1.149,2.011,1.808,1.256,1.722,1.662,1.24,1.779,1.802,1.969,0.908,1.133,2.019,2.286,2.531,3.366,2.289,2.712,3.163,3.17,2.384,2.019,2.198,2.141,2.869,4.482,3.83,2.285,3.284,3.523,2.993,2.54,2.292,4.014,6.095,5.376,5.846,3.902,4.514,4.918,7.026,4.733,3.914,4.577,5.021,4.78,5.618,305.085,3.838,4.779,238.656,5.798,23.482,5.32,5.069,4.979,59.781,4.964,4.918,4.901,5.11,6.063,5.802,10.388,5.675,6.085,6.12,5.259,6.799,5.605,4.59,5.666,3.382,3.829,4.568,4.181,5.463,5.942,3.461,9.082,8.722,10.04,2.866,8.271,8.166,10.565,8.705,8.722,6.938,9.568,8.21,8.69,9.151,8.783,8.873,9.163,2.518,2.835,3.058,3.326,3.46,2.752,6.914,4.342,4.192,5.481,15.193,1.9,5.45,8.65,25.893,11.223,1.204,11.497,1.154,3.258,0.0,1.204,10.416,0.84,5.051,3.742,5.46,3.006,9.598,12.162,4.511,4.085,2.63,3.126,7.598,11.098,15.144,8.446,6.986,7.306,7.54,8.322,8.326,7.346,4.775,4.253,3.948,5.7,3.338,5.666,10.61,11.559,8.333,7.731,10.016,11.308,8.103,12.752,7.829,18.361,14.819,16.471,15.915,22.314,35.521,35.622,15.268,24.227,16.033,22.258,51.989,41.979,2.324,27.603,28.052,19.853,27.689,10.729,28.442
P022,2.163,1.697,0.912,1.738,1.212,1.43,1.888,1.185,1.262,1.405,1.077,1.448,2.59,3.135,2.125,2.638,2.545,0.621,2.762,1.995,2.545,1.265,0.566,1.12,1.568,14.941,1.803,2.733,2.806,0.504,1.306,2.559,1.037,2.292,3.084,3.252,3.158,3.078,2.379,2.404,2.729,2.435,2.101,1.83,2.117,2.413,2.719,2.522,2.399,2.483,2.373,2.458,2.812,2.349,2.33,2.311,2.281,1.905,1.95,2.369,2.059,1.048,1.773,0.736,0.945,0.739,1.538,0.999,1.035,0.833,0.158,0.747,0.917,0.142,1.034,0.827,0.994,1.028,1.145,1.274,1.541,1.786,2.621,1.544,1.966,2.418,2.425,1.639,1.274,1.453,1.396,2.123,3.737,3.085,1.54,2.539,2.778,2.248,1.795,1.547,3.269,5.35,4.631,5.101,3.157,3.769,4.173,6.051,3.758,3.169,3.601,4.046,4.035,4.643,304.109,3.093,3.803,237.681,4.823,22.507,4.345,4.094,4.003,59.036,3.989,3.943,3.926,4.135,5.087,4.826,9.413,4.7,5.11,5.144,4.284,5.824,4.63,3.614,4.691,2.407,2.854,3.593,3.206,4.488,4.966,2.485,8.106,7.746,9.065,1.891,7.296,7.191,9.59,7.73,7.746,5.962,8.592,7.235,7.715,8.176,7.808,7.898,8.188,1.542,1.859,2.083,2.351,2.715,1.776,5.939,3.367,3.217,6.743,14.218,0.925,5.783,8.983,24.918,11.555,0.0,11.829,0.895,2.513,1.204,0.0,12.022,0.961,4.306,2.997,4.715,2.261,8.853,11.187,3.766,3.34,1.885,2.381,6.853,10.353,14.399,7.701,6.011,6.331,6.564,7.347,7.351,6.37,3.8,3.277,2.973,4.724,2.363,4.691,9.635,10.584,7.357,6.755,9.04,10.332,7.127,11.777,6.854,17.616,14.074,15.726,15.17,21.569,34.546,34.647,14.523,23.482,15.288,21.283,51.014,41.003,1.579,26.858,27.307,19.108,26.713,9.984,27.467
P023,12.393,12.172,11.735,12.096,12.179,12.889,12.119,12.643,12.129,11.636,11.619,11.679,10.072,9.682,9.354,9.751,9.658,11.505,9.671,10.35,9.658,11.243,11.711,11.259,10.024,9.413,10.258,10.267,9.63,11.687,10.849,9.672,11.176,13.751,13.227,13.56,13.301,14.537,13.838,12.634,12.809,12.665,13.559,13.289,12.347,12.643,12.768,12.964,12.629,12.714,13.832,13.028,12.892,12.579,12.56,12.541,12.512,12.135,12.181,12.6,13.518,12.507,10.927,11.881,12.135,11.622,12.996,10.693,12.225,11.978,12.137,11.892,12.376,12.122,12.493,12.286,11.792,10.453,10.678,12.733,13.0,13.245,14.08,13.002,13.425,13.877,13.884,13.098,12.733,12.912,12.855,13.582,15.196,14.544,12.999,13.998,14.237,13.707,13.253,13.006,14.728,16.809,16.09,16.56,14.616,15.228,15.632,14.961,13.988,13.313,13.832,14.276,15.493,14.873,299.317,13.237,13.422,232.889,13.298,30.982,13.107,12.857,12.766,70.494,12.751,12.705,12.688,12.897,13.563,13.301,17.888,13.175,13.585,13.62,13.838,14.299,13.105,12.089,13.166,11.169,11.616,12.068,11.681,12.963,13.441,11.248,16.581,16.222,17.54,12.121,15.771,15.666,18.065,16.205,16.222,14.437,17.068,15.71,16.19,16.651,16.283,16.373,16.663,11.772,12.09,10.762,11.113,13.099,12.006,6.628,9.381,9.232,5.279,10.95,11.445,7.786,12.354,33.393,14.927,12.085,15.201,10.699,13.971,10.416,12.085,0.0,10.385,15.764,14.456,16.174,13.72,20.312,19.662,15.225,13.981,13.343,13.84,18.311,21.812,25.858,19.16,16.241,16.561,16.08,15.822,15.826,14.845,12.562,12.04,11.735,13.2,10.879,13.166,18.11,19.059,15.833,15.231,17.516,18.808,15.602,20.252,15.329,29.075,25.533,27.184,26.628,33.028,43.021,43.122,25.982,34.941,26.747,16.491,46.222,36.211,13.038,38.317,38.766,30.567,35.188,21.443,35.942
P024,2.895,2.01,1.645,2.051,1.525,1.744,2.302,1.498,1.576,2.138,1.81,2.18,3.322,3.868,2.857,3.37,3.277,1.353,3.494,2.727,3.277,1.998,1.298,1.852,2.3,15.673,2.535,3.465,3.538,1.236,2.038,3.292,1.769,2.606,3.397,3.565,3.471,3.391,2.692,3.136,3.042,3.135,2.414,2.143,2.849,3.157,3.033,2.836,2.812,2.897,2.687,2.772,3.125,3.221,3.24,3.043,3.014,2.637,2.364,3.2,2.373,1.361,0.951,1.468,1.434,1.471,1.851,0.717,1.524,1.469,0.749,1.554,1.231,0.765,1.347,1.316,1.726,0.335,0.702,1.587,1.855,2.099,2.934,1.857,2.28,2.732,2.739,1.952,1.587,1.766,1.709,2.437,4.051,3.398,1.853,2.852,3.092,2.561,2.108,1.861,3.582,5.663,4.944,5.414,3.47,4.082,4.487,6.783,4.596,3.482,4.118,4.562,4.348,5.16,304.841,3.406,4.332,238.413,5.555,23.239,5.077,4.826,4.736,59.349,4.721,4.675,4.658,4.867,5.82,5.558,10.145,5.432,5.842,5.877,5.016,6.556,5.362,4.346,5.423,3.139,3.586,4.325,3.938,5.22,5.698,3.217,8.838,8.479,9.797,2.623,8.028,7.923,10.322,8.462,8.479,6.694,9.325,7.967,8.447,8.908,8.54,8.63,8.92,2.274,2.592,2.815,3.083,3.028,2.508,6.671,4.099,3.949,5.45,14.95,1.657,5.419,8.619,25.65,11.192,0.961,11.466,0.722,2.826,0.84,0.961,10.385,0.0,4.619,3.311,5.028,2.574,9.167,11.919,4.079,3.654,2.198,2.694,7.166,10.666,14.712,8.014,6.528,6.848,7.081,8.079,8.083,7.102,4.532,4.01,3.705,5.457,3.095,5.423,10.367,11.316,8.09,7.488,9.773,11.065,7.859,12.509,7.586,17.929,14.387,16.039,15.483,21.882,35.278,35.379,14.836,23.796,15.601,22.015,51.746,41.735,1.893,27.172,27.62,19.422,27.445,10.298,28.199
P025,5.95,4.754,4.7,4.795,4.269,4.488,5.046,4.242,4.32,5.193,4.882,5.236,6.394,6.94,5.93,6.442,6.349,4.425,6.567,5.799,6.349,5.07,4.37,4.925,5.372,18.745,5.607,6.537,6.61,4.309,5.11,6.364,4.841,5.35,6.141,6.309,6.215,6.135,4.969,6.05,5.786,5.879,5.158,4.887,5.904,5.901,5.777,5.58,5.556,5.641,5.431,5.516,5.869,5.965,5.984,6.003,6.069,5.692,5.108,5.944,4.353,4.106,3.723,4.54,4.178,4.543,3.288,3.728,4.268,4.213,4.403,4.298,3.975,4.387,4.091,4.06,4.798,4.51,3.875,3.508,3.291,3.736,4.915,3.845,4.057,4.712,4.719,3.75,3.508,3.936,3.347,4.417,5.472,5.379,4.598,4.833,5.369,4.838,4.852,4.224,5.563,8.407,7.688,8.158,6.214,6.063,7.231,9.838,7.34,6.226,6.862,7.306,7.092,7.904,307.914,6.15,7.075,230.961,8.627,26.311,8.149,7.899,7.808,55.219,7.793,7.747,7.731,7.939,8.892,8.631,13.217,8.504,8.914,8.949,8.088,9.628,8.434,7.419,8.495,6.212,6.658,7.397,7.01,8.293,8.771,6.29,11.911,11.551,12.869,5.678,11.1,10.995,13.394,11.534,11.551,9.767,12.397,11.04,11.519,11.98,11.612,11.703,11.992,5.329,5.647,5.887,6.155,5.772,5.563,9.743,7.171,7.021,10.548,18.022,4.729,9.453,11.38,28.722,13.953,4.351,14.227,3.473,1.793,4.874,4.351,15.827,4.442,0.0,1.752,0.899,4.555,5.037,14.991,3.618,3.502,2.441,4.675,9.91,7.978,10.583,3.885,9.272,9.592,9.825,11.151,11.155,10.175,7.604,7.082,6.777,8.529,6.167,8.495,13.439,14.388,11.162,10.56,12.845,14.137,10.932,15.581,10.658,13.8,10.258,11.909,11.353,17.753,38.35,38.451,17.58,19.666,11.472,25.087,54.819,44.808,4.256,23.042,23.491,15.292,30.518,6.168,31.271
P026,4.641,3.446,3.391,3.487,2.961,3.179,3.738,2.934,3.011,3.884,3.573,3.927,5.086,5.631,4.621,5.134,5.041,3.117,5.258,4.491,5.041,3.761,3.062,3.616,4.064,17.437,4.299,5.229,5.302,3.0,3.802,5.055,3.533,4.041,4.833,5.001,4.907,4.827,3.661,4.741,4.478,4.57,3.85,3.579,4.596,4.593,4.468,4.271,4.248,4.333,4.122,4.207,4.561,4.656,4.675,4.695,4.76,4.384,3.8,4.636,3.045,2.797,2.415,3.232,2.87,3.235,1.979,2.42,2.96,2.905,3.095,2.99,2.666,3.079,2.783,2.752,3.49,3.201,2.567,2.2,1.983,2.428,3.607,2.537,2.749,3.404,3.411,2.442,2.2,2.628,2.038,3.109,4.164,4.071,3.289,3.525,4.06,3.53,3.544,2.915,4.254,7.099,6.38,6.85,4.906,4.754,5.922,8.53,6.032,4.918,5.554,5.998,5.784,6.595,306.605,4.842,5.767,232.224,7.319,25.003,6.841,6.59,6.5,56.482,6.485,6.439,6.422,6.631,7.583,7.322,11.909,7.196,7.606,7.641,6.78,8.32,7.126,6.11,7.187,4.903,5.35,6.089,5.702,6.984,7.462,4.981,10.602,10.242,11.561,4.37,9.792,9.687,12.086,10.226,10.242,8.458,11.088,9.731,10.211,10.672,10.304,10.394,10.684,4.021,4.338,4.579,4.847,4.464,4.255,8.435,5.863,5.713,9.239,16.714,3.421,8.144,10.072,27.414,12.644,3.042,12.918,2.165,0.485,3.565,3.042,14.518,3.134,1.752,0.0,2.161,3.247,6.3,13.683,2.31,2.193,1.133,3.367,8.602,9.241,11.845,5.148,7.963,8.283,8.516,9.843,9.847,8.866,6.296,5.774,5.469,7.221,4.859,7.187,12.131,13.08,9.854,9.252,11.537,12.829,9.623,14.273,9.35,15.062,11.52,13.172,12.616,19.015,37.042,37.143,16.272,20.929,12.735,23.779,53.51,43.499,2.947,24.305,24.753,16.555,29.209,7.431,29.963
P027,6.359,5.164,5.109,5.205,4.679,4.897,5.455,4.651,4.729,5.602,5.291,5.645,6.804,7.349,6.339,6.851,6.758,4.835,6.976,6.209,6.758,5.479,4.779,5.334,5.782,19.154,6.017,6.947,7.019,4.718,5.519,6.773,5.251,5.759,6.55,6.719,6.624,6.545,5.379,6.459,6.195,6.288,5.567,5.297,6.314,6.31,6.186,5.989,5.965,6.05,5.84,5.925,6.278,6.374,6.393,6.412,6.478,6.101,5.517,6.354,4.763,4.515,4.133,4.949,4.588,4.952,3.697,4.138,4.678,4.622,4.812,4.708,4.384,4.797,4.501,4.47,5.207,4.919,4.284,3.917,3.701,4.146,5.324,4.255,4.466,5.122,5.129,4.159,3.917,4.346,3.756,4.827,5.882,5.788,5.007,5.242,5.778,5.248,5.261,4.633,5.972,8.817,8.098,8.568,6.623,6.472,7.64,10.247,7.749,6.636,7.271,7.716,7.502,8.313,308.323,6.56,7.485,230.062,9.037,26.72,8.558,8.308,8.217,54.321,8.203,8.157,8.14,8.349,9.301,9.04,13.627,8.914,9.324,9.358,8.498,10.038,8.844,7.828,8.905,6.621,7.067,7.807,7.419,8.702,9.18,6.699,12.32,11.96,13.278,6.087,11.51,11.405,13.804,11.944,11.96,10.176,12.806,11.449,11.929,12.39,12.022,12.112,12.402,5.739,6.056,6.297,6.564,6.182,5.973,10.153,7.58,7.431,10.957,18.432,5.139,9.862,11.789,29.132,14.362,4.76,14.636,3.882,2.203,5.283,4.76,16.236,4.851,0.899,2.161,0.0,4.964,4.138,15.4,4.027,3.911,2.85,5.084,10.319,7.08,9.684,2.986,9.681,10.001,10.234,11.561,11.565,10.584,8.014,7.491,7.187,8.938,6.577,8.905,13.849,14.797,11.571,10.969,13.254,14.546,11.341,15.991,11.068,12.901,9.359,11.011,10.455,16.854,38.76,38.861,17.498,18.767,10.573,25.497,55.228,45.217,4.665,22.143,22.592,14.393,30.927,5.269,31.681
P028,2.876,1.548,1.625,1.589,1.195,1.281,1.839,1.398,1.246,2.118,2.074,1.696,4.003,4.43,3.538,3.932,3.839,2.034,4.057,3.289,3.839,2.678,1.741,2.533,2.981,16.353,3.216,4.027,4.1,1.917,2.718,3.854,2.45,2.143,2.934,3.049,3.008,1.841,1.841,2.843,2.579,2.672,1.951,1.681,2.83,2.695,2.57,2.373,2.349,2.434,2.224,2.309,2.663,2.758,2.777,2.797,2.858,2.618,1.901,2.738,0.202,1.282,2.448,1.732,1.873,2.151,2.212,1.674,1.448,1.715,2.348,1.63,1.344,2.333,1.247,1.868,1.99,2.455,1.82,1.508,2.216,1.374,0.36,1.039,1.148,0.49,0.497,0.841,1.508,0.948,1.161,0.602,1.003,1.564,0.781,1.018,1.39,1.71,0.799,1.096,1.747,3.857,3.138,3.608,1.511,2.248,2.68,6.764,2.789,3.02,3.394,3.839,2.542,4.436,305.522,3.095,3.608,239.093,6.236,23.003,5.204,4.953,4.862,56.97,4.848,4.802,4.785,4.994,5.583,5.322,9.909,6.112,5.606,5.641,5.143,6.32,6.043,4.078,6.103,3.351,3.798,5.006,4.618,5.901,6.379,3.429,9.519,9.159,10.477,2.604,8.709,8.604,11.002,9.142,9.159,7.375,10.005,8.648,8.211,8.672,8.304,8.394,8.684,2.255,2.572,3.027,3.295,2.566,2.489,7.233,4.661,4.511,8.038,15.631,2.338,7.398,11.866,26.331,14.438,2.296,14.712,2.057,3.187,2.819,2.296,13.317,2.387,4.981,3.672,5.39,0.0,9.528,12.599,4.441,4.015,2.56,0.86,5.359,8.86,12.333,8.376,4.724,5.044,5.277,7.843,7.847,6.866,4.744,4.221,3.917,6.137,3.776,6.103,11.048,11.996,8.77,8.168,10.453,11.745,8.54,13.19,7.35,18.291,14.749,16.401,15.845,22.244,35.042,35.143,13.03,21.416,13.222,22.696,52.427,42.416,1.128,27.533,27.982,19.783,28.126,10.659,28.88
P029,10.498,9.302,9.247,9.343,8.817,9.035,9.594,8.79,8.867,9.74,9.429,9.783,10.942,11.487,10.477,10.99,10.897,8.973,11.114,10.347,10.897,9.617,8.918,9.472,9.92,23.293,10.155,11.085,11.158,8.856,9.658,10.911,9.389,9.897,10.689,10.857,10.762,10.683,9.517,10.597,10.334,10.426,9.706,9.435,10.452,10.449,10.324,10.127,10.104,10.189,9.978,10.063,10.417,10.512,10.531,10.551,10.616,10.24,9.655,10.492,8.901,8.653,8.271,9.088,8.726,9.091,7.835,8.276,8.816,8.761,8.951,8.846,8.522,8.935,8.639,8.608,9.346,9.057,8.422,8.056,7.839,8.284,9.463,8.393,8.605,9.26,9.267,8.298,8.056,8.484,7.894,8.965,10.02,9.927,9.145,9.381,9.916,9.386,9.4,8.771,10.11,12.955,12.236,12.706,10.762,10.61,11.778,14.386,11.887,10.774,11.41,11.854,11.64,12.451,312.461,10.698,11.623,225.924,13.175,30.859,12.697,12.446,12.355,57.091,12.341,12.295,12.278,12.487,13.44,13.178,17.765,13.052,13.462,13.497,12.636,14.176,12.982,11.966,13.043,10.759,11.206,11.945,11.558,12.84,13.318,10.838,16.458,16.099,17.417,10.226,15.648,15.543,17.942,16.082,16.099,14.314,16.945,15.587,16.067,16.528,16.16,16.25,16.54,9.877,10.194,10.435,10.703,10.32,10.111,14.291,11.719,11.569,15.095,22.57,9.277,14.0,15.928,33.27,18.5,8.898,18.774,8.021,6.341,9.421,8.898,20.375,8.99,5.037,6.3,4.138,9.102,0.0,19.539,8.166,8.049,6.989,9.223,12.864,9.85,12.454,5.756,13.819,14.139,14.372,15.699,15.703,14.722,12.152,11.63,11.325,13.077,10.715,13.043,17.987,18.936,15.71,15.107,17.392,18.685,15.479,20.129,15.206,8.763,5.221,6.872,6.316,12.716,42.898,42.999,20.267,21.537,13.343,29.635,59.366,49.355,8.803,18.005,18.454,10.255,35.066,1.131,35.819
P030,11.56,11.339,10.902,11.262,11.346,12.056,11.285,11.81,11.296,10.802,10.786,10.845,11.3,10.87,10.835,10.372,10.28,10.672,10.497,9.73,10.28,10.41,10.877,10.426,10.278,19.738,10.513,10.468,10.541,10.853,10.016,10.294,10.342,11.209,10.621,10.06,10.684,11.193,13.005,11.801,10.697,10.79,12.726,12.455,11.514,10.812,10.688,10.789,11.796,11.88,10.962,10.853,10.78,10.876,10.895,10.914,11.678,11.302,11.347,10.856,12.685,11.674,12.398,11.047,11.302,10.789,12.163,11.625,11.392,11.144,11.304,11.059,11.543,11.289,11.659,11.453,10.959,12.052,11.771,11.9,12.167,12.411,13.247,12.169,12.592,13.044,13.051,12.264,11.9,12.078,12.022,12.749,11.975,11.882,12.166,11.887,11.692,12.873,12.42,12.173,12.066,13.108,12.389,12.859,11.395,12.566,11.931,11.095,10.488,10.191,10.332,10.776,11.793,11.373,308.906,10.516,9.555,220.296,7.136,20.177,7.948,7.941,7.957,66.221,7.972,8.018,8.091,7.9,7.401,7.14,11.726,7.013,7.423,7.458,7.677,8.137,6.643,8.318,8.33,9.048,9.152,8.39,8.103,8.127,8.605,9.655,3.131,3.964,3.183,11.288,3.941,4.046,1.597,3.604,3.964,5.33,2.594,4.324,8.749,7.768,8.842,8.932,7.908,10.939,11.256,9.456,9.268,10.924,11.173,13.674,11.101,10.952,14.478,19.015,10.612,15.224,18.424,13.899,20.997,11.252,21.27,12.148,13.138,12.227,11.252,19.757,11.984,14.931,13.623,15.34,12.886,19.479,0.0,14.392,13.966,12.51,13.007,14.611,18.111,21.584,18.327,12.741,12.446,12.213,7.48,7.484,6.912,7.714,8.441,8.437,8.364,9.088,8.33,1.813,4.702,4.196,5.671,3.159,2.172,4.206,5.895,6.987,28.241,24.699,26.351,25.795,32.194,32.217,32.318,22.281,30.668,22.473,26.08,55.811,45.8,12.205,37.484,37.932,29.734,15.694,20.61,16.448
P031,5.38,4.184,4.13,4.225,3.699,3.918,4.476,3.672,3.75,4.622,4.312,4.665,5.824,6.37,5.359,5.872,5.779,3.855,5.997,5.229,5.779,4.5,3.8,4.355,4.802,18.175,5.037,5.967,6.04,3.738,4.54,5.794,4.271,4.78,5.571,5.739,5.645,5.565,4.399,5.48,5.216,5.309,4.588,4.317,5.334,5.331,5.207,5.01,4.986,5.071,4.861,4.946,5.299,5.395,5.414,5.433,5.499,5.122,4.538,5.374,3.783,3.535,3.153,3.97,3.608,3.973,2.717,3.158,3.698,3.643,3.833,3.728,3.405,3.817,3.521,3.49,4.228,3.94,3.305,2.938,2.721,3.166,4.345,3.275,3.487,4.142,4.149,3.18,2.938,3.366,2.776,3.847,4.902,4.809,4.027,4.263,4.798,4.268,4.282,3.654,4.993,7.837,7.118,7.588,5.644,5.493,6.66,9.268,6.77,5.656,6.292,6.736,6.522,7.333,307.344,5.58,6.505,234.12,8.057,25.741,7.579,7.329,7.238,58.378,7.223,7.177,7.16,7.369,8.322,8.061,12.647,7.934,8.344,8.379,7.518,9.058,7.864,6.849,7.925,5.641,6.088,6.827,6.44,7.722,8.201,5.72,11.341,10.981,12.299,5.108,10.53,10.425,12.824,10.964,10.981,9.197,11.827,10.469,10.949,11.41,11.042,11.132,11.422,4.759,5.077,5.317,5.585,5.202,4.993,9.173,6.601,6.451,9.978,17.452,4.159,8.883,10.81,28.152,13.383,3.78,13.656,2.903,1.855,4.304,3.78,15.257,3.872,3.648,2.34,4.057,3.985,8.196,14.421,0.0,1.899,1.871,4.105,9.34,11.137,13.741,7.044,8.701,9.021,9.255,10.581,10.585,9.604,7.034,6.512,6.207,7.959,5.597,7.925,12.869,13.818,10.592,9.99,12.275,13.567,10.362,15.011,10.088,16.958,13.416,15.068,14.512,20.911,37.78,37.881,17.01,22.825,14.63,24.517,54.248,44.237,3.686,26.201,26.649,18.451,29.948,9.327,30.701
P032,4.965,3.769,3.715,3.81,3.284,3.502,4.061,3.257,3.334,4.207,3.897,4.25,5.409,5.955,4.944,5.457,5.364,3.44,5.581,4.814,5.364,4.085,3.385,3.939,4.387,17.76,4.622,5.552,5.625,3.323,4.125,5.378,3.856,4.364,5.156,5.324,5.23,5.15,3.984,5.064,4.801,4.894,4.173,3.902,4.919,4.916,4.791,4.595,4.571,4.656,4.445,4.53,4.884,4.979,4.998,5.018,5.083,4.707,4.123,4.959,3.368,3.12,2.738,3.555,3.193,3.558,2.302,2.743,3.283,3.228,3.418,3.313,2.989,3.402,3.106,3.075,3.813,3.525,2.89,2.523,2.306,2.751,3.93,2.86,3.072,3.727,3.734,2.765,2.523,2.951,2.361,3.432,4.487,4.394,3.612,3.848,4.383,3.853,3.867,3.238,4.577,7.422,6.703,7.173,5.229,5.077,6.245,8.853,6.355,5.241,5.877,6.321,6.107,6.918,306.928,5.165,6.09,234.003,7.642,25.326,7.164,6.913,6.823,58.261,6.808,6.762,6.745,6.954,7.907,7.645,12.232,7.519,7.929,7.964,7.103,8.643,7.449,6.434,7.51,5.226,5.673,6.412,6.025,7.307,7.785,5.304,10.925,10.566,11.884,4.693,10.115,10.01,12.409,10.549,10.566,8.781,11.412,10.054,10.534,10.995,10.627,10.717,11.007,4.344,4.661,4.902,5.17,4.787,4.578,8.758,6.186,6.036,9.046,17.037,3.744,9.016,10.024,27.737,12.596,3.365,12.87,2.488,1.738,3.889,3.365,13.981,3.457,3.531,2.223,3.941,3.57,8.079,14.006,1.899,0.0,1.456,3.69,8.925,11.02,13.625,6.927,8.286,8.606,8.839,10.166,10.17,9.189,6.619,6.096,5.792,7.544,5.182,7.51,12.454,13.403,10.177,9.575,11.86,13.152,9.947,14.596,9.673,16.842,13.3,14.951,14.396,20.795,37.365,37.466,16.595,22.708,14.514,24.102,53.833,43.822,3.271,26.084,26.533,18.334,29.533,9.21,30.286
P033,3.509,2.313,2.259,2.355,1.829,2.047,2.605,1.801,1.879,2.752,2.441,2.795,3.954,4.499,3.489,4.001,3.908,1.985,4.126,3.358,3.908,2.629,1.929,2.484,2.932,16.304,3.167,4.096,4.169,1.868,2.669,3.923,2.4,2.909,3.7,3.868,3.774,3.694,2.529,3.609,3.345,3.438,2.717,2.446,3.464,3.46,3.336,3.139,3.115,3.2,2.99,3.075,3.428,3.524,3.543,3.562,3.628,3.251,2.667,3.504,1.913,1.665,1.282,2.099,1.738,2.102,0.847,1.288,1.828,1.772,1.962,1.857,1.534,1.946,1.65,1.619,2.357,2.069,1.434,1.067,0.85,1.296,2.474,1.405,1.616,2.271,2.278,1.309,1.067,1.496,0.906,1.977,3.031,2.938,2.157,2.392,2.928,2.397,2.411,1.783,3.122,5.966,5.247,5.717,3.773,3.622,4.79,7.397,4.899,3.786,4.421,4.866,4.651,5.463,305.473,3.71,4.635,232.893,6.186,23.87,5.708,5.458,5.367,57.151,5.352,5.306,5.29,5.499,6.451,6.19,10.776,6.063,6.473,6.508,5.647,7.187,5.993,4.978,6.054,3.771,4.217,4.957,4.569,5.852,6.33,3.849,9.47,9.11,10.428,3.237,8.66,8.555,10.953,9.093,9.11,7.326,9.956,8.599,9.079,9.54,9.172,9.262,9.552,2.889,3.206,3.446,3.714,3.332,3.123,7.303,4.73,4.581,8.107,15.582,2.289,7.012,9.306,26.282,11.879,1.91,12.153,1.032,0.628,2.433,1.91,13.386,2.001,2.421,1.113,2.83,2.114,6.969,12.55,1.881,1.456,0.0,2.234,7.469,9.91,12.514,5.816,6.831,7.151,7.384,8.71,8.715,7.734,5.163,4.641,4.336,6.088,3.727,6.054,10.998,11.947,8.721,8.119,10.404,11.696,8.491,13.14,8.218,15.731,12.189,13.841,13.285,19.684,35.909,36.011,15.139,21.598,13.403,22.646,52.378,42.367,1.815,24.974,25.422,17.224,28.077,8.1,28.831
P034,2.996,1.668,1.746,1.709,1.315,1.401,1.96,1.518,1.366,2.239,2.194,1.816,4.123,4.55,3.658,4.052,3.959,2.154,4.177,3.409,3.959,2.798,1.861,2.653,3.101,16.474,3.336,4.147,4.22,2.037,2.838,3.974,2.57,2.021,2.708,2.608,2.782,1.4,1.348,2.617,2.353,2.446,2.072,1.801,2.95,2.469,2.344,2.147,2.47,2.554,1.998,2.083,2.436,2.532,2.551,2.571,2.632,2.738,2.021,2.512,0.658,1.402,2.568,1.852,1.993,2.271,2.333,1.794,1.568,1.835,2.469,1.75,1.464,2.453,1.367,1.988,2.11,2.575,1.94,1.628,2.336,1.494,1.22,1.159,1.268,1.056,1.063,0.961,1.628,1.068,1.281,0.258,1.216,1.122,0.902,0.576,0.949,1.479,0.919,1.216,1.306,3.415,2.696,3.166,1.069,1.806,2.239,6.381,2.348,2.739,2.953,3.397,2.1,3.994,305.642,2.654,3.166,239.213,6.356,23.123,4.821,4.571,4.48,56.528,4.465,4.419,4.403,4.612,5.704,5.442,10.029,6.232,5.59,5.761,4.76,6.44,6.163,4.198,6.224,3.471,3.918,5.126,4.738,6.021,6.499,3.549,9.639,9.279,10.597,2.724,8.829,8.724,11.123,9.262,9.279,7.495,10.125,8.768,8.331,8.792,8.424,8.514,8.804,2.375,2.693,3.147,3.415,2.34,2.609,7.354,4.781,4.632,8.158,15.751,2.458,7.518,11.986,26.451,14.559,2.416,14.832,2.177,3.308,2.939,2.416,13.437,2.507,5.101,3.792,5.51,0.86,9.648,12.72,4.561,4.135,2.68,0.0,4.918,8.418,11.892,8.496,4.283,4.603,4.836,7.963,7.967,6.986,4.864,4.341,4.037,6.257,3.896,6.224,11.168,12.116,8.89,8.288,10.573,11.865,8.66,13.31,7.47,18.411,14.869,16.521,15.965,22.364,35.162,35.263,12.588,20.975,12.781,22.816,52.547,42.536,1.248,27.653,28.102,19.903,28.246,10.779,29.0
P035,5.548,6.279,6.228,5.531,5.798,5.46,6.143,6.001,5.848,6.721,6.676,6.764,8.605,9.033,8.141,8.535,8.442,6.636,8.659,7.892,8.442,7.281,6.343,7.136,7.583,20.786,7.818,8.63,8.703,6.519,7.321,8.457,7.052,4.685,5.33,4.769,5.394,3.791,4.489,5.28,5.017,5.109,4.815,5.034,5.428,5.132,5.007,4.811,6.973,7.058,4.662,4.747,5.1,5.196,5.215,5.234,5.296,5.934,6.081,5.175,5.136,5.885,7.05,6.335,6.476,6.754,6.815,6.277,6.05,6.318,6.951,6.232,5.946,6.935,5.85,6.471,6.593,7.058,6.423,6.111,6.819,6.708,5.697,5.997,6.42,5.533,5.54,6.093,6.111,5.906,6.674,4.735,4.407,3.697,5.379,4.319,4.124,4.62,5.397,5.445,3.314,1.498,2.263,1.747,3.826,2.679,2.675,5.404,4.509,4.901,5.114,5.429,3.04,4.707,309.955,4.815,5.328,207.115,7.956,25.258,6.983,6.732,6.641,52.507,6.627,6.581,6.564,6.773,7.839,7.578,12.164,7.767,7.751,7.896,6.922,8.575,7.992,8.259,9.378,7.532,7.978,9.438,9.151,9.176,9.654,7.862,11.468,11.108,12.426,5.654,10.658,10.553,12.952,11.092,11.108,9.324,11.954,10.597,10.466,10.927,10.559,10.649,10.939,6.858,5.888,7.663,7.312,5.003,5.805,11.836,9.264,9.114,12.641,20.064,6.941,12.001,16.468,28.28,19.041,6.899,19.315,6.66,7.79,7.422,6.899,17.92,6.99,9.583,8.275,9.993,5.337,12.864,14.549,9.044,8.618,7.162,4.896,0.0,4.396,7.87,7.108,3.551,3.871,4.104,10.098,10.102,9.122,8.152,8.402,8.097,9.412,8.378,9.378,12.997,13.945,10.719,10.117,12.402,13.694,10.489,15.139,9.605,21.627,18.084,19.736,19.18,25.58,37.297,37.398,8.566,16.953,8.759,27.128,56.86,46.849,5.608,30.869,31.317,23.119,30.075,13.995,30.829
P036,9.049,9.779,9.729,9.031,9.298,8.961,9.643,9.501,9.348,10.221,10.177,10.264,12.106,12.533,11.641,12.035,11.942,10.137,12.16,11.392,11.942,10.781,9.844,10.636,11.084,24.287,11.319,12.13,12.203,10.02,10.821,11.957,10.553,8.185,8.831,8.27,8.894,7.291,7.99,8.781,8.517,8.61,8.315,8.534,8.928,8.632,8.508,8.311,10.474,10.559,8.162,8.247,8.6,8.696,8.715,8.734,8.796,9.434,9.581,8.675,8.636,9.385,10.551,9.835,9.976,10.254,10.777,9.777,9.551,9.818,10.451,9.733,9.447,10.436,9.35,9.971,10.093,10.558,9.923,9.611,10.78,10.209,9.198,9.498,9.92,9.034,9.041,9.593,9.611,9.406,10.174,8.235,7.907,7.198,8.879,7.82,7.624,8.121,8.897,8.945,6.814,4.998,5.763,5.247,7.327,6.179,6.175,8.904,8.009,8.401,8.614,8.929,6.54,8.207,313.455,8.316,8.828,204.101,11.456,28.758,10.483,10.232,10.142,49.492,10.127,10.081,10.065,10.274,11.339,11.078,15.664,11.268,11.252,11.396,10.422,12.075,11.492,11.759,12.879,11.032,11.479,12.939,12.652,12.676,13.154,11.362,14.969,14.609,15.927,9.154,14.158,14.053,16.452,14.592,14.609,12.824,15.455,14.097,13.967,14.428,14.06,14.15,14.44,10.358,9.389,11.164,10.812,8.504,9.306,15.336,12.764,12.615,16.141,23.564,10.441,15.501,18.869,31.78,21.442,10.399,21.716,10.16,9.282,10.922,10.399,21.42,10.491,7.978,9.241,7.08,8.838,9.85,18.049,11.107,10.991,9.93,8.396,4.396,0.0,4.856,4.093,7.051,7.372,7.605,13.598,13.603,12.622,11.652,11.902,11.598,12.912,11.879,12.879,16.497,17.446,14.22,13.618,15.903,17.195,13.989,18.639,13.106,18.612,15.07,16.722,16.166,22.565,40.797,40.899,11.8,13.939,5.745,30.629,60.36,50.349,9.108,27.854,28.303,20.105,33.575,10.981,34.329
P037,12.522,13.253,13.202,12.504,12.772,12.434,13.116,12.975,12.822,13.695,13.65,13.738,16.488,17.033,16.023,16.535,16.442,14.519,16.66,15.893,16.442,15.163,13.317,15.018,15.466,27.76,15.701,16.631,16.703,14.402,15.203,16.457,14.935,11.659,12.304,11.743,12.367,10.764,11.463,12.254,11.991,12.083,11.789,12.008,12.401,12.106,11.981,11.784,13.947,14.032,11.635,11.72,12.074,12.169,12.188,12.208,12.27,12.908,13.054,12.149,12.109,12.859,13.817,13.309,13.449,14.636,13.381,13.822,13.024,13.292,14.496,13.206,12.92,14.481,12.824,14.154,13.566,14.603,13.968,13.601,13.385,13.83,12.671,12.971,13.394,12.507,12.514,13.066,13.601,12.88,13.44,11.709,11.381,10.671,12.353,11.293,11.097,11.594,12.371,12.419,10.287,8.472,9.236,8.721,10.8,9.653,9.649,12.377,11.483,11.874,12.088,12.403,10.013,11.681,316.929,11.789,12.301,202.078,14.93,32.232,13.956,13.706,13.615,47.469,13.601,13.555,13.538,13.747,14.812,14.551,19.138,14.741,14.725,14.87,13.896,15.549,14.965,15.233,16.352,14.505,14.952,16.412,16.125,16.149,16.628,14.836,18.442,18.082,19.4,12.628,17.632,17.527,19.925,18.065,18.082,16.298,18.928,17.571,17.44,17.901,17.533,17.623,17.913,13.832,12.862,14.637,14.286,11.977,12.779,19.837,17.265,17.115,20.641,27.037,14.823,19.546,21.473,35.254,24.046,14.444,24.32,13.566,11.886,14.967,14.444,25.92,14.535,10.583,11.845,9.684,12.311,12.454,21.522,13.711,13.595,12.534,11.869,7.87,4.856,0.0,6.698,10.525,10.845,11.078,17.072,17.076,16.095,15.125,15.376,15.071,16.386,16.261,16.352,19.971,20.919,17.693,17.091,19.376,20.668,17.463,22.112,16.579,21.217,17.674,19.326,18.77,25.17,44.271,44.372,15.274,11.916,3.495,34.102,63.834,53.823,12.581,30.459,30.908,22.709,37.049,13.585,37.803
P038,9.345,8.15,8.095,8.191,7.665,7.883,8.441,7.638,7.715,8.588,8.277,8.631,9.79,10.335,9.325,9.838,9.745,7.821,9.962,9.195,9.745,8.465,7.766,8.32,8.768,22.141,9.003,9.933,10.006,7.704,8.506,9.759,8.237,8.745,9.537,9.705,9.611,9.531,8.365,9.445,9.182,9.274,8.554,8.283,9.3,9.297,9.172,8.975,8.952,9.037,8.826,8.911,9.265,9.36,9.379,9.399,9.464,9.088,8.503,9.34,7.749,7.501,7.119,7.936,7.574,7.939,6.683,7.124,7.664,7.609,7.798,7.694,7.37,7.783,7.487,7.456,8.194,7.905,7.27,6.904,6.687,7.132,8.311,7.241,7.453,8.108,8.115,7.146,6.904,7.332,6.742,7.813,8.868,8.775,7.993,8.229,8.764,8.234,8.248,7.619,8.958,7.71,8.474,7.959,9.61,8.891,8.886,11.615,10.735,9.622,10.258,10.702,9.251,10.918,311.309,9.546,10.471,205.943,12.023,29.707,11.545,11.294,11.203,51.334,11.189,11.143,11.126,11.335,12.287,12.026,16.613,11.9,12.31,12.345,11.484,13.024,11.83,10.814,11.891,9.607,10.054,10.793,10.406,11.688,12.166,9.685,15.306,14.947,16.265,9.073,14.496,14.391,16.79,14.93,14.947,13.162,15.793,14.435,14.915,15.376,15.008,15.098,15.388,8.725,9.042,9.283,9.551,9.168,8.959,13.139,10.567,10.417,13.944,21.418,8.125,12.848,14.775,32.118,17.348,7.746,17.622,6.869,5.189,8.269,7.746,19.223,7.838,3.885,5.148,2.986,7.95,5.756,18.387,7.014,6.897,5.836,8.071,7.108,4.093,6.698,0.0,9.763,10.083,10.316,14.547,14.551,13.57,11.0,10.477,10.173,11.925,9.563,11.891,16.835,17.784,14.557,13.955,16.24,17.533,14.327,18.977,14.054,14.519,10.977,12.629,12.073,18.472,41.746,41.847,14.511,15.781,7.587,28.483,58.214,48.203,7.651,23.761,24.21,16.011,33.913,6.887,34.667
P039,4.112,5.538,5.101,5.462,5.545,4.868,4.931,5.409,5.495,5.002,5.339,5.045,7.135,7.433,6.67,6.935,6.843,5.645,7.06,6.293,6.843,5.81,5.681,5.665,6.113,18.959,6.348,7.031,7.104,5.827,5.851,6.857,5.582,4.093,3.504,2.943,3.567,3.16,3.859,4.029,3.581,3.674,4.223,4.442,3.992,3.696,3.571,3.673,5.761,5.846,3.846,3.737,3.664,3.76,3.779,3.798,3.86,4.722,4.869,3.739,4.505,5.293,6.458,5.511,5.927,5.763,6.223,5.684,5.458,5.769,6.278,5.684,5.354,6.262,5.258,5.922,5.512,6.466,5.831,5.519,6.227,6.116,5.067,5.405,5.828,4.902,4.91,5.5,5.519,5.314,6.082,4.104,3.776,3.683,4.748,3.689,3.493,3.99,4.766,4.853,4.068,2.253,3.017,2.502,3.196,3.434,2.547,1.853,2.672,3.075,2.575,2.685,2.183,1.962,308.127,3.4,3.47,209.729,6.129,23.431,5.155,4.905,4.814,55.121,4.8,4.753,4.737,4.946,6.011,5.75,10.337,5.94,5.924,6.069,5.095,6.748,6.164,6.431,7.551,5.704,6.151,7.611,7.324,7.348,7.827,6.035,9.641,9.281,10.599,4.218,8.831,8.726,11.124,9.264,9.281,7.497,10.127,8.77,8.639,9.1,8.732,8.822,9.112,5.138,4.676,5.836,5.485,3.807,4.593,10.237,7.665,7.515,11.041,18.236,5.586,11.059,14.258,26.452,16.831,6.225,17.105,6.067,7.198,6.83,6.225,16.32,6.398,8.991,7.683,9.4,4.707,13.539,12.721,8.451,8.026,6.57,4.265,3.51,7.011,10.484,9.722,0.0,0.32,0.553,8.271,8.275,7.294,6.324,6.575,6.27,7.585,6.661,7.551,11.169,12.118,8.892,8.29,10.575,11.867,8.662,13.311,7.778,22.302,18.759,20.411,19.855,26.255,35.47,35.571,11.181,19.567,11.373,25.301,55.032,45.022,5.015,31.544,31.992,23.794,28.248,14.67,29.002
P040,4.432,5.858,5.421,5.782,5.865,5.188,5.25,5.729,5.815,5.322,5.659,5.365,7.455,7.45,6.99,6.952,6.859,5.965,7.077,6.31,6.859,6.13,6.001,5.985,6.433,18.639,6.668,7.048,7.121,6.147,6.171,6.874,5.902,4.413,3.825,3.263,3.887,3.48,4.179,4.349,3.901,3.994,4.543,4.762,4.312,4.016,3.892,3.993,6.081,6.166,4.166,4.057,3.984,4.08,4.099,4.118,4.18,5.042,5.189,4.059,4.825,5.613,6.778,5.831,6.247,6.082,6.543,6.005,5.778,6.089,6.598,6.004,5.674,6.582,5.578,6.242,5.832,6.786,6.151,5.839,6.547,6.436,5.387,5.725,6.148,5.223,5.23,5.82,5.839,5.634,6.402,4.424,4.097,4.003,5.068,4.009,3.813,4.31,5.086,5.173,4.388,2.573,3.337,2.822,3.516,3.754,2.867,1.532,2.992,3.394,2.895,3.005,2.503,2.283,307.808,3.72,3.791,210.049,5.809,23.111,4.835,4.585,4.494,55.441,4.479,4.434,4.417,4.626,5.691,5.43,10.017,5.62,5.604,5.748,4.774,6.428,5.844,6.111,7.231,5.384,5.831,7.291,7.004,7.028,7.507,5.715,9.321,8.961,10.279,4.538,8.511,8.405,10.804,8.944,8.961,7.177,9.807,8.45,8.319,8.78,8.412,8.502,8.792,5.458,4.997,5.516,5.165,4.127,4.913,10.254,7.681,7.532,11.058,17.916,5.906,11.379,14.578,26.132,17.151,6.545,17.425,6.388,7.518,7.15,6.545,16.337,6.718,9.311,8.003,9.72,5.027,13.859,12.401,8.771,8.346,6.89,4.585,3.83,7.331,10.804,10.042,0.32,0.0,0.233,7.951,7.955,6.974,6.004,6.255,5.95,7.265,6.523,7.231,10.849,11.798,8.572,7.97,10.255,11.547,8.342,12.991,7.458,22.622,19.079,20.731,20.175,26.575,35.15,35.251,11.501,19.887,11.693,24.981,54.712,44.701,5.335,31.864,32.312,24.114,27.928,14.99,28.681
P041,4.665,6.091,5.654,6.015,6.099,5.421,5.484,5.962,6.048,5.555,5.892,5.598,7.647,7.217,7.182,6.719,6.626,6.198,6.844,6.077,6.626,6.343,6.234,6.218,6.625,18.406,6.86,6.814,6.887,6.38,6.363,6.641,6.135,4.646,4.058,3.497,4.121,3.713,4.412,4.582,4.134,4.227,4.776,4.995,4.545,4.249,4.125,4.226,6.315,6.399,4.399,4.29,4.217,4.313,4.332,4.351,4.413,5.275,5.422,4.293,5.058,5.846,7.011,6.064,6.48,6.316,6.776,6.238,6.011,6.322,6.831,6.237,5.907,6.815,5.811,6.475,6.065,7.019,6.384,6.072,6.78,6.669,5.62,5.958,6.381,5.456,5.463,6.053,6.072,5.867,6.635,4.657,4.33,4.236,5.302,4.242,4.046,4.543,5.319,5.406,4.622,2.806,3.57,3.055,3.749,3.987,3.101,1.299,3.225,3.628,3.128,3.238,2.736,2.516,307.574,3.953,4.024,210.282,5.575,22.878,4.602,4.352,4.261,55.674,4.246,4.2,4.184,4.393,5.458,5.197,9.784,5.387,5.371,5.515,4.541,6.195,5.611,5.878,6.998,5.151,5.598,7.058,6.771,6.795,7.273,5.481,9.088,8.728,10.046,4.771,8.277,8.172,10.571,8.711,8.728,6.944,9.574,8.216,8.086,8.547,8.179,8.269,8.559,5.692,5.23,5.283,4.932,4.36,5.146,10.021,7.448,7.299,10.825,17.683,6.139,11.571,14.771,25.899,17.343,6.778,17.617,6.621,7.751,7.383,6.778,16.104,6.951,9.544,8.236,9.954,5.26,14.092,12.168,9.005,8.579,7.123,4.818,4.064,7.564,11.037,10.275,0.553,0.233,0.0,7.718,7.722,6.741,5.771,6.021,5.717,7.032,6.29,6.998,10.616,11.565,8.339,7.737,10.022,11.314,8.109,12.758,7.225,22.855,19.312,20.964,20.408,26.808,34.917,35.018,11.734,20.12,11.926,24.748,54.479,44.468,5.569,32.097,32.546,24.347,27.695,15.223,28.448
P042,6.607,6.639,6.202,6.562,6.646,7.011,6.558,7.92,6.596,6.102,6.086,6.145,7.41,6.98,6.945,6.482,6.389,6.781,6.607,5.839,6.389,6.519,6.987,6.535,6.388,15.847,6.623,6.577,6.65,6.963,6.125,6.404,6.452,6.708,6.12,5.559,6.183,6.692,7.556,6.644,6.196,6.289,6.838,7.411,6.561,6.311,6.187,6.288,7.096,7.181,6.461,6.352,6.279,6.375,6.394,6.413,6.475,6.349,6.496,6.354,7.64,7.783,8.508,6.258,7.411,6.899,8.273,7.734,7.501,7.254,7.414,7.168,7.652,7.398,7.769,7.562,6.258,8.161,7.88,8.009,8.276,8.521,8.202,7.125,7.547,7.999,8.006,7.22,8.009,7.034,8.131,7.704,7.474,7.381,7.121,7.386,7.191,7.829,7.375,7.128,7.565,8.607,7.888,8.358,6.894,8.065,7.43,6.593,5.987,5.69,5.83,6.275,7.292,6.872,305.016,6.015,5.054,216.179,3.017,16.061,3.447,3.44,3.456,61.72,3.471,3.517,3.59,3.399,2.416,2.521,3.99,2.631,2.922,2.202,3.176,1.523,3.053,4.427,4.439,4.484,4.544,4.499,4.212,4.237,4.715,5.09,4.349,3.989,5.307,6.335,3.539,3.434,5.832,3.972,3.989,2.658,4.835,3.478,1.269,1.73,1.362,1.452,1.742,6.239,6.303,4.892,4.703,6.423,6.22,9.783,7.211,7.061,10.588,15.124,6.722,11.333,14.533,21.16,17.106,7.361,17.38,8.257,9.247,8.337,7.361,15.867,8.093,11.04,9.732,11.45,7.842,15.588,7.429,10.501,10.075,8.62,7.962,10.11,13.61,17.083,14.436,8.24,7.945,7.712,0.0,0.004,0.977,3.213,3.94,3.936,4.473,5.197,4.439,5.878,3.094,3.6,1.64,5.283,6.575,3.37,3.782,0.493,24.351,20.809,22.46,21.905,28.304,28.1,28.201,17.78,26.166,17.972,22.189,51.921,41.91,7.16,33.593,34.042,25.843,22.956,16.719,23.71
P043,6.611,6.643,6.206,6.567,6.65,7.015,6.562,7.924,6.6,6.107,6.09,6.149,7.414,6.984,6.949,6.486,6.393,6.785,6.611,5.843,6.393,6.523,6.991,6.539,6.392,15.851,6.627,6.581,6.654,6.967,6.13,6.408,6.456,6.712,6.124,5.563,6.187,6.696,7.561,6.648,6.2,6.293,6.842,7.415,6.565,6.315,6.191,6.292,7.1,7.185,6.465,6.356,6.283,6.379,6.398,6.417,6.479,6.353,6.5,6.359,7.644,7.787,8.512,6.262,7.416,6.903,8.277,7.738,7.506,7.258,7.418,7.173,7.657,7.402,7.773,7.566,6.263,8.165,7.884,8.013,8.28,8.525,8.206,7.129,7.551,8.003,8.01,7.224,8.013,7.038,8.135,7.708,7.478,7.385,7.125,7.391,7.195,7.833,7.38,7.132,7.569,8.611,7.892,8.362,6.898,8.069,7.434,6.598,5.991,5.694,5.835,6.279,7.296,6.876,305.02,6.019,5.059,216.175,3.021,16.056,3.451,3.444,3.46,61.724,3.475,3.521,3.594,3.403,2.42,2.525,3.986,2.635,2.926,2.207,3.18,1.527,3.057,4.432,4.444,4.488,4.548,4.504,4.216,4.241,4.719,5.094,4.353,3.993,5.311,6.339,3.543,3.438,5.837,3.977,3.993,2.662,4.839,3.482,1.265,1.726,1.358,1.448,1.738,6.243,6.308,4.896,4.707,6.427,6.224,9.787,7.215,7.066,10.592,15.129,6.726,11.337,14.537,21.165,17.11,7.365,17.384,8.261,9.252,8.341,7.365,15.871,8.098,11.045,9.736,11.454,7.846,15.592,7.434,10.505,10.079,8.624,7.966,10.114,13.614,17.087,14.44,8.244,7.949,7.716,0.004,0.0,0.981,3.217,3.944,3.94,4.477,5.201,4.444,5.882,3.09,3.604,1.644,5.287,6.579,3.374,3.778,0.497,24.355,20.813,22.465,21.909,28.308,28.096,28.197,17.784,26.171,17.977,22.194,51.925,41.914,7.164,33.597,34.046,25.847,22.96,16.724,23.714
P044,5.63,5.662,5.225,5.586,5.67,6.035,5.581,6.943,5.619,5.126,5.109,5.169,6.433,6.003,5.968,5.505,5.412,5.804,5.63,4.862,5.412,5.542,6.01,5.559,5.411,14.871,5.646,5.6,5.673,5.986,5.149,5.427,5.475,5.731,5.143,4.582,5.206,5.715,6.58,5.667,5.219,5.312,5.861,6.434,5.585,5.335,5.21,5.311,6.119,6.204,5.484,5.375,5.302,5.398,5.417,5.437,5.498,5.372,5.519,5.378,6.664,6.806,7.531,5.281,6.435,5.922,7.296,6.757,6.525,6.277,6.437,6.192,6.676,6.421,6.792,6.585,5.282,7.185,6.904,7.032,7.3,7.544,7.225,6.148,6.571,7.022,7.029,6.243,7.032,6.057,7.154,6.728,6.497,6.404,6.144,6.41,6.214,6.852,6.399,6.151,6.588,7.63,6.911,7.381,5.917,7.088,6.454,5.617,5.01,4.713,4.854,5.298,6.315,5.896,304.039,5.039,4.078,217.156,2.04,17.037,2.47,2.463,2.479,60.743,2.494,2.54,2.613,2.422,1.44,1.544,4.398,1.654,1.946,1.226,2.199,0.546,2.076,3.451,3.463,3.507,3.567,3.523,3.236,3.26,3.738,4.113,3.781,3.421,4.74,5.358,2.971,2.866,5.265,3.405,3.421,2.09,4.268,2.91,2.246,2.707,2.339,2.429,2.719,5.263,5.327,3.915,3.727,5.446,5.243,8.806,6.234,6.085,9.611,14.148,5.745,10.357,13.556,20.593,16.129,6.385,16.403,7.281,8.271,7.36,6.385,14.89,7.117,10.064,8.755,10.473,6.865,14.611,6.862,9.524,9.098,7.643,6.985,9.133,12.633,16.107,13.46,7.263,6.968,6.735,0.977,0.981,0.0,2.236,2.963,2.959,3.496,4.22,3.463,5.31,6.259,3.033,1.072,4.715,6.008,2.802,4.759,0.484,23.374,19.832,21.484,20.928,27.327,29.076,29.178,16.803,25.19,16.996,21.213,50.944,40.933,6.184,32.616,33.065,24.866,22.388,15.743,23.142
P045,3.76,3.54,3.103,3.463,3.547,3.912,3.486,3.897,3.497,3.003,2.986,3.046,4.157,3.726,3.692,3.229,3.136,3.22,3.353,2.586,3.136,2.852,3.426,2.974,3.134,13.901,3.369,3.324,3.397,3.401,2.872,3.15,2.891,4.774,4.173,3.612,4.236,4.745,4.861,4.002,4.176,4.033,4.582,4.311,3.715,4.011,4.135,4.341,3.996,4.081,4.855,4.405,4.259,3.947,3.928,3.909,3.879,3.502,3.548,3.967,4.541,3.781,4.946,3.159,3.575,3.337,4.711,4.173,3.664,3.417,3.852,3.332,3.842,3.837,3.746,3.57,3.159,4.6,4.319,4.007,4.715,4.96,5.103,4.025,4.448,4.9,4.907,4.121,4.007,3.934,4.57,4.605,5.528,5.434,4.022,5.021,5.244,4.73,4.276,4.029,5.618,6.66,5.941,6.411,4.947,6.118,5.484,4.647,4.04,3.743,3.884,4.328,5.345,4.926,303.069,4.069,3.108,218.491,1.07,18.372,1.5,1.493,1.509,59.773,1.524,1.57,1.643,1.452,0.953,0.692,5.279,0.882,0.976,1.01,1.229,1.69,1.106,1.779,2.493,1.385,1.445,2.553,2.266,2.29,2.768,1.991,4.582,4.223,5.541,3.489,3.772,3.667,6.066,4.206,4.223,2.438,5.069,3.711,3.581,4.042,3.674,3.764,4.054,3.14,3.457,1.792,1.604,4.476,3.374,6.53,3.958,3.808,7.335,13.178,3.16,8.08,11.28,21.394,13.853,3.8,14.127,4.696,5.686,4.775,3.8,12.614,4.532,7.479,6.171,7.889,4.743,12.027,7.663,6.94,6.514,5.058,4.863,8.163,11.663,15.137,10.875,6.293,5.998,5.765,3.213,3.217,2.236,0.0,0.841,0.836,2.526,3.25,2.493,6.111,7.06,3.834,3.232,5.517,6.809,3.603,8.253,2.72,20.79,17.248,18.899,18.343,24.743,30.412,30.513,15.833,24.22,16.026,20.243,49.974,39.963,4.061,30.032,30.481,22.282,23.19,13.158,23.943
P046,3.238,3.018,2.58,2.941,3.025,3.389,2.964,3.374,2.974,2.481,2.464,2.524,3.634,3.204,3.169,2.706,2.613,2.697,2.831,2.063,2.613,2.33,2.903,2.452,2.612,13.336,2.847,2.801,2.874,2.879,2.35,2.628,2.368,4.252,4.073,3.895,4.146,5.037,4.338,3.479,3.654,3.511,4.06,3.789,3.192,3.488,3.613,3.809,3.474,3.559,4.332,3.874,3.737,3.425,3.406,3.386,3.357,2.98,3.026,3.445,4.019,3.258,4.424,2.636,3.052,2.815,4.189,3.65,3.142,2.894,3.33,2.809,3.32,3.314,3.224,3.047,2.637,4.078,3.797,3.484,4.193,4.437,4.58,3.503,3.926,4.377,4.385,3.598,3.484,3.412,4.047,4.083,5.697,5.044,3.499,4.498,4.737,4.207,3.754,3.506,5.228,6.943,6.224,6.694,5.116,5.728,5.767,4.93,4.324,4.026,4.167,4.612,5.628,5.209,302.504,4.352,3.391,236.076,1.798,19.1,1.46,1.373,1.311,60.056,1.325,1.371,1.444,1.413,1.681,1.419,6.006,1.609,1.703,1.738,1.4,2.417,1.834,1.257,3.22,0.862,0.922,1.988,1.7,3.018,3.496,1.468,5.31,4.95,6.268,2.966,4.5,4.395,6.794,4.934,4.95,3.166,5.796,4.439,4.308,4.769,4.401,4.491,4.781,2.618,2.935,1.27,1.082,3.944,2.852,6.008,3.435,3.286,6.812,12.613,2.638,7.558,10.758,22.122,13.33,3.278,13.604,4.174,5.164,4.253,3.278,12.091,4.01,6.957,5.649,7.366,4.22,11.505,8.39,6.417,5.992,4.536,4.34,8.446,11.946,15.42,10.352,6.577,6.281,6.048,3.94,3.944,2.963,0.841,0.0,0.381,3.254,1.644,3.22,6.839,7.787,4.561,3.959,6.244,7.536,4.331,8.981,3.447,20.267,16.725,18.377,17.821,24.22,31.139,31.24,16.116,24.503,16.309,19.678,49.409,39.398,3.538,29.509,29.958,21.759,23.917,12.636,24.671
P047,2.933,2.713,2.276,2.636,2.72,3.085,2.659,3.07,2.67,2.176,2.159,2.219,3.33,2.899,2.865,2.402,2.309,2.393,2.526,1.759,2.309,2.025,2.599,2.147,2.307,13.031,2.542,2.497,2.57,2.575,2.045,2.323,2.064,3.947,3.768,3.591,3.842,4.732,4.034,3.175,3.349,3.206,3.755,3.485,2.888,3.184,3.308,3.505,3.169,3.254,4.028,3.569,3.432,3.12,3.101,3.082,3.052,2.675,2.721,3.14,3.714,2.954,4.119,2.332,2.748,2.51,3.884,3.346,2.837,2.59,3.025,2.505,3.015,3.01,2.919,2.743,2.332,3.773,3.492,3.18,3.888,4.133,4.276,3.198,3.621,4.073,4.08,3.294,3.18,3.107,3.743,3.778,5.392,4.74,3.195,4.194,4.433,3.903,3.449,3.202,4.923,6.639,5.92,6.39,4.811,5.423,5.462,4.625,4.019,3.722,3.862,4.307,5.324,4.904,302.2,4.047,3.086,235.771,1.793,19.095,2.223,2.216,2.232,59.752,2.247,2.369,2.353,2.175,1.676,1.415,6.002,1.605,1.699,1.733,1.952,2.413,1.829,0.952,2.781,0.557,0.618,1.683,1.396,2.578,3.057,1.164,5.306,4.946,6.264,2.662,4.495,4.39,6.789,4.929,4.946,3.162,5.792,4.434,4.304,4.765,4.397,4.487,4.777,2.313,2.63,0.965,0.777,3.639,2.547,5.703,3.131,2.981,6.508,12.308,2.333,7.253,10.453,22.117,13.026,2.973,13.3,3.869,4.859,3.948,2.973,11.787,3.705,6.652,5.344,7.062,3.916,11.2,8.386,6.113,5.687,4.231,4.036,8.141,11.642,15.115,10.048,6.272,5.977,5.744,3.936,3.94,2.959,0.836,0.381,0.0,2.815,1.34,2.781,6.834,7.783,4.557,3.955,6.24,7.532,4.327,8.976,3.443,19.963,16.421,18.072,17.517,23.916,31.135,31.236,15.812,24.198,16.004,19.373,49.104,39.093,3.234,29.205,29.654,21.455,23.913,12.331,24.666
P048,5.047,4.826,4.389,4.75,4.833,5.543,4.772,5.297,4.783,4.289,4.273,4.332,4.787,4.357,4.322,3.859,3.767,4.159,3.984,3.217,3.767,3.897,4.364,3.913,3.765,13.225,4.0,3.955,4.028,4.34,3.503,3.781,3.829,6.405,5.434,4.872,5.497,6.006,6.492,5.288,5.462,5.319,6.213,5.942,5.001,5.297,5.421,5.602,5.283,5.367,6.486,5.666,5.545,5.233,5.214,5.195,5.165,4.789,4.834,5.253,6.172,5.161,5.885,4.535,4.789,4.276,5.65,5.112,4.879,4.631,4.791,4.546,5.03,4.776,5.146,4.94,4.446,5.539,5.258,5.387,5.654,5.898,6.734,5.656,6.079,6.531,6.538,5.752,5.387,5.565,5.509,6.236,6.788,6.695,5.653,6.652,6.891,6.361,5.907,5.66,6.878,7.921,7.202,7.672,6.207,7.378,6.744,5.907,5.301,5.004,5.144,5.589,6.606,6.186,302.394,5.329,4.368,235.965,1.949,19.633,2.761,2.754,2.77,61.034,2.784,2.83,2.904,2.713,2.214,1.952,6.539,1.826,2.236,2.271,2.489,2.95,1.756,1.805,1.772,2.535,2.639,1.877,1.59,1.57,2.048,3.142,5.232,4.873,6.191,4.775,4.422,4.317,6.716,4.856,4.873,3.088,5.719,4.361,4.841,5.302,4.934,5.024,5.314,4.426,4.743,2.943,2.755,5.736,4.66,7.161,4.588,4.439,7.965,12.502,4.099,8.711,11.911,22.044,14.483,4.739,14.758,5.635,6.625,5.714,4.739,13.244,5.471,8.418,7.11,8.827,6.373,12.966,8.313,7.879,7.453,5.997,6.494,9.423,12.924,16.397,11.814,7.554,7.259,7.026,4.473,4.477,3.496,2.526,3.254,2.759,0.0,2.575,1.772,6.761,7.71,4.484,3.882,6.167,7.459,4.253,8.903,3.98,21.729,18.186,19.838,19.282,25.681,31.672,31.773,17.094,25.48,17.286,19.567,49.298,39.287,5.692,30.971,31.419,23.221,23.84,14.097,24.593
P049,2.732,2.512,2.075,2.435,2.519,3.228,2.458,2.983,2.469,1.975,1.958,2.018,2.473,2.043,2.008,1.545,1.452,1.844,1.67,0.902,1.452,1.582,2.05,1.599,1.451,12.806,1.686,1.64,1.713,2.026,1.189,1.467,1.515,4.09,3.567,3.899,3.641,4.876,4.177,2.973,3.148,3.005,3.899,3.628,2.687,2.982,3.107,3.304,2.968,3.053,4.171,4.257,3.231,2.919,2.9,2.88,2.851,2.474,2.52,2.939,3.858,2.846,3.571,2.22,2.475,1.962,3.336,2.797,2.565,2.317,2.477,2.232,2.716,2.461,2.832,2.625,2.131,3.224,2.943,3.072,3.34,3.584,4.419,3.342,3.765,4.216,4.223,3.437,3.072,3.251,3.194,3.922,5.536,4.883,3.338,4.337,4.577,4.046,3.593,3.345,5.067,7.148,6.429,6.899,4.955,5.567,5.971,5.239,4.328,3.652,4.171,4.616,5.833,5.213,301.974,3.576,3.7,235.546,2.688,20.372,3.499,3.493,3.509,60.834,3.523,3.569,3.642,3.451,2.952,2.691,7.278,2.565,2.975,3.009,3.228,3.689,2.495,1.479,2.556,1.447,1.222,1.458,1.071,2.353,2.831,1.526,5.971,5.611,6.929,2.46,5.161,5.056,7.455,5.595,5.611,3.827,6.457,5.1,5.58,6.041,5.673,5.763,6.053,2.112,2.429,1.04,1.391,3.438,2.346,4.846,2.274,2.125,5.651,12.083,1.785,6.396,9.596,22.783,12.169,2.425,12.443,3.321,4.311,3.4,2.425,10.93,3.157,6.104,4.795,6.513,4.059,10.651,9.052,5.564,5.138,3.683,4.179,8.651,12.151,16.197,9.499,6.581,6.901,6.358,5.212,5.216,4.235,3.265,1.646,1.341,2.589,0.0,2.556,7.5,8.448,5.222,4.62,6.905,8.197,4.992,9.642,4.719,19.414,15.872,17.524,16.968,23.367,32.411,32.512,16.321,25.28,17.086,19.148,48.879,38.868,3.377,28.656,29.105,20.906,24.578,11.783,25.332
P050,5.013,4.792,4.355,4.716,4.8,5.509,4.739,5.263,4.749,4.256,4.239,4.299,4.754,4.324,4.289,3.826,3.733,4.125,3.95,3.183,3.733,3.863,4.331,3.879,3.732,13.191,3.966,3.921,3.994,4.307,3.469,3.748,3.796,6.371,5.4,4.839,5.463,5.972,6.458,5.254,5.429,5.285,6.179,5.909,4.967,5.263,5.388,5.568,5.249,5.334,6.452,5.632,5.512,5.199,5.181,5.161,5.132,4.755,4.801,5.22,6.138,5.127,5.851,4.501,4.755,4.242,5.616,5.078,4.845,4.598,4.758,4.512,4.996,4.742,5.113,4.906,4.412,5.505,5.224,5.353,5.62,5.865,6.7,5.622,6.045,6.497,6.504,5.718,5.353,5.532,5.475,6.202,6.754,6.661,5.619,6.618,6.857,6.327,5.873,5.626,6.845,7.887,7.168,7.638,6.174,7.345,6.71,5.874,5.267,4.97,5.111,5.555,6.572,6.152,302.36,5.295,4.335,235.931,1.915,19.599,2.727,2.72,2.736,61.0,2.751,2.797,2.87,2.679,2.18,1.919,6.505,1.792,2.202,2.237,2.456,2.916,1.722,1.771,0.0,2.502,2.606,1.843,1.556,0.203,0.276,3.108,5.199,4.839,6.157,4.741,4.388,4.284,6.682,4.822,4.839,3.055,5.685,4.328,4.808,5.268,4.901,4.991,5.281,4.393,4.71,2.91,2.721,5.703,4.626,7.127,4.555,4.405,7.932,12.468,4.066,8.677,11.877,22.01,14.45,4.705,14.724,5.601,6.591,5.681,4.705,13.211,5.437,8.384,7.076,8.794,6.34,12.932,8.279,7.845,7.419,5.963,6.46,9.39,12.89,16.363,11.78,7.52,7.225,6.992,4.439,4.444,3.463,2.493,3.22,2.725,1.772,2.541,0.0,6.727,7.676,4.45,3.848,6.133,7.425,4.22,8.869,3.947,21.695,18.153,19.804,19.249,25.648,31.638,31.739,17.06,25.447,17.253,19.533,49.265,39.254,5.658,30.937,31.386,23.187,23.806,14.063,24.559
P051,10.008,9.787,9.35,9.711,9.794,10.504,9.734,10.258,9.744,9.251,9.234,9.294,9.749,9.319,9.284,8.821,8.728,9.12,8.945,8.178,8.728,8.858,9.326,8.874,8.726,18.186,8.961,8.916,8.989,9.302,8.464,8.742,8.791,9.657,9.069,8.508,9.132,9.641,11.453,10.249,9.145,9.238,11.174,10.904,9.962,9.261,9.136,9.237,10.244,10.329,9.411,9.301,9.228,9.324,9.343,9.363,10.127,9.75,9.796,9.304,11.133,10.122,10.846,9.496,9.75,9.237,10.611,10.073,9.84,9.593,9.752,9.507,9.991,9.737,10.108,9.901,9.407,10.5,10.219,10.348,10.615,10.86,11.695,10.617,11.04,11.492,11.499,10.713,10.348,10.527,10.47,11.197,10.424,10.33,10.614,10.336,10.14,11.322,10.868,10.621,10.514,11.556,10.837,11.307,9.843,11.014,10.38,9.543,8.936,8.639,8.78,9.224,10.241,9.821,307.355,8.965,8.004,218.744,5.585,18.626,6.396,6.389,6.405,64.669,6.42,6.466,6.539,6.348,5.849,5.588,10.174,5.461,5.872,5.906,6.125,6.585,5.091,6.766,6.778,7.497,7.601,6.838,6.551,6.576,7.054,8.103,1.579,2.412,1.631,9.736,2.39,2.495,0.216,2.052,2.412,3.778,1.042,2.772,7.197,6.216,7.29,7.38,6.356,9.387,9.705,7.904,7.716,9.372,9.621,12.122,9.55,9.4,12.927,17.463,9.06,13.672,16.872,15.544,19.445,9.7,19.719,10.596,11.586,10.675,9.7,18.206,10.432,13.379,12.071,13.789,11.335,17.927,1.813,12.84,12.414,10.958,11.455,13.059,16.559,20.032,16.775,11.19,10.894,10.661,5.928,5.933,5.361,6.162,6.889,6.885,6.812,7.536,6.778,0.0,3.15,2.644,4.119,1.607,0.959,2.654,4.343,5.436,26.69,23.148,24.799,24.244,30.643,30.665,30.766,20.729,29.116,20.922,24.528,54.26,44.249,10.653,35.932,36.381,28.182,17.34,19.058,18.093
P052,10.861,10.64,10.203,10.564,10.648,11.357,10.587,11.111,10.597,10.104,10.087,10.147,10.602,10.172,10.137,9.674,9.581,9.973,9.799,9.031,9.581,9.711,10.179,9.727,9.58,19.039,9.815,9.769,9.842,10.155,9.317,9.596,9.644,10.51,9.922,9.361,9.985,10.494,12.306,11.102,9.998,10.091,12.028,11.757,10.816,10.114,9.989,10.091,11.097,11.182,10.264,10.155,10.082,10.177,10.196,10.216,10.98,10.603,10.649,10.157,11.986,10.975,11.7,10.349,10.603,10.091,11.465,10.926,10.693,10.446,10.606,10.36,10.844,10.59,10.961,10.754,10.26,11.353,11.072,11.201,11.468,11.713,12.548,11.471,11.893,12.345,12.352,11.566,11.201,11.38,11.323,12.05,11.277,11.183,11.467,11.189,10.993,12.175,11.722,11.474,11.367,12.409,11.69,12.16,10.696,11.867,11.233,10.396,9.79,9.492,9.633,10.078,11.094,10.675,308.208,9.818,8.857,215.594,6.438,15.475,7.249,7.242,7.258,65.522,7.273,7.319,7.392,7.202,6.702,6.441,7.124,6.315,6.725,6.759,6.978,7.439,5.944,7.619,7.631,8.35,8.454,7.691,7.404,7.429,7.907,8.956,2.433,3.265,2.484,10.589,3.243,3.348,3.163,2.905,3.265,4.632,2.166,3.626,3.677,3.066,3.434,3.441,3.206,10.241,10.558,8.758,8.569,10.225,10.475,12.975,10.403,10.253,13.78,18.317,9.914,14.525,17.725,18.491,20.298,10.553,20.572,11.449,12.439,11.529,10.553,19.059,11.285,14.232,12.924,14.642,12.188,18.78,4.76,13.693,13.267,11.812,12.308,13.912,17.412,20.886,17.628,12.043,11.747,11.514,3.094,3.09,6.214,7.015,7.743,7.738,7.665,8.389,7.631,3.208,0.0,3.498,4.972,2.082,3.906,3.507,1.193,6.289,27.543,24.001,25.652,25.097,31.496,27.515,27.616,21.582,29.969,21.775,25.381,55.113,45.102,11.506,36.785,37.234,29.035,20.287,19.911,21.04
P053,7.679,7.459,7.022,7.382,7.466,8.176,7.405,7.93,7.416,6.922,6.906,6.965,7.42,6.99,6.955,6.492,6.399,6.792,6.617,5.85,6.399,6.53,6.997,6.546,6.398,15.858,6.633,6.588,6.66,6.973,6.136,6.414,6.462,7.329,6.741,6.18,6.804,7.313,9.124,7.921,6.817,6.91,8.846,8.575,7.634,6.932,6.808,6.909,7.915,8.0,7.082,6.973,6.9,6.996,7.015,7.034,7.798,7.422,7.467,6.976,8.805,7.794,8.518,7.168,7.422,6.909,8.283,7.745,7.512,7.264,7.424,7.179,7.663,7.409,7.779,7.573,7.079,8.172,7.891,8.02,8.287,8.531,9.367,8.289,8.712,9.164,9.171,8.384,8.02,8.198,8.142,8.869,8.095,8.002,8.286,8.008,7.812,8.993,8.54,8.293,8.186,9.228,8.509,8.979,7.514,8.686,8.051,7.215,6.608,6.311,6.452,6.896,7.913,7.493,305.026,6.636,5.675,219.137,3.256,19.018,4.068,4.061,4.077,62.341,4.092,4.138,4.211,4.02,3.521,3.26,7.846,3.133,3.543,3.578,3.797,4.257,2.763,4.438,4.45,5.168,5.272,4.51,4.223,4.247,4.726,5.775,1.065,0.389,2.023,7.408,0.255,0.166,2.549,0.689,0.389,1.45,1.551,0.444,4.869,5.33,4.962,5.052,5.342,7.059,7.376,5.576,5.388,7.043,7.293,9.794,7.221,7.072,10.598,15.135,6.732,11.344,14.544,17.877,17.116,7.372,17.39,8.268,9.258,8.347,7.372,15.877,8.104,11.051,9.743,11.46,9.007,15.599,4.146,10.512,10.086,8.63,9.127,10.73,14.231,17.704,14.447,8.861,8.566,8.333,3.6,3.604,3.033,3.834,4.561,4.557,4.484,5.208,4.45,2.594,3.542,0.0,1.791,1.999,3.291,0.326,4.736,3.107,24.361,20.819,22.471,21.915,28.314,31.057,31.158,18.401,26.788,18.593,22.2,51.931,41.92,8.325,33.604,34.052,25.854,19.672,16.73,20.426
P054,7.077,6.857,6.42,6.78,6.864,7.574,6.803,7.328,6.814,6.32,6.304,6.363,6.818,6.388,6.353,5.89,5.798,6.189,6.015,5.248,5.798,5.928,6.395,5.944,5.796,15.256,6.031,5.986,6.059,6.371,5.534,5.812,5.86,6.727,6.139,5.578,6.202,6.711,8.523,7.319,6.215,6.308,8.244,7.973,7.032,6.33,6.206,6.307,7.314,7.398,6.48,6.371,6.298,6.394,6.413,6.432,7.197,6.82,6.865,6.373,8.203,7.192,7.916,6.566,6.82,6.307,7.681,7.143,6.91,6.662,6.822,6.577,7.061,6.806,7.177,6.971,6.476,7.57,7.289,7.418,7.685,7.929,8.765,7.687,8.11,8.562,8.569,7.782,7.418,7.596,7.54,8.267,7.493,7.4,7.684,7.405,7.21,8.391,7.938,7.691,7.584,8.626,7.907,8.377,6.912,8.084,7.449,6.612,6.006,5.709,5.849,6.294,7.311,6.891,304.424,6.034,5.073,217.917,2.654,17.798,3.466,3.459,3.475,61.739,3.49,3.536,3.609,3.418,2.919,2.658,5.728,2.531,2.941,2.976,3.195,1.716,2.161,3.836,3.848,4.566,4.67,3.908,3.621,3.645,4.123,5.173,2.539,2.18,3.498,6.806,1.729,1.624,4.023,2.163,2.18,0.848,3.026,1.668,3.006,3.467,3.099,3.189,3.479,6.457,6.774,4.974,4.786,6.441,6.691,9.192,6.62,6.47,9.996,14.533,6.13,10.742,13.942,19.351,16.514,6.77,16.788,7.666,8.656,7.745,6.77,15.275,7.502,10.449,9.141,10.858,8.405,14.997,5.62,9.909,9.484,8.028,8.525,10.129,13.629,17.102,13.845,8.259,7.964,7.731,1.737,1.742,1.17,3.232,3.959,3.955,3.882,4.606,3.848,4.068,5.017,1.791,0.0,3.474,4.766,1.56,6.21,1.244,23.759,20.217,21.869,21.313,27.712,29.837,29.938,17.799,26.185,17.991,21.598,51.329,41.318,7.723,33.002,33.45,25.252,21.146,16.128,21.9
P055,9.318,9.097,8.66,9.021,9.104,9.814,9.044,9.568,9.054,8.561,8.544,8.604,9.059,8.628,8.594,8.131,8.038,8.43,8.255,7.488,8.038,8.168,8.636,8.184,8.036,17.496,8.271,8.226,8.299,8.611,7.774,8.052,8.101,8.967,8.379,7.818,8.442,8.951,10.763,9.559,8.455,8.548,10.484,10.214,9.272,8.57,8.446,8.547,9.554,9.639,8.72,8.611,8.538,8.634,8.653,8.672,9.437,9.06,9.106,8.614,10.443,9.432,10.156,8.806,9.06,8.547,9.921,9.383,9.15,8.903,9.062,8.817,9.301,9.047,9.418,9.211,8.717,9.81,9.529,9.658,9.925,10.169,11.005,9.927,10.35,10.802,10.809,10.023,9.658,9.836,9.78,10.507,9.733,9.64,9.924,9.646,9.45,10.632,10.178,9.931,9.824,10.866,10.147,10.617,9.153,10.324,9.689,8.853,8.246,7.949,8.09,8.534,9.551,9.131,306.665,8.275,7.314,217.473,4.894,17.354,5.706,5.699,5.715,63.979,5.73,5.776,5.849,5.658,5.159,4.898,9.484,4.771,5.181,5.216,5.435,5.895,4.401,6.076,6.088,6.807,6.911,6.148,5.861,5.886,6.364,7.413,0.889,1.722,0.941,9.046,1.7,1.805,1.62,1.362,1.722,3.088,0.623,2.082,6.507,4.945,6.6,6.69,5.085,8.697,9.015,7.215,7.026,8.682,8.931,11.432,8.86,8.71,12.236,16.773,8.37,12.982,16.182,16.948,18.755,9.01,19.029,9.906,10.896,9.985,9.01,17.515,9.742,12.689,11.381,13.099,10.645,17.237,3.217,12.15,11.724,10.268,10.765,12.369,15.869,19.343,16.085,10.499,10.204,9.971,5.238,5.242,4.671,5.472,6.199,6.195,6.122,6.846,6.088,1.665,1.879,1.954,3.429,0.0,2.363,1.964,3.072,4.745,26.0,22.458,24.109,23.553,29.953,29.393,29.495,20.039,28.426,20.232,23.838,53.569,43.559,9.963,35.242,35.691,27.492,18.744,18.368,19.497
P056,10.706,10.485,10.048,10.408,10.492,11.202,10.431,10.956,10.442,9.948,9.932,9.991,10.446,10.016,9.981,9.518,9.425,9.817,9.643,8.876,9.425,9.556,10.023,9.572,9.424,18.884,9.659,9.614,9.687,9.999,9.162,9.44,9.488,10.355,9.767,9.206,9.83,10.339,12.15,10.947,9.843,9.936,11.872,11.601,10.66,9.958,9.834,9.935,10.941,11.026,10.108,9.999,9.926,10.022,10.041,10.06,10.824,10.448,10.493,10.001,11.831,10.82,11.544,10.193,10.448,9.935,11.309,10.771,10.538,10.29,10.45,10.205,10.689,10.434,10.805,10.598,10.104,11.198,10.917,11.046,11.313,11.557,12.393,11.315,11.738,12.19,12.197,11.41,11.046,11.224,11.168,11.895,11.121,11.028,11.312,11.033,10.838,12.019,11.566,11.319,11.212,12.254,11.535,12.005,10.54,11.712,11.077,10.24,9.634,9.337,9.477,9.922,10.939,10.519,308.052,9.662,8.701,219.442,6.282,19.323,7.094,7.087,7.103,65.367,7.117,7.163,7.237,7.046,6.547,6.285,10.872,6.159,6.569,6.604,6.822,7.283,5.789,7.464,7.476,8.194,8.298,7.536,7.249,7.273,7.751,8.801,2.277,3.109,2.329,10.434,3.087,3.192,0.743,2.75,3.109,4.476,1.74,3.47,7.895,6.914,7.988,8.078,7.054,10.085,10.402,8.602,8.414,10.069,10.319,12.82,10.247,10.098,13.624,18.161,9.758,14.37,17.57,15.903,20.142,10.398,20.416,11.294,12.284,11.373,10.398,18.903,11.13,14.077,12.769,14.486,12.032,18.625,2.172,13.537,13.112,11.656,12.152,13.756,17.257,20.73,17.473,11.887,11.592,11.359,6.626,6.63,6.058,6.86,7.587,7.583,7.51,8.233,7.476,0.959,3.848,3.342,4.816,2.305,0.0,3.352,5.041,6.133,27.387,23.845,25.497,24.941,31.34,31.363,31.464,21.427,29.813,21.619,25.226,54.957,44.946,11.351,36.63,37.078,28.88,17.699,19.756,18.453
P057,7.449,7.229,6.792,7.152,7.236,7.946,7.175,7.7,7.186,6.692,6.676,6.735,7.19,6.76,6.725,6.262,6.169,6.561,6.387,5.62,6.169,6.299,6.767,6.316,6.168,15.628,6.403,6.357,6.43,6.743,5.906,6.184,6.232,7.099,6.511,5.949,6.574,7.083,8.894,7.691,6.587,6.68,8.616,8.345,7.404,6.702,6.578,6.679,7.685,7.77,6.852,6.743,6.67,6.766,6.785,6.804,7.568,7.191,7.237,6.745,8.575,7.564,8.288,6.937,7.192,6.679,8.053,7.514,7.282,7.034,7.194,6.949,7.433,7.178,7.549,7.343,6.848,7.942,7.661,7.79,8.057,8.301,9.137,8.059,8.482,8.934,8.941,8.154,7.79,7.968,7.911,8.639,7.865,7.772,8.056,7.777,7.582,8.763,8.31,8.063,7.955,8.998,8.279,8.749,7.284,8.456,7.821,6.984,6.378,6.081,6.221,6.666,7.683,7.263,304.796,6.406,5.445,219.146,3.026,19.027,3.838,3.831,3.847,62.111,3.861,3.908,3.981,3.79,3.291,3.03,7.616,2.903,3.313,3.348,3.567,4.027,2.533,4.208,4.22,4.938,5.042,4.28,3.993,4.017,4.495,5.545,1.075,0.715,2.033,7.178,0.264,0.159,2.558,0.698,0.715,1.22,1.561,0.214,4.639,5.1,4.732,4.822,5.112,6.829,7.146,5.346,5.158,6.813,7.063,9.564,6.991,6.842,10.368,14.905,6.502,11.114,14.314,17.886,16.886,7.142,17.16,8.038,9.028,8.117,7.142,15.647,7.874,10.821,9.513,11.23,8.776,15.369,4.155,10.281,9.856,8.4,8.896,10.5,14.001,17.474,14.217,8.631,8.336,8.103,3.37,3.374,2.802,3.603,4.331,4.327,4.253,4.978,4.22,2.603,3.552,0.326,1.56,2.009,3.301,0.0,4.745,2.877,24.131,20.589,22.241,21.685,28.084,31.067,31.168,18.171,26.557,18.363,21.97,51.701,41.69,8.095,33.373,33.822,25.624,19.682,16.5,20.435
P058,12.054,11.834,11.396,11.757,11.841,12.55,11.78,12.305,11.79,11.297,11.28,11.34,11.795,11.365,11.33,10.867,10.774,11.166,10.992,10.224,10.774,10.904,11.372,10.921,10.773,20.233,11.008,10.962,11.035,11.348,10.511,10.789,10.837,11.704,11.115,10.554,11.178,11.687,13.499,12.295,11.192,11.284,13.221,12.95,12.009,11.307,11.182,11.284,12.29,12.375,11.457,11.348,11.275,11.37,11.389,11.409,12.173,11.796,11.842,11.35,13.18,12.168,12.893,11.542,11.797,11.284,12.658,12.119,11.887,11.639,11.799,11.554,12.037,11.783,12.154,11.947,11.453,12.546,12.265,12.394,12.661,12.906,13.741,12.664,13.086,13.538,13.546,12.759,12.394,12.573,12.516,13.244,12.47,12.377,12.66,12.382,12.186,13.368,12.915,12.667,12.56,13.602,12.883,13.353,11.889,13.06,12.426,11.589,10.983,10.685,10.826,11.271,12.287,11.868,309.401,11.011,10.05,214.581,7.631,14.462,8.442,8.436,8.452,66.716,8.466,8.512,8.585,8.395,7.895,7.634,6.11,7.508,7.918,7.952,8.171,8.632,7.137,8.813,8.825,9.543,9.647,8.885,8.598,8.622,9.1,10.149,3.626,4.458,3.678,11.782,4.436,4.541,4.356,4.098,4.458,5.825,3.359,4.819,2.663,2.052,2.42,2.427,2.192,11.434,11.751,9.951,9.762,11.418,11.668,14.168,11.596,11.447,14.973,19.51,11.107,15.718,18.918,19.684,21.491,11.746,21.765,12.643,13.633,12.722,11.746,20.252,12.479,15.426,14.117,15.835,13.381,19.973,5.953,14.886,14.46,13.005,13.501,15.105,18.605,22.079,18.821,13.236,12.941,12.707,3.782,3.778,4.759,8.208,8.936,8.931,8.858,9.582,8.825,4.402,1.193,4.691,6.165,3.275,5.099,4.7,0.0,4.275,28.736,25.194,26.846,26.29,32.689,26.501,26.602,19.082,31.162,22.968,26.575,56.306,46.295,12.7,37.978,38.427,30.228,21.48,21.105,22.234
P059,6.114,6.146,5.709,6.07,6.153,6.518,6.065,7.427,6.103,5.61,5.593,5.652,6.917,6.487,6.452,5.989,5.896,6.288,6.114,5.346,5.896,6.026,6.494,6.042,5.895,15.354,6.13,6.084,6.157,6.47,5.633,5.911,5.959,6.215,5.627,5.066,5.69,6.199,7.064,6.151,5.703,5.796,6.345,6.918,6.068,5.818,5.694,5.795,6.603,6.688,5.968,5.859,5.786,5.882,5.901,5.92,5.982,5.856,6.003,5.862,7.147,7.29,8.015,5.765,6.919,6.406,7.78,7.241,7.009,6.761,6.921,6.676,7.16,6.905,7.276,7.069,5.766,7.668,7.387,7.516,7.783,8.028,7.709,6.632,7.054,7.506,7.513,6.727,7.516,6.541,7.638,7.212,6.981,6.888,6.628,6.894,6.698,7.336,6.883,6.635,7.072,8.114,7.395,7.865,6.401,7.572,6.937,6.101,5.494,5.197,5.338,5.782,6.799,6.379,304.523,5.522,4.561,216.672,2.524,16.553,2.954,2.947,2.963,61.227,2.978,3.024,3.097,2.906,1.923,2.028,4.483,2.138,2.429,1.71,2.683,1.03,2.56,3.935,3.947,3.991,4.051,4.007,3.719,3.744,4.222,4.597,3.856,3.496,4.814,5.842,3.046,2.941,5.34,3.479,3.496,2.165,4.342,2.985,1.762,2.223,1.855,1.945,2.235,5.746,5.811,4.399,4.21,5.93,5.727,9.29,6.718,6.569,10.095,14.632,6.229,10.84,14.04,20.668,16.613,6.868,16.887,7.764,8.755,7.844,6.868,15.374,7.601,10.548,9.239,10.957,7.349,15.095,6.936,10.008,9.582,8.127,7.469,9.617,13.117,16.59,13.943,7.747,7.452,7.219,0.493,0.497,0.484,2.72,3.447,3.443,3.98,4.704,3.947,5.385,6.333,3.107,1.147,4.79,6.082,2.877,4.275,0.0,23.858,20.316,21.968,21.412,27.811,28.593,28.694,17.287,25.674,17.479,21.697,51.428,41.417,6.667,33.1,33.549,25.35,22.463,16.227,23.217
P060,19.26,18.065,18.01,18.106,17.58,17.798,18.356,17.552,17.63,18.503,18.192,18.546,19.705,20.25,19.24,19.752,19.66,17.736,19.877,19.11,19.66,18.38,17.68,18.235,18.683,32.056,18.918,19.848,19.921,17.619,18.421,19.674,18.152,18.66,19.451,19.62,19.525,19.446,18.28,19.36,19.096,19.189,18.468,18.198,19.215,19.212,19.087,18.89,18.866,18.951,18.741,18.826,19.18,19.275,19.294,19.314,19.379,19.002,18.418,19.255,17.664,17.416,17.034,17.851,17.489,17.853,16.598,17.039,17.579,17.523,17.713,17.609,17.285,17.698,17.402,17.371,18.108,17.82,17.185,16.819,16.602,17.047,18.226,17.156,17.368,18.023,18.03,17.06,16.819,17.247,16.657,17.728,18.783,18.689,17.908,18.143,18.679,18.149,18.162,17.534,18.873,21.718,20.999,21.469,19.524,19.373,20.541,23.148,20.65,19.537,20.172,20.617,20.402,21.214,296.353,19.461,20.386,217.495,21.938,39.621,21.459,21.209,21.118,65.853,21.104,21.058,21.041,21.25,22.202,21.941,26.528,21.815,22.225,22.259,21.399,22.939,21.745,20.729,21.806,19.522,19.968,20.708,20.32,21.603,22.081,19.6,25.221,24.861,26.179,18.988,24.411,24.306,26.705,24.845,24.861,23.077,25.707,24.35,24.83,25.291,24.923,25.013,25.303,18.64,18.957,19.198,19.465,19.083,18.874,23.054,20.482,20.332,23.858,31.333,18.04,22.763,24.69,42.033,27.263,17.661,27.537,16.783,15.104,18.184,17.661,29.137,17.752,13.8,15.062,12.901,17.865,8.763,28.302,16.928,16.812,15.751,17.985,21.627,18.612,21.217,14.519,22.582,22.902,23.135,24.462,24.466,23.485,20.915,20.392,20.088,21.839,19.478,21.806,26.75,27.698,24.472,23.87,26.155,27.447,24.242,28.892,23.969,0.0,3.858,3.689,3.583,4.287,51.661,51.762,29.03,30.3,22.106,38.398,34.267,40.296,17.566,9.576,10.025,1.826,43.828,8.178,44.582
P061,15.718,14.523,14.468,14.564,14.038,14.256,14.814,14.01,14.088,14.961,14.65,15.004,16.163,16.708,15.698,16.21,16.117,14.194,16.335,15.568,16.117,14.838,14.138,14.693,15.141,28.514,15.376,16.305,16.378,14.077,14.878,16.132,14.61,15.118,15.909,16.078,15.983,15.903,14.738,15.818,15.554,15.647,14.926,14.655,15.673,15.669,15.545,15.348,15.324,15.409,15.199,15.284,15.637,15.733,15.752,15.771,15.837,15.46,14.876,15.713,14.122,13.874,13.492,14.308,13.947,14.311,13.056,13.497,14.037,13.981,14.171,14.067,13.743,14.155,13.86,13.829,14.566,14.278,13.643,13.276,13.059,13.505,14.683,13.614,13.825,14.48,14.488,13.518,13.276,13.705,13.115,14.186,15.241,15.147,14.366,14.601,15.137,14.607,14.62,13.992,15.331,18.176,17.456,17.927,15.982,15.831,16.999,19.606,17.108,15.995,16.63,17.075,16.86,17.672,299.876,15.919,16.844,221.019,18.395,36.079,17.917,17.667,17.576,62.311,17.561,17.515,17.499,17.708,18.66,18.399,22.985,18.272,18.683,18.717,17.857,19.396,18.203,17.187,18.264,15.98,16.426,17.166,16.778,18.061,18.539,16.058,21.679,21.319,22.637,15.446,20.869,20.764,23.163,21.302,21.319,19.535,22.165,20.808,21.288,21.749,21.381,21.471,21.761,15.098,15.415,15.656,15.923,15.541,15.332,19.512,16.939,16.79,20.316,27.791,14.498,19.221,21.148,38.491,23.721,14.119,23.995,13.241,11.561,14.642,14.119,25.595,14.21,10.258,11.52,9.359,14.323,5.221,24.759,13.386,13.27,12.209,14.443,18.084,15.07,17.674,10.977,19.04,19.36,19.593,20.92,20.924,19.943,17.372,16.85,16.546,18.297,15.936,18.264,23.208,24.156,20.93,20.328,22.613,23.905,20.7,25.349,20.427,3.858,0.0,1.967,1.128,7.811,48.118,48.22,25.488,26.758,18.564,34.856,37.79,43.819,14.024,13.1,13.549,5.35,40.286,4.636,41.04
P062,17.37,16.174,16.12,16.215,15.689,15.908,16.466,15.662,15.74,16.613,16.302,16.655,17.814,18.36,17.35,17.862,17.769,15.845,17.987,17.219,17.769,16.49,15.79,16.345,16.792,30.165,17.027,17.957,18.03,15.729,16.53,17.784,16.261,16.77,17.561,17.729,17.635,17.555,16.389,17.47,17.206,17.299,16.578,16.307,17.324,17.321,17.197,17.0,16.976,17.061,16.851,16.936,17.289,17.385,17.404,17.423,17.489,17.112,16.528,17.364,15.773,15.525,15.143,15.96,15.598,15.963,14.708,15.149,15.688,15.633,15.823,15.718,15.395,15.807,15.511,15.48,16.218,15.93,15.295,14.928,14.711,15.156,16.335,15.265,15.477,16.132,16.139,15.17,14.928,15.356,14.767,15.837,16.892,16.799,16.017,16.253,16.789,16.258,16.272,15.644,16.983,19.827,19.108,19.578,17.634,17.483,18.651,21.258,18.76,17.646,18.282,18.726,18.512,19.323,299.708,17.57,18.495,220.851,20.047,37.731,19.569,19.319,19.228,63.963,19.213,19.167,19.151,19.36,20.312,20.051,24.637,19.924,20.334,20.369,19.508,21.048,19.854,18.839,19.915,17.632,18.078,18.817,18.43,19.712,20.191,17.71,23.331,22.971,24.289,17.098,22.52,22.415,24.814,22.954,22.971,21.187,23.817,22.459,22.939,23.4,23.032,23.122,23.413,16.749,17.067,17.307,17.575,17.192,16.983,21.163,18.591,18.441,21.968,29.442,16.149,20.873,22.8,40.142,25.373,15.771,25.647,14.893,13.213,16.294,15.771,27.247,15.862,11.909,13.172,11.011,15.975,6.872,26.411,15.038,14.921,13.861,16.095,19.736,16.722,19.326,12.629,20.692,21.012,21.245,22.571,22.576,21.595,19.024,18.502,18.197,19.949,17.587,19.915,24.859,25.808,22.582,21.98,24.265,25.557,22.352,27.001,22.078,3.689,1.967,0.0,0.72,7.642,49.77,49.871,27.14,28.41,20.215,36.507,37.622,43.651,15.676,12.932,13.38,5.182,41.938,6.287,42.691
P063,16.814,15.618,15.564,15.66,15.133,15.352,15.91,15.106,15.184,16.057,15.746,16.1,17.259,17.804,16.794,17.306,17.213,15.29,17.431,16.663,17.213,15.934,15.234,15.789,16.237,29.609,16.471,17.401,17.474,15.173,15.974,17.228,15.705,16.214,17.005,17.173,17.079,16.999,15.834,16.914,16.65,16.743,16.022,15.751,16.769,16.765,16.641,16.444,16.42,16.505,16.295,16.38,16.733,16.829,16.848,16.867,16.933,16.556,15.972,16.809,15.217,14.97,14.587,15.404,15.043,15.407,14.152,14.593,15.133,15.077,15.267,15.162,14.839,15.251,14.955,14.924,15.662,15.374,14.739,14.372,14.155,14.601,15.779,14.71,14.921,15.576,15.583,14.614,14.372,14.8,14.211,15.282,16.337,16.243,15.462,15.697,16.233,15.702,15.716,15.088,16.427,19.271,18.552,19.022,17.078,16.927,18.095,20.702,18.204,17.091,17.726,18.171,17.956,18.768,299.601,17.015,17.94,220.744,19.491,37.175,19.013,18.763,18.672,63.407,18.657,18.611,18.595,18.804,19.756,19.495,24.081,19.368,19.778,19.813,18.952,20.492,19.298,18.283,19.359,17.076,17.522,18.262,17.874,19.157,19.635,17.154,22.775,22.415,23.733,16.542,21.965,21.86,24.258,22.398,22.415,20.631,23.261,21.904,22.384,22.845,22.477,22.567,22.857,16.194,16.511,16.752,17.019,16.637,16.427,20.608,18.035,17.886,21.412,28.887,15.594,20.317,22.244,39.587,24.817,15.215,25.091,14.337,12.657,15.738,15.215,26.691,15.306,11.353,12.616,10.455,15.419,6.316,25.855,14.482,14.366,13.305,15.539,19.18,16.166,18.77,12.073,20.136,20.456,20.689,22.015,22.02,21.039,18.468,17.946,17.641,19.393,17.032,19.359,24.303,25.252,22.026,21.424,23.709,25.001,21.796,26.445,21.523,3.583,1.128,0.72,0.0,7.536,49.214,49.316,26.584,27.854,19.66,35.952,37.516,43.545,15.12,12.825,13.274,5.075,41.382,5.731,42.136
P064,23.213,22.018,21.963,22.059,21.533,21.751,22.309,21.505,21.583,22.456,22.145,22.499,23.658,24.203,23.193,23.705,23.613,21.689,23.83,23.063,23.613,22.333,21.634,22.188,22.636,36.009,22.871,23.801,23.874,21.572,22.373,23.627,22.105,22.613,23.404,23.573,23.478,23.399,22.233,23.313,23.049,23.142,22.421,22.151,23.168,23.165,23.04,22.843,22.82,22.904,22.694,22.779,23.133,23.228,23.247,23.267,23.332,22.955,22.371,23.208,21.617,21.369,20.987,21.804,21.442,21.806,20.551,20.992,21.532,21.476,21.666,21.562,21.238,21.651,21.355,21.324,22.061,21.773,21.138,20.771,20.555,21.0,22.178,21.109,21.321,21.976,21.983,21.014,20.771,21.2,20.61,21.681,22.736,22.642,21.861,22.096,22.632,22.102,22.115,21.487,22.826,25.671,24.952,25.422,23.477,23.326,24.494,27.102,24.603,23.49,24.125,24.57,24.356,25.167,298.562,23.414,24.339,219.704,25.891,43.575,25.413,25.162,25.071,69.806,25.057,25.011,24.994,25.203,26.155,25.894,30.481,25.768,26.178,26.212,25.352,26.892,25.698,24.682,25.759,23.475,23.922,24.661,24.273,25.556,26.034,23.553,29.174,28.814,30.132,22.941,28.364,28.259,30.658,28.798,28.814,27.03,29.66,28.303,28.783,29.244,28.876,28.966,29.256,22.593,22.91,23.151,23.419,23.036,22.827,27.007,24.434,24.285,27.811,35.286,21.993,26.716,28.643,45.986,31.216,21.614,31.49,20.736,19.057,22.137,21.614,33.09,21.705,17.753,19.015,16.854,21.818,12.716,32.255,20.881,20.765,19.704,21.938,25.58,22.565,25.17,18.472,26.535,26.855,27.088,28.415,28.419,27.438,24.868,24.345,24.041,25.792,23.431,25.759,30.703,31.651,28.425,27.823,30.108,31.4,28.195,32.845,27.922,4.287,7.811,7.642,7.536,0.0,55.614,55.715,32.983,34.253,26.059,42.351,36.476,42.505,21.519,11.785,12.234,3.734,47.781,12.131,48.535
P065,33.731,33.764,33.327,33.687,33.771,34.136,33.682,35.044,33.721,33.227,33.21,33.27,34.535,34.104,34.069,33.606,33.514,33.906,33.731,32.964,33.514,33.644,34.111,33.66,33.512,42.972,33.747,33.702,33.775,34.087,33.25,33.528,33.577,33.832,33.244,32.683,33.307,33.816,34.681,33.769,33.321,33.413,33.963,34.535,33.686,33.436,33.311,33.413,34.22,34.305,33.586,33.477,33.404,33.499,33.519,33.538,33.6,33.473,33.62,33.479,34.765,34.908,35.632,33.383,34.536,34.023,35.397,34.859,34.626,34.379,34.538,34.293,34.777,34.523,34.894,34.687,33.383,35.286,35.005,35.134,35.401,35.645,35.327,34.249,34.672,35.124,35.131,34.344,35.134,34.158,35.256,34.829,34.599,34.506,34.246,34.511,34.315,34.953,34.5,34.253,34.689,35.731,35.012,35.482,34.018,35.189,34.555,33.718,33.112,32.814,32.955,33.4,34.416,33.997,332.14,33.14,32.179,188.08,30.142,17.85,30.571,30.564,30.581,88.844,30.595,30.641,30.714,30.524,29.541,29.645,30.354,29.755,30.047,29.327,30.3,29.549,30.177,31.552,31.564,31.608,31.669,31.624,31.337,31.361,31.84,32.215,30.006,30.838,30.057,33.459,30.816,30.921,30.736,30.478,30.838,32.205,29.739,31.198,26.907,26.948,26.663,26.573,26.788,33.364,33.428,32.016,31.828,33.547,33.345,36.908,34.336,34.186,37.712,42.249,33.846,38.458,41.658,46.064,44.23,34.486,44.505,35.382,36.372,35.461,34.486,42.991,35.218,38.165,36.857,38.575,34.966,42.713,32.333,37.626,37.2,35.744,35.087,37.234,40.734,44.208,41.561,35.365,35.07,34.836,28.026,28.021,29.002,30.337,31.065,31.06,31.598,32.322,31.564,30.781,27.573,31.071,29.665,29.655,31.479,31.08,26.559,28.518,51.476,47.933,49.585,49.029,55.429,0.0,0.101,24.41,53.291,45.097,49.314,79.045,69.034,34.285,60.718,61.166,52.968,47.86,43.844,48.614
P066,33.832,33.865,33.428,33.788,33.872,34.237,33.783,35.145,33.822,33.328,33.312,33.371,34.636,34.205,34.171,33.708,33.615,34.007,33.832,33.065,33.615,33.745,34.213,33.761,33.613,43.073,33.848,33.803,33.876,34.188,33.351,33.629,33.678,33.934,33.345,32.784,33.408,33.917,34.782,33.87,33.422,33.515,34.064,34.636,33.787,33.537,33.413,33.514,34.321,34.406,33.687,33.578,33.505,33.601,33.62,33.639,33.701,33.574,33.721,33.58,34.866,35.009,35.733,33.484,34.637,34.124,35.498,34.96,34.727,34.48,34.639,34.394,34.878,34.624,34.995,34.788,33.484,35.387,35.106,35.235,35.502,35.746,35.428,34.35,34.773,35.225,35.232,34.446,35.235,34.259,35.357,34.93,34.7,34.607,34.347,34.612,34.416,35.054,34.601,34.354,34.79,35.833,35.113,35.584,34.119,35.29,34.656,33.819,33.213,32.915,33.056,33.501,34.517,34.098,332.242,33.241,32.28,187.978,30.243,17.951,30.672,30.666,30.682,88.946,30.696,30.742,30.815,30.625,29.642,29.746,30.455,29.856,30.148,29.428,30.401,29.65,30.278,31.653,31.665,31.709,31.77,31.725,31.438,31.462,31.941,32.316,30.107,30.939,30.159,33.56,30.917,31.022,30.837,30.579,30.939,32.306,29.84,31.3,27.008,27.049,26.765,26.674,26.89,33.465,33.529,32.117,31.929,33.648,33.446,37.009,34.437,34.287,37.813,42.35,33.947,38.559,41.759,46.165,44.332,34.587,44.606,35.483,36.473,35.562,34.587,43.093,35.319,38.266,36.958,38.676,35.068,42.814,32.434,37.727,37.301,35.845,35.188,37.335,40.836,44.309,41.662,35.466,35.171,34.938,28.127,28.122,29.103,30.438,31.166,31.161,31.699,32.423,31.665,30.883,27.674,31.172,29.766,29.756,31.58,31.181,26.66,28.619,51.577,48.035,49.686,49.13,55.53,0.101,0.0,24.511,53.392,45.198,49.415,79.146,69.135,34.386,60.819,61.268,53.069,47.961,43.945,48.715
P067,13.246,13.977,13.926,13.228,13.496,13.158,13.84,13.699,13.546,14.419,14.374,14.462,16.303,16.73,15.838,16.233,16.14,14.334,16.357,15.59,16.14,14.979,14.041,14.833,15.281,28.484,15.516,16.328,16.401,14.217,15.019,16.154,14.75,12.383,13.028,12.467,13.091,11.488,12.187,12.978,12.714,12.807,12.513,12.732,13.125,12.83,12.705,12.508,14.671,14.756,12.359,12.444,12.798,12.893,12.912,12.932,12.993,13.632,13.778,12.873,12.833,13.583,14.748,14.033,14.173,14.452,14.513,13.975,13.748,14.016,14.649,13.93,13.644,14.633,13.548,14.168,14.29,14.756,14.121,13.809,14.517,14.406,13.395,13.695,14.118,13.231,13.238,13.79,13.809,13.604,14.371,12.433,12.105,11.395,13.077,12.017,11.821,12.318,13.095,13.143,11.011,9.196,9.96,9.445,11.524,10.377,10.373,13.101,12.207,12.598,12.812,13.127,10.737,12.405,317.653,12.513,13.025,212.49,15.654,12.371,14.68,14.43,14.339,59.938,14.325,14.279,14.262,14.471,15.537,15.275,19.862,15.465,15.449,15.594,14.62,16.273,15.689,15.957,17.076,15.229,15.676,17.136,16.849,16.873,17.352,15.56,19.166,18.806,20.124,13.352,18.356,18.251,20.649,18.789,18.806,17.022,19.652,18.295,18.164,18.625,18.257,18.347,18.637,14.556,13.586,15.361,15.01,12.701,13.503,19.534,16.962,16.812,20.338,27.761,14.638,19.699,24.166,35.977,26.739,14.597,27.013,14.357,15.488,15.12,14.597,25.617,14.688,17.281,15.973,17.69,13.035,20.295,22.246,16.741,16.316,14.86,12.593,8.594,11.827,15.301,14.539,11.249,11.569,11.802,17.796,17.8,16.819,15.849,16.1,15.795,17.11,16.076,17.076,20.695,21.643,18.417,17.815,20.1,21.392,18.187,19.141,17.303,29.058,25.515,27.167,26.611,33.011,24.41,24.511,0.0,24.384,16.19,34.826,64.558,54.547,13.305,38.3,38.749,30.55,37.773,21.426,38.527
P068,21.605,22.336,22.285,21.588,21.855,21.517,22.2,22.058,21.905,22.778,22.733,22.821,25.571,26.116,25.106,25.619,25.526,23.602,25.743,24.976,25.526,24.247,22.4,24.101,24.549,36.843,24.784,25.714,25.787,23.485,24.287,25.54,24.018,20.742,21.387,20.826,21.45,19.848,20.546,21.337,21.074,21.166,20.872,21.091,21.485,21.189,21.064,20.868,23.03,23.115,20.718,20.803,21.157,21.253,21.271,21.291,21.353,21.991,22.138,21.232,21.193,21.942,22.9,22.392,22.532,23.72,22.464,22.905,22.107,22.375,23.58,22.29,22.003,23.564,21.907,23.237,22.649,23.686,23.051,22.685,22.468,22.913,21.754,22.054,22.477,21.59,21.597,22.149,22.685,21.963,22.523,20.792,20.464,19.754,21.436,20.376,20.181,20.677,21.454,21.502,19.371,17.555,18.32,17.804,19.884,18.736,18.732,21.461,20.566,20.957,21.171,21.486,19.096,20.764,326.012,20.872,21.385,190.162,24.013,41.315,23.04,22.789,22.698,35.553,22.684,22.638,22.621,22.83,23.896,23.635,28.221,23.824,23.808,23.953,22.979,24.632,24.049,24.316,25.435,23.589,24.035,25.495,25.208,25.233,25.711,23.919,27.525,27.165,28.483,21.711,26.715,26.61,29.009,27.149,27.165,25.381,28.011,26.654,26.523,26.984,26.616,26.706,26.996,22.915,21.945,23.721,23.369,21.06,21.862,28.92,26.348,26.198,29.724,36.12,23.906,28.629,30.556,44.337,33.129,23.527,33.403,22.65,20.97,24.05,23.527,35.004,23.619,19.666,20.929,18.767,21.394,21.537,30.605,22.795,22.678,21.617,20.953,16.953,13.939,11.916,15.781,19.608,19.928,20.161,26.155,26.159,25.178,24.209,24.459,24.154,25.469,25.344,25.435,29.054,30.003,26.776,26.174,28.459,29.751,26.546,31.196,25.662,30.3,26.758,28.41,27.854,34.253,53.354,53.455,24.357,0.0,12.805,43.185,72.917,62.906,21.665,39.542,39.991,31.792,46.132,22.668,46.886
P069,13.411,14.142,14.091,13.393,13.661,13.323,14.005,13.864,13.711,14.584,14.539,14.627,17.377,17.922,16.912,17.424,17.332,15.408,17.549,16.782,17.332,16.052,14.206,15.907,16.355,28.649,16.59,17.52,17.593,15.291,16.093,17.346,15.824,12.548,13.193,12.632,13.256,11.653,12.352,13.143,12.88,12.972,12.678,12.897,13.29,12.995,12.87,12.673,14.836,14.921,12.524,12.609,12.963,13.058,13.077,13.097,13.159,13.797,13.944,13.038,12.998,13.748,14.706,14.198,14.338,15.525,14.27,14.711,13.913,14.181,15.385,14.095,13.809,15.37,13.713,15.043,14.455,15.492,14.857,14.491,14.274,14.719,13.56,13.86,14.283,13.396,13.403,13.955,14.491,13.769,14.329,12.598,12.27,11.56,13.242,12.182,11.986,12.483,13.26,13.308,11.177,9.361,10.125,9.61,11.689,10.542,10.538,13.267,12.372,12.763,12.977,13.292,10.902,12.57,317.818,12.678,13.191,202.967,15.819,33.121,14.845,14.595,14.504,48.358,14.49,14.444,14.427,14.636,15.702,15.44,20.027,15.63,15.614,15.759,14.785,16.438,15.854,16.122,17.241,15.395,15.841,17.301,17.014,17.039,17.517,15.725,19.331,18.971,20.289,13.517,18.521,18.416,20.814,18.954,18.971,17.187,19.817,18.46,18.329,18.79,18.422,18.512,18.802,14.721,13.751,15.526,15.175,12.866,13.668,20.726,18.154,18.004,21.53,27.926,15.712,20.435,22.362,36.142,24.935,15.333,25.209,14.455,12.776,15.856,15.333,26.809,15.425,11.472,12.735,10.573,13.2,13.343,22.411,14.601,14.484,13.423,12.758,8.759,5.745,3.495,7.587,11.414,11.734,11.967,17.961,17.965,16.984,16.014,16.265,15.96,17.275,17.15,17.241,20.86,21.808,18.582,17.98,20.265,21.557,18.352,23.002,17.468,22.106,18.564,20.215,19.66,26.059,45.16,45.261,16.163,12.805,0.0,34.991,64.722,54.712,13.47,31.348,31.797,23.598,37.938,14.474,38.692
P070,36.828,36.608,36.17,36.531,36.615,37.324,36.554,37.078,36.564,36.071,36.054,36.114,31.028,30.638,36.104,30.707,30.614,35.94,30.628,34.998,30.614,35.678,36.146,35.694,35.547,22.666,35.782,35.736,30.586,36.122,35.284,30.629,35.611,38.186,37.663,37.718,37.736,38.972,38.273,37.069,37.244,37.101,37.995,37.724,36.782,37.078,37.203,37.4,37.064,37.149,38.267,38.352,37.327,37.015,36.996,36.976,36.947,36.57,36.616,37.035,37.953,36.942,37.666,36.316,36.57,36.057,37.431,36.893,36.66,36.413,36.573,36.327,36.811,36.557,36.928,36.721,36.227,37.32,37.039,37.168,37.435,37.68,38.515,37.438,37.86,38.312,38.319,37.533,37.168,37.347,37.29,38.017,39.631,38.979,37.434,38.433,38.672,38.142,37.688,37.441,39.163,40.767,40.047,40.517,39.051,39.663,39.59,38.753,38.147,37.849,37.99,38.435,39.451,39.032,282.826,38.175,37.214,216.398,34.795,52.479,35.606,35.6,35.616,93.88,35.63,35.676,35.749,35.559,35.059,34.798,39.385,34.672,35.082,35.117,35.335,35.796,34.602,33.586,34.663,34.317,34.421,32.877,33.371,34.46,34.938,34.923,38.078,37.718,39.037,36.556,37.268,37.163,39.562,37.702,37.718,35.934,38.565,37.207,37.687,38.148,37.78,37.87,38.16,36.208,36.525,34.725,34.536,37.534,36.441,27.186,30.337,30.188,28.444,22.666,35.881,30.515,35.084,48.135,37.656,36.52,37.93,37.416,38.406,37.496,36.52,32.078,37.252,40.2,38.891,40.609,38.155,44.747,41.159,39.66,39.234,37.779,38.275,42.269,45.77,49.243,43.595,40.4,40.105,39.871,37.319,37.323,36.342,35.372,34.844,34.54,34.697,34.356,34.663,39.607,40.556,37.33,36.727,39.013,40.305,37.099,41.749,36.826,35.446,38.969,38.801,38.695,37.655,64.518,64.619,49.94,58.326,50.132,0.0,29.731,23.3,37.473,26.101,26.063,35.194,48.154,45.878,45.741
P071,51.358,51.138,50.701,51.061,51.145,51.855,51.084,51.609,51.095,50.601,50.584,50.644,45.559,45.168,50.634,45.237,45.145,50.47,45.158,49.529,45.145,50.209,50.676,50.225,50.077,37.196,50.312,50.267,45.117,50.652,49.815,45.159,50.141,52.717,52.193,52.249,52.267,53.502,52.803,51.599,51.774,51.631,52.525,52.254,51.313,51.609,51.733,51.93,51.594,51.679,52.798,52.883,51.857,51.545,51.526,51.507,51.477,51.101,51.146,51.565,52.484,51.473,52.197,50.846,51.101,50.588,51.962,51.423,51.191,50.943,51.103,50.858,51.342,51.087,51.458,51.252,50.757,51.851,51.57,51.699,51.966,52.21,53.046,51.968,52.391,52.843,52.85,52.063,51.699,51.877,51.821,52.548,54.162,53.51,51.965,52.964,53.203,52.672,52.219,51.972,53.693,55.297,54.578,55.048,53.581,54.193,54.12,53.284,52.677,52.38,52.521,52.965,53.982,53.562,261.06,52.706,51.745,208.852,49.325,67.009,50.137,50.13,50.146,108.41,50.161,50.207,50.28,50.089,49.59,49.329,53.915,49.202,49.612,49.647,49.866,50.326,49.132,48.117,49.193,48.847,48.951,47.407,47.902,48.991,49.469,49.454,52.609,52.249,53.567,51.087,51.799,51.694,54.092,52.232,52.249,50.465,53.095,51.738,52.218,52.678,52.311,52.401,52.691,50.738,51.055,49.255,49.067,52.065,50.972,41.716,44.868,44.718,42.974,37.196,50.411,45.045,49.614,62.721,52.187,51.051,52.461,51.947,52.937,52.026,51.051,46.609,51.783,54.73,53.422,55.139,52.685,59.278,55.689,54.191,53.765,52.309,52.806,56.8,60.3,63.773,58.126,54.93,54.635,54.402,51.849,51.854,50.873,49.903,49.375,49.07,49.227,48.886,49.193,54.138,55.086,51.86,51.258,53.543,54.835,51.63,56.279,51.357,34.267,37.79,37.622,37.516,36.476,79.048,79.15,64.47,72.857,64.662,39.061,0.0,32.391,52.004,24.922,24.884,34.015,62.74,42.11,60.327
P072,41.244,41.023,40.586,40.947,41.03,41.74,40.97,41.494,40.98,40.487,40.47,40.529,35.444,35.054,40.52,35.123,35.03,40.356,35.044,39.414,35.03,40.094,40.562,40.11,39.962,27.081,40.197,40.152,35.002,40.538,39.7,35.044,40.027,42.602,42.078,42.134,42.152,43.388,42.689,41.485,41.66,41.516,42.41,42.14,41.198,41.494,41.618,41.815,41.48,41.565,42.683,42.768,41.743,41.43,41.411,41.392,41.363,40.986,41.032,41.451,42.369,41.358,42.082,40.732,40.986,40.473,41.847,41.309,41.076,40.829,40.988,40.743,41.227,40.973,41.344,41.137,40.643,41.736,41.455,41.584,41.851,42.096,42.931,41.853,42.276,42.728,42.735,41.949,41.584,41.763,41.706,42.433,44.047,43.395,41.85,42.849,43.088,42.558,42.104,41.857,43.579,45.182,44.463,44.933,43.466,44.079,44.006,43.169,42.563,42.265,42.406,42.851,43.867,43.448,285.567,42.591,41.63,221.132,39.211,56.895,40.022,40.015,40.032,98.295,40.046,40.092,40.165,39.974,39.475,39.214,43.801,39.088,39.498,39.532,39.751,40.212,39.018,38.002,39.079,38.733,38.837,37.293,37.787,38.876,39.354,39.339,42.494,42.134,43.453,40.972,41.684,41.579,43.978,42.118,42.134,40.35,42.98,41.623,42.103,42.564,42.196,42.286,42.576,40.623,40.941,39.141,38.952,41.95,40.857,31.602,34.753,34.603,32.86,27.081,40.296,34.931,39.499,43.674,42.072,40.936,42.346,41.832,42.822,41.911,40.936,36.494,41.668,44.615,43.307,45.025,42.571,49.163,45.575,44.076,43.65,42.194,42.691,46.685,50.185,53.659,48.011,44.816,44.52,44.287,41.735,41.739,40.758,39.788,39.26,38.956,39.112,38.772,39.079,44.023,44.971,41.745,41.143,43.428,44.72,41.515,46.165,41.242,40.18,43.704,43.536,43.429,42.389,68.934,69.035,54.355,62.742,54.548,28.797,32.472,0.0,41.889,30.835,30.797,39.929,43.693,50.294,41.28
P073,2.194,0.866,0.944,0.67,0.513,0.6,1.158,0.716,0.564,1.437,1.392,1.015,3.321,3.748,2.856,3.25,3.158,1.352,3.375,2.608,3.158,1.996,1.059,1.851,2.299,15.672,2.534,3.346,3.419,1.235,2.037,3.172,1.768,1.036,1.828,1.996,1.901,1.822,0.908,1.736,1.472,1.565,0.845,0.574,1.883,1.588,1.463,1.266,1.668,1.753,1.117,1.202,1.556,1.651,1.67,1.69,1.752,1.936,1.22,1.631,0.926,0.601,1.766,1.05,1.191,1.47,1.531,0.992,0.766,1.034,1.667,0.948,0.662,1.651,0.566,1.186,1.308,1.774,1.139,0.827,1.535,1.122,1.488,0.41,0.833,1.285,1.292,0.506,0.827,0.32,0.909,0.99,1.966,1.952,0.407,1.406,1.308,0.777,0.661,0.163,2.136,4.094,3.375,3.845,1.901,2.607,2.917,6.082,3.026,1.913,2.549,2.993,2.779,3.59,304.84,1.837,2.762,238.412,5.554,22.321,4.522,4.271,4.181,57.207,4.166,4.12,4.103,4.312,4.902,4.641,9.227,5.431,4.924,4.959,4.461,5.638,5.361,3.397,5.422,2.67,3.116,4.324,3.937,5.219,5.697,2.748,8.837,8.477,9.796,1.922,8.027,7.922,10.321,8.461,8.477,6.693,9.323,7.966,7.529,7.99,7.622,7.713,8.002,1.574,1.891,2.345,2.613,1.459,1.808,6.552,3.979,3.83,7.356,14.949,1.656,6.717,11.184,25.649,13.757,1.614,14.031,1.375,2.506,2.138,1.614,12.635,1.706,4.299,2.99,4.708,1.128,8.847,11.918,3.759,3.333,1.878,1.248,5.596,9.097,12.57,7.694,4.958,5.278,5.511,7.161,7.165,6.185,4.062,3.54,3.235,5.455,3.094,5.422,10.366,11.315,8.088,7.487,9.771,11.064,7.858,12.508,6.668,17.609,14.067,15.719,15.163,21.562,34.36,34.461,13.267,21.654,13.459,22.014,51.745,41.734,0.0,26.851,27.3,19.102,27.444,9.978,28.198
P074,28.502,27.307,27.252,27.348,26.822,27.04,27.599,26.794,26.872,27.745,27.434,27.788,28.947,29.492,28.482,28.994,28.902,26.978,29.119,28.352,28.902,27.622,26.923,27.477,27.925,33.703,28.16,29.09,29.163,26.861,27.663,28.916,27.394,27.902,28.694,28.862,28.767,28.688,27.522,28.602,28.338,28.431,27.71,27.44,28.457,28.454,28.329,28.132,28.109,28.194,27.983,28.068,28.422,28.517,28.536,28.556,28.621,28.244,27.66,28.497,26.906,26.658,26.276,27.093,26.731,27.096,25.84,26.281,26.821,26.765,26.956,26.851,26.527,26.94,26.644,26.613,27.351,27.062,26.427,26.061,25.844,26.289,27.468,26.398,26.61,27.265,27.272,26.303,26.061,26.489,25.899,26.97,28.025,27.931,27.15,27.386,27.921,27.391,27.404,26.776,28.115,30.96,30.241,30.711,28.767,28.615,29.783,32.391,29.892,28.779,29.415,29.859,29.645,30.456,287.007,28.703,29.628,208.15,31.18,48.864,30.702,30.451,30.36,75.096,30.346,30.3,30.283,30.492,31.444,31.183,35.77,31.057,31.467,31.502,30.641,32.181,30.987,29.971,31.048,28.764,29.211,29.95,29.563,30.845,31.323,28.842,34.463,34.103,35.422,28.23,33.653,33.548,35.947,34.087,34.103,32.319,34.95,33.592,34.072,34.533,34.165,34.255,34.545,27.882,28.199,28.44,28.708,28.325,28.116,32.296,29.724,29.574,33.1,33.703,27.282,32.005,33.932,51.275,36.505,26.903,36.779,26.026,24.346,27.426,26.903,38.379,26.995,23.042,24.305,22.143,27.107,18.005,37.544,26.171,26.054,24.993,27.227,30.869,27.854,30.459,23.761,31.824,32.144,32.377,33.704,33.708,32.727,30.157,29.634,29.33,31.081,28.72,31.048,35.992,36.941,33.714,33.112,35.397,36.69,33.484,38.134,33.211,9.576,13.1,12.932,12.825,11.785,60.903,61.004,38.272,39.542,31.348,35.567,24.922,30.951,26.808,0.0,0.171,9.325,53.07,17.42,56.778
P075,28.951,27.756,27.701,27.797,27.271,27.489,28.047,27.243,27.321,28.194,27.883,28.237,29.396,29.941,28.931,29.443,29.351,27.427,29.568,28.801,29.351,28.071,27.371,27.926,28.374,33.665,28.609,29.538,29.611,27.31,28.111,29.365,27.843,28.351,29.142,29.311,29.216,29.137,27.971,29.051,28.787,28.88,28.159,27.889,28.906,28.902,28.778,28.581,28.557,28.642,28.432,28.517,28.87,28.966,28.985,29.005,29.07,28.693,28.109,28.946,27.355,27.107,26.725,27.541,27.18,27.544,26.289,26.73,27.27,27.214,27.404,27.3,26.976,27.389,27.093,27.061,27.799,27.511,26.876,26.509,26.293,26.738,27.916,26.847,27.058,27.713,27.721,26.751,26.509,26.938,26.348,27.419,28.474,28.38,27.599,27.834,28.37,27.84,27.853,27.225,28.564,31.409,30.689,31.16,29.215,29.064,30.232,32.839,30.341,29.228,29.863,30.308,30.093,30.905,286.97,29.152,30.077,208.112,31.629,49.312,31.15,30.9,30.809,75.544,30.795,30.749,30.732,30.941,31.893,31.632,36.218,31.506,31.916,31.95,31.09,32.63,31.436,30.42,31.497,29.213,29.659,30.399,30.011,31.294,31.772,29.291,34.912,34.552,35.87,28.679,34.102,33.997,36.396,34.535,34.552,32.768,35.398,34.041,34.521,34.982,34.614,34.704,34.994,28.331,28.648,28.889,29.156,28.774,28.565,32.745,30.172,30.023,33.549,33.665,27.731,32.454,34.381,51.724,36.954,27.352,37.228,26.474,24.794,27.875,27.352,38.828,27.443,23.491,24.753,22.592,27.556,18.454,37.992,26.619,26.503,25.442,27.676,31.317,28.303,30.908,24.21,32.273,32.593,32.826,34.153,34.157,33.176,30.606,30.083,29.779,31.53,29.169,31.497,36.441,37.389,34.163,33.561,35.846,37.138,33.933,38.583,33.66,10.025,13.549,13.38,13.274,12.234,61.352,61.453,38.721,39.991,31.797,35.53,24.884,30.913,27.257,0.171,0.0,9.773,53.519,17.869,56.74
P076,20.753,19.557,19.502,19.598,19.072,19.29,19.849,19.045,19.122,19.995,19.684,20.038,21.197,21.742,20.732,21.245,21.152,19.228,21.369,20.602,21.152,19.872,19.173,19.727,20.175,33.548,20.41,21.34,21.413,19.111,19.913,21.166,19.644,20.152,20.944,21.112,21.017,20.938,19.772,20.852,20.589,20.681,19.961,19.69,20.707,20.704,20.579,20.383,20.359,20.444,20.233,20.318,20.672,20.767,20.786,20.806,20.871,20.495,19.91,20.747,19.156,18.908,18.526,19.343,18.981,19.346,18.09,18.531,19.071,19.015,19.206,19.101,18.777,19.19,18.894,18.863,19.601,19.312,18.677,18.311,18.094,18.539,19.718,18.648,18.86,19.515,19.522,18.553,18.311,18.739,18.149,19.22,20.275,20.182,19.4,19.636,20.171,19.641,19.655,19.026,20.365,23.21,22.491,22.961,21.017,20.865,22.033,24.641,22.142,21.029,21.665,22.109,21.895,22.706,296.101,20.953,21.878,217.244,23.43,41.114,22.952,22.701,22.61,67.346,22.596,22.55,22.533,22.742,23.695,23.433,28.02,23.307,23.717,23.752,22.891,24.431,23.237,22.221,23.298,21.014,21.461,22.2,21.813,23.095,23.573,21.093,26.713,26.354,27.672,20.481,25.903,25.798,28.197,26.337,26.354,24.569,27.2,25.842,26.322,26.783,26.415,26.505,26.795,20.132,20.449,20.69,20.958,20.575,20.366,24.546,21.974,21.824,25.351,32.825,19.532,24.255,26.183,43.525,28.755,19.153,29.029,18.276,16.596,19.676,19.153,30.63,19.245,15.292,16.555,14.393,19.358,10.255,29.794,18.421,18.304,17.244,19.478,23.119,20.105,22.709,16.011,24.074,24.394,24.627,25.954,25.958,24.977,22.407,21.884,21.58,23.331,20.97,23.298,28.242,29.191,25.965,25.363,27.648,28.94,25.734,30.384,25.461,1.826,5.35,5.182,5.075,3.734,53.153,53.254,30.523,31.792,23.598,39.89,34.015,40.044,19.058,9.325,9.773,0.0,45.321,9.67,46.074
P077,27.086,26.866,26.429,26.789,26.873,27.583,26.812,27.337,26.823,26.329,26.312,26.372,26.827,26.397,26.362,25.899,25.806,26.198,26.024,25.256,25.806,25.936,26.404,25.953,25.805,35.265,26.04,25.994,26.067,26.38,25.543,25.821,25.869,26.735,26.147,25.586,26.21,26.72,28.531,27.327,26.224,26.317,28.253,27.982,27.041,26.339,26.215,26.316,27.322,27.407,26.489,26.38,26.307,26.403,26.422,26.441,27.205,26.828,26.874,26.382,28.212,27.2,27.925,26.574,26.829,26.316,27.69,27.151,26.919,26.671,26.831,26.586,27.07,26.815,27.186,26.979,26.485,27.578,27.298,27.426,27.694,27.938,28.773,27.696,28.119,28.57,28.578,27.791,27.426,27.605,27.548,28.276,27.502,27.409,27.692,27.414,27.218,28.4,27.947,27.699,27.592,28.635,27.916,28.386,26.921,28.092,27.458,26.621,26.015,25.718,25.858,26.303,27.319,26.9,315.92,26.043,25.082,249.488,22.663,35.704,23.474,23.468,23.484,81.748,23.498,23.544,23.617,23.427,22.927,22.666,27.253,22.54,22.95,22.985,23.203,23.664,22.169,23.845,23.857,24.575,24.679,23.917,23.63,23.654,24.132,25.181,18.658,19.49,18.71,26.814,19.468,19.573,17.124,19.131,19.49,20.857,18.121,19.851,24.276,23.294,24.369,24.459,23.435,26.466,26.783,24.983,24.795,26.45,26.7,29.2,26.628,26.479,30.005,34.542,26.139,30.75,33.95,0.599,36.523,26.779,36.797,27.675,28.665,27.754,26.779,35.284,27.511,30.458,29.149,30.867,28.413,35.005,15.694,29.918,29.492,28.037,28.533,30.137,33.638,37.111,33.853,28.268,27.973,27.739,23.007,23.011,22.439,23.24,23.968,23.963,23.89,24.614,23.857,17.34,20.229,19.723,21.197,18.686,17.699,19.733,21.422,22.514,43.768,40.226,41.878,41.322,47.721,47.743,47.844,37.808,46.194,38.0,41.607,62.825,43.693,27.732,53.01,53.459,45.261,0.0,36.137,3.201
P078,11.629,10.433,10.379,10.474,9.948,10.166,10.725,9.921,9.998,10.871,10.56,10.914,12.073,12.619,11.608,12.121,12.028,10.104,12.245,11.478,12.028,10.749,10.049,10.604,11.051,24.424,11.286,12.216,12.289,9.987,10.789,12.043,10.52,11.028,11.82,11.988,11.894,11.814,10.648,11.729,11.465,11.557,10.837,10.566,11.583,11.58,11.455,11.259,11.235,11.32,11.109,11.194,11.548,11.643,11.662,11.682,11.748,11.371,10.787,11.623,10.032,9.784,9.402,10.219,9.857,10.222,8.966,9.407,9.947,9.892,10.082,9.977,9.653,10.066,9.77,9.739,10.477,10.189,9.554,9.187,8.97,9.415,10.594,9.524,9.736,10.391,10.398,9.429,9.187,9.615,9.025,10.096,11.151,11.058,10.276,10.512,11.047,10.517,10.531,9.902,11.242,14.086,13.367,13.837,11.893,11.742,12.909,15.517,13.019,11.905,12.541,12.985,12.771,13.582,313.592,11.829,12.754,225.339,14.306,31.99,13.828,13.577,13.487,58.222,13.472,13.426,13.409,13.618,14.571,14.309,18.896,14.183,14.593,14.628,13.767,15.307,14.113,13.098,14.174,11.89,12.337,13.076,12.689,13.971,14.45,11.969,17.59,17.23,18.548,11.357,16.779,16.674,19.073,17.213,17.23,15.445,18.076,16.718,17.198,17.659,17.291,17.381,17.671,11.008,11.325,11.566,11.834,11.451,11.242,15.422,12.85,12.7,16.227,23.701,10.408,15.132,17.059,34.401,19.631,10.029,19.905,9.152,7.472,10.553,10.029,21.506,10.121,6.168,7.431,5.269,10.234,1.131,20.67,9.297,9.18,8.12,10.354,13.995,10.981,13.585,6.887,14.95,15.27,15.504,16.83,16.834,15.853,13.283,12.761,12.456,14.208,11.846,14.174,19.118,20.067,16.841,16.239,18.524,19.816,16.61,21.26,16.337,8.178,4.636,6.287,5.731,12.131,44.029,44.13,21.399,22.668,14.474,30.766,42.11,50.486,9.934,17.42,17.869,9.67,36.197,0.0,36.95
P079,27.84,27.619,27.182,27.543,27.627,28.336,27.566,28.09,27.576,27.083,27.066,27.126,27.581,27.151,27.116,26.653,26.56,26.952,26.777,26.01,26.56,26.69,27.158,26.706,26.559,36.018,26.794,26.748,26.821,27.134,26.296,26.575,26.623,27.489,26.901,26.34,26.964,27.473,29.285,28.081,26.977,27.07,29.006,28.736,27.794,27.093,26.968,27.069,28.076,28.161,27.243,27.134,27.061,27.156,27.175,27.195,27.959,27.582,27.628,27.136,28.965,27.954,28.678,27.328,27.582,27.07,28.444,27.905,27.672,27.425,27.584,27.339,27.823,27.569,27.94,27.733,27.239,28.332,28.051,28.18,28.447,28.692,29.527,28.45,28.872,29.324,29.331,28.545,28.18,28.359,28.302,29.029,28.256,28.162,28.446,28.168,27.972,29.154,28.701,28.453,28.346,29.388,28.669,29.139,27.675,28.846,28.212,27.375,26.768,26.471,26.612,27.056,28.073,27.654,313.507,26.797,25.836,247.075,23.417,36.458,24.228,24.221,24.237,82.501,24.252,24.298,24.371,24.18,23.681,23.42,28.006,23.294,23.704,23.738,23.957,24.418,22.923,24.598,24.61,25.329,25.433,24.67,24.383,24.408,24.886,25.935,19.412,20.244,19.463,27.568,20.222,20.327,17.877,19.884,20.244,21.61,18.875,20.604,25.029,24.048,25.122,25.212,24.189,27.22,27.537,25.737,25.548,27.204,27.453,29.954,27.382,27.232,30.759,35.295,26.893,31.504,34.704,3.182,37.277,27.532,37.551,28.428,29.418,28.508,27.532,36.038,28.264,31.211,29.903,31.621,29.167,35.759,16.448,30.672,30.246,28.791,29.287,30.891,34.391,37.865,34.607,29.022,28.726,28.493,23.76,23.765,23.193,23.994,24.722,24.717,24.644,25.368,24.61,18.093,20.982,20.477,21.951,19.439,18.453,20.486,22.176,23.268,44.522,40.98,42.631,42.076,48.475,48.497,48.598,38.561,46.948,38.754,42.36,60.412,41.28,28.485,56.778,56.74,46.014,3.201,36.89,0.0
